stock_code;description_clean;categoria_final
10002;INFLATABLE POLITICAL GLOBE;Sin clasificar
10002R;ROBOT PENCIL SHARPNER;Papelería y Tarjetería
10080;GROOVY CACTUS INFLATABLE;Velas e Iluminación
10109;BENDY COLOUR PENCILS;Papelería y Tarjetería
10120;DOGGY RUBBER;Papelería y Tarjetería
10123C;HEARTS WRAPPING TAPE;Papelería y Tarjetería
10123G;ARMY CAMO WRAPPING TAPE;Papelería y Tarjetería
10124A;SPOTS ON RED BOOKCOVER TAPE;Sin clasificar
10124G;ARMY CAMO BOOKCOVER TAPE;Sin clasificar
10125;MINI FUNKY DESIGN TAPES;Papelería y Tarjetería
10133;COLOURING PENCILS BROWN TUBE;Papelería y Tarjetería
10134;COLOURING PENCILS BROWN TUBE;Papelería y Tarjetería
10135;COLOURING PENCILS BROWN TUBE;Papelería y Tarjetería
10138;ASSORTED COLOUR JUMBO PEN;Papelería y Tarjetería
11001;ASSTD DESIGN RACING CAR PEN;Papelería y Tarjetería
15030;FAN BLACK FRAME;Marcos y Fotografía
15034;PAPER POCKET TRAVELING FAN;Decoración del Hogar
15036;ASSORTED COLOURS SILK FAN;Decoración del Hogar
15039;SANDALWOOD FAN;Decoración del Hogar
15044A;PINK PAPER PARASOL;Jardín y Exterior
15044B;BLUE PAPER PARASOL;Jardín y Exterior
15044C;PURPLE PAPER PARASOL;Jardín y Exterior
15044D;RED PAPER PARASOL;Jardín y Exterior
15056BL;EDWARDIAN PARASOL BLACK;Jardín y Exterior
15056N;EDWARDIAN PARASOL NATURAL;Jardín y Exterior
15056P;EDWARDIAN PARASOL PINK;Jardín y Exterior
15058A;BLUE POLKADOT GARDEN PARASOL;Jardín y Exterior
15058B;PINK POLKADOT GARDEN PARASOL;Jardín y Exterior
15058C;ICE CREAM DESIGN GARDEN PARASOL;Jardín y Exterior
15059A;ENGLISH ROSE EDWARDIAN PARASOL;Jardín y Exterior
15060B;FAIRY CAKE DESIGN UMBRELLA;Cocina y Mesa
16008;SMALL FOLDING SCISSOR POINTED EDGE;Sin clasificar
16010;FOLDING CAMPING SCISSOR W KNIF S;Sin clasificar
16011;ANIMAL STICKERS;Papelería y Tarjetería
16012;FOOD DRINK SPONGE STICKERS;Papelería y Tarjetería
16014;SMALL CHINESE STYLE SCISSOR;Cocina y Mesa
16015;MEDIUM CHINESE STYLE SCISSOR;Sin clasificar
16016;LARGE CHINESE STYLE SCISSOR;Cocina y Mesa
16020C;CLEAR STATIONERY BOX SET;Papelería y Tarjetería
16033;MINI HIGHLIGHTER PENS;Papelería y Tarjetería
16043;POP ART PUSH DOWN RUBBER;Papelería y Tarjetería
16044;POP ART FLUORESCENT PENS;Papelería y Tarjetería
16045;POPART WOODEN PENCILS ASST;Papelería y Tarjetería
16046;TEATIME PEN CASE PENS;Papelería y Tarjetería
16047;POP ART PEN CASE PENS;Papelería y Tarjetería
16048;TEATIME ROUND PENCIL SHARPENER;Papelería y Tarjetería
16049;TEATIME GEL PENS ASST;Papelería y Tarjetería
16050;TEATIME PENCIL WITH RUBBER;Papelería y Tarjetería
16051;TEATIME PENCIL W STAMP ASST;Papelería y Tarjetería
16052;TEATIME PUSH DOWN RUBBER;Sin clasificar
16053;POPART COL BALLPOINT PEN ASST;Papelería y Tarjetería
16054;POPART RECT PENCIL SHARPENER ASST;Papelería y Tarjetería
16119;FUNKY GIRL ADDRESS BOOK;Cajas y Almacenamiento
16151A;FLOWERS HANDBAG BLUE AND ORANGE;Bolsos y Carteras
16156L;WRAP CAROUSEL;Papelería y Tarjetería
16156N;WRAP FRIENDSHIP ON GREEN;Papelería y Tarjetería
16156S;WRAP PINK FAIRY CAKES;Papelería y Tarjetería
16161C;WRAP SPEED DEMONS;Papelería y Tarjetería
16161E;WRAP BOUDOIR;Papelería y Tarjetería
16161G;WRAP BAD HAIR DAY;Papelería y Tarjetería
16161M;WRAP PINK FLOCK;Papelería y Tarjetería
16161P;WRAP ENGLISH ROSE;Papelería y Tarjetería
16161U;WRAP SUKI AND FRIENDS;Papelería y Tarjetería
16162L;THE KING GIFT BAG;Bolsos y Carteras
16162M;THE KING GIFT BAG 25X24X12CM;Bolsos y Carteras
16168M;FUNKY MONKEY GIFT BAG MEDIUM;Bolsos y Carteras
16168S;FUNKY MONKEY GIFT BAG SMALL;Bolsos y Carteras
16169A;WRAP CHRISTMAS DECOUPAGE;Navidad
16169C;WRAP BLUE REINDEER;Navidad
16169D;WRAP WINTER FOREST;Papelería y Tarjetería
16169E;WRAP 50 S CHRISTMAS;Navidad
16169F;WRAP BLIZZARD;Papelería y Tarjetería
16169G;WRAP ROMANTIC DECOUPAGE;Papelería y Tarjetería
16169K;WRAP FOLK ART;Papelería y Tarjetería
16169M;WRAP DAISY CARPET;Papelería y Tarjetería
16169N;WRAP BLUE RUSSIAN FOLKART;Papelería y Tarjetería
16169P;WRAP GREEN RUSSIAN FOLKART;Papelería y Tarjetería
16192;PINK BALLET OPENING CUBE BOX;Cajas y Almacenamiento
16201A;PASTEL PINK PHOTO ALBUM;Marcos y Fotografía
16201B;PASTEL BLUE PHOTO ALBUM;Marcos y Fotografía
16202A;PASTEL PINK PHOTO ALBUM;Marcos y Fotografía
16202B;PASTEL BLUE PHOTO ALBUM;Marcos y Fotografía
16202C;BEIGE PHOTO ALBUM;Marcos y Fotografía
16202E;BLACK PHOTO ALBUM;Marcos y Fotografía
16206B;RED PURSE WITH PINK HEART;Bolsos y Carteras
16207A;PINK STRAWBERRY HANDBAG;Bolsos y Carteras
16207B;PINK HEART RED HANDBAG;Bolsos y Carteras
16212;FUNKY GIRLZ ASST MAGNETIC MEMO PAD;Papelería y Tarjetería
16215;FUNKY GIRLZ MAGNETIC TO DO LIST;Papelería y Tarjetería
16216;LETTER SHAPE PENCIL SHARPENER;Papelería y Tarjetería
16218;CARTOON PENCIL SHARPENERS;Papelería y Tarjetería
16219;HOUSE SHAPE PENCIL SHARPENER;Papelería y Tarjetería
16225;RATTLE SNAKE EGGS;Papelería y Tarjetería
16235;RECYCLED PENCIL WITH RABBIT ERASER;Papelería y Tarjetería
16236;KITTY PENCIL ERASERS;Papelería y Tarjetería
16237;SLEEPING CAT ERASERS;Papelería y Tarjetería
16238;PARTY TIME PENCIL ERASERS;Papelería y Tarjetería
16239;BALLERINA HEART DECORATION;Decoración del Hogar
16243B;BROWN COZY SQUARE PHOTO ALBUM;Marcos y Fotografía
16244A;MAXWELL 2 TONE PINK 60 PAGE PHOTO A;Marcos y Fotografía
16244B;MAXWELL 2 TONE BLUE 60 PAGE PHOTO A;Marcos y Fotografía
16245A;PINK MINI STATIONERY SET W CASE;Papelería y Tarjetería
16248B;BLUE HOLE PUNCH;Sin clasificar
16254;TRANSPARENT ACRYLIC TAPE DISPENSER;Sin clasificar
16256B;FLOWER PENCIL RUBBER 5 MINI PENCILS;Papelería y Tarjetería
16256C;HEARTS PENCIL RUBBER 5 MINI PENCILS;Papelería y Tarjetería
16258A;SWIRLY CIRCULAR RUBBERS IN BAG;Bolsos y Carteras
16258B;DAISY ERASERS IN BAG;Bolsos y Carteras
16259;PIECE OF CAMO STATIONERY SET;Papelería y Tarjetería
17001;HEAVENS SCENT FRAGRANCE OILS ASSTD;Papelería y Tarjetería
17003;BROCADE RING PURSE;Bolsos y Carteras
17007B;S 3 POT POURI CUSHIONS BLUE COLOURS;Textiles del Hogar
17011A;ORIGAMI VANILLA INCENSE FLOWER;Velas e Iluminación
17011B;ORIGAMI JASMINE INCENSE FLOWER;Velas e Iluminación
17011C;ORIGAMI LAVENDER INCENSE FLOWER;Velas e Iluminación
17011D;ORIGAMI ROSE INCENSE FLOWER;Velas e Iluminación
17011E;ORIGAMI OPIUM SCENT INCENSE FLOWER;Velas e Iluminación
17011F;ORIGAMI SANDLEWOOD INCENSE FLOWER;Velas e Iluminación
17012A;ORIGAMI VANILLA INCENSE CANDLE SET;Velas e Iluminación
17012B;ORIGAMI JASMINE INCENSE CANDLE SET;Velas e Iluminación
17012C;ORIGAMI LAVENDER INCENSE CANDL SET;Velas e Iluminación
17012D;ORIGAMI ROSE INCENSE CANDLE SET;Velas e Iluminación
17012E;ORIGAMI OPIUM INCENSE CANDLE SET;Velas e Iluminación
17012F;ORIGAMI SANDLEWOOD INCENSE CAND SET;Velas e Iluminación
17013B;ORIGAMI JASMINE INCENSE IN TUBE;Velas e Iluminación
17013C;ORIGAMI LAVENDER INCENSE IN TUBE;Velas e Iluminación
17013D;ORIGAMI ROSE INCENSE IN TUBE;Velas e Iluminación
17013F;ORIGAMI SANDLEWOOD INCENSE IN TUBE;Velas e Iluminación
17014A;ORIGAMI VANILLA INCENSE CONES;Velas e Iluminación
17014C;ORIGAMI LAVENDER INCENSE CONES;Velas e Iluminación
17014D;ORIGAMI ROSE INCENSE CONES;Velas e Iluminación
17014E;ORIGAMI OPIUM INCENSE CONES;Velas e Iluminación
17014F;ORIGAMI SANDLEWOOD INCENSE CONES;Velas e Iluminación
17021;NAMASTE SWAGAT INCENSE;Sin clasificar
17027A;INCENSE BAZAAR CANNABIS;Velas e Iluminación
17028J;INCENSE BAZAAR PEACH;Velas e Iluminación
17033;BROCADE PURSE SMALL ARCH BUTTON;Bolsos y Carteras
17038;PORCELAIN BUDAH INCENSE HOLDER;Velas e Iluminación
17039;INLAID WOOD INCENSE HOLDER;Velas e Iluminación
17061;ASSORTED SHAPED STENCIL FOR HENNA;Papelería y Tarjetería
17084A;TRANQUILITY MASALA INCENSE;Velas e Iluminación
17084G;MOON INCENSE;Velas e Iluminación
17084J;LOVE POTION MASALA INCENSE;Velas e Iluminación
17084N;FAIRY DREAMS INCENSE;Velas e Iluminación
17084P;DRAGONS BLOOD INCENSE;Velas e Iluminación
17084R;ASSORTED INCENSE PACK;Sin clasificar
17090A;LAVENDER INCENSE 40 CONES IN TIN;Velas e Iluminación
17090D;VANILLA INCENSE 40 CONES IN TIN;Velas e Iluminación
17091A;LAVENDER INCENSE IN TIN;Velas e Iluminación
17091B;JASMINE TEA INCENSE IN TIN;Cocina y Mesa
17091F;SANDALWOOD INCENSE IN TIN;Cocina y Mesa
17091J;VANILLA INCENSE IN TIN;Velas e Iluminación
17096;ASSORTED LAQUERED INCENSE HOLDERS;Velas e Iluminación
17107D;FLOWER FAIRY 5 SUMMER B DRAW LINERS;Sin clasificar
17108D;FLOWER FAIRY SUMMER BOUQUET SACHET;Sin clasificar
17109A;FLOWER FAIRY INCENSE LILY;Velas e Iluminación
17109B;FLOWER FAIRY INCENSE LAVENDER;Velas e Iluminación
17109C;FLOWER FAIRY INCENSE ROSE;Velas e Iluminación
17109D;FLOWER FAIRY INCENSE BOUQUET;Velas e Iluminación
17129C;SKY BLUE COLOUR GLASS GEMS IN BAG;Bolsos y Carteras
17129D;CLEAR COLOUR GLASS GEMS IN BAG;Bolsos y Carteras
17129F;BLUE GLASS GEMS IN BAG;Bolsos y Carteras
17136A;BLUE STONES ON WIRE FOR CANDLE;Velas e Iluminación
17164B;ASS COL SMALL SAND GECKO P WEIGHT;Sin clasificar
17164D;ASS COL SMALL SAND FROG P WEIGHT;Sin clasificar
17165B;ASS COL LARGE SAND GECKO P WEIGHT;Sin clasificar
17165D;ASS COL LARGE SAND FROG P WEIGHT;Sin clasificar
17174;ASSTD RASTA KEY CHAINS;Joyería y Bijouterie
17178;FLAT PALM T LIGHT HOLDER;Velas e Iluminación
17181;CIRCLE OF FRIENDS CANDLE HOLDER;Velas e Iluminación
17191A;ROSE FLOWER CANDLE INCENSE 16X16CM;Velas e Iluminación
18007;ESSENTIAL BALM 3 5G TIN IN ENVELOPE;Papelería y Tarjetería
18010;ASSORTED FRAGRANCE BATH CONFETTI;Decoración del Hogar
18094C;WHITE AND BLUE CERAMIC OIL BURNER;Cocina y Mesa
18096C;WHITE ROUND PORCELAIN TLIGHT HOLDER;Velas e Iluminación
18097A;PINK TALL PORCELAIN T LIGHT HOLDER;Velas e Iluminación
18097B;BLUE TALL PORCELAIN T LIGHT HOLDER;Velas e Iluminación
18097C;WHITE TALL PORCELAIN T LIGHT HOLDER;Velas e Iluminación
18098A;PINK PORCELAIN B FLY OIL BURNER;Sin clasificar
18098B;BLUE PORCELAIN B FLY OIL BURNER;Sin clasificar
18098C;PORCELAIN BUTTERFLY OIL BURNER;Sin clasificar
20615;BLUE POLKADOT PASSPORT COVER;Sin clasificar
20616;CHERRY BLOSSOM PASSPORT COVER;Sin clasificar
20617;FIRST CLASS PASSPORT COVER;Sin clasificar
20618;QUEEN OF THE SKIES PASSPORT COVER;Sin clasificar
20619;TROPICAL PASSPORT COVER;Textiles del Hogar
20620;RED SPOTTY PASSPORT COVER;Cocina y Mesa
20621;ECONOMY PASSPORT COVER;Textiles del Hogar
20622;VIPPASSPORT COVER;Textiles del Hogar
20652;BLUE POLKADOT LUGGAGE TAG;Sin clasificar
20653;CHERRY BLOSSOM LUGGAGE TAG;Sin clasificar
20654;FIRST CLASS LUGGAGE TAG;Sin clasificar
20655;QUEEN OF SKIES LUGGAGE TAG;Sin clasificar
20657;TROPICAL LUGGAGE TAG;Sin clasificar
20658;RED SPOTTY LUGGAGE TAG;Cocina y Mesa
20659;ECONOMY LUGGAGE TAG;Sin clasificar
20660;VIP LUGGAGE TAG;Sin clasificar
20661;BLUE SPOTTY PURSE;Bolsos y Carteras
20662;FIRST CLASS HOLIDAY PURSE;Bolsos y Carteras
20663;QUEEN OF THE SKIES HOLIDAY PURSE;Bolsos y Carteras
20664;TROPICAL HOLIDAY PURSE;Bolsos y Carteras
20665;RED RETROSPOT PURSE;Bolsos y Carteras
20666;ECONOMY HOLIDAY PURSE;Bolsos y Carteras
20667;CHERRY BLOSSOM PURSE;Bolsos y Carteras
20668;DISCO BALL CHRISTMAS DECORATION;Navidad
20669;RED HEART LUGGAGE TAG;Sin clasificar
20670;VIP HOLIDAY PURSE;Bolsos y Carteras
20671;BLUE TEATIME PRINT BOWL;Cocina y Mesa
20672;PINK TEATIME PRINT BOWL;Cocina y Mesa
20673;STRAWBERRIES PRINT BOWL;Cocina y Mesa
20674;GREEN POLKADOT BOWL;Cocina y Mesa
20675;BLUE POLKADOT BOWL;Cocina y Mesa
20676;RED RETROSPOT BOWL;Cocina y Mesa
20677;PINK POLKADOT BOWL;Cocina y Mesa
20678;LARGE BLACK DIAMANTE HAIRSLIDE;Sin clasificar
20679;EDWARDIAN PARASOL RED;Jardín y Exterior
20680;PINK FLOWERS CHILDS UMBRELLA;Sin clasificar
20681;PINK SPOTTY CHILDS UMBRELLA;Cocina y Mesa
20682;RED RETROSPOT CHILDRENS UMBRELLA;Cocina y Mesa
20683;RAIN GIRL CHILDS UMBRELLA;Sin clasificar
20684;STRAWBERRY DREAM CHILDS UMBRELLA;Cocina y Mesa
20685;DOORMAT RED RETROSPOT;Textiles del Hogar
20686;DOLLY MIXTURE CHILDREN S UMBRELLA;Cocina y Mesa
20688;BEAUTY SPEED EXPRESSO CUPS;Cocina y Mesa
20689;RETRO SISTERS EXPRESSO CUPS;Cocina y Mesa
20692;FLORAL ELEPHANT SOFT TOY;Bolsos y Carteras
20693;FLORAL DINOSAUR GREEN;Sin clasificar
20694;FLORAL PINK MONSTER;Sin clasificar
20695;FLORAL BLUE MONSTER;Sin clasificar
20696;FLORAL SOFT CAR TOY;Bolsos y Carteras
20697;LITTLE GREEN MONSTER SOFT TOY;Sin clasificar
20698;LITTLE PINK MONSTER SOFT TOY;Sin clasificar
20699;MOUSEY LONG LEGS SOFT TOY;Sin clasificar
20700;GREEN CAT FLORAL CUSHION COVER;Textiles del Hogar
20701;PINK CAT FLORAL CUSHION COVER;Textiles del Hogar
20702;PINK PADDED MOBILE;Decoración del Hogar
20703;BLUE PADDED SOFT MOBILE;Decoración del Hogar
20704;MR ROBOT SOFT TOY;Sin clasificar
20705;MRS ROBOT SOFT TOY;Sin clasificar
20707;CRAZY DAISY HEART DECORATION;Decoración del Hogar
20711;JUMBO BAG TOYS;Bolsos y Carteras
20712;JUMBO BAG WOODLAND ANIMALS;Bolsos y Carteras
20713;JUMBO BAG OWLS;Bolsos y Carteras
20714;POSY SHOPPER BAG;Bolsos y Carteras
20715;LITTLE FLOWER SHOPPER BAG;Bolsos y Carteras
20716;PARTY FOOD SHOPPER BAG;Bolsos y Carteras
20717;STRAWBERRY SHOPPER BAG;Bolsos y Carteras
20718;RED RETROSPOT SHOPPER BAG;Bolsos y Carteras
20719;WOODLAND CHARLOTTE BAG;Bolsos y Carteras
20721;OWLS CHARLOTTE BAG;Bolsos y Carteras
20723;STRAWBERRY CHARLOTTE BAG;Bolsos y Carteras
20724;RED RETROSPOT CHARLOTTE BAG;Bolsos y Carteras
20725;LUNCH BAG RED RETROSPOT;Bolsos y Carteras
20726;LUNCH BAG WOODLAND;Bolsos y Carteras
20727;LUNCH BAG BLACK SKULL;Bolsos y Carteras
20728;LUNCH BAG CARS BLUE;Bolsos y Carteras
20729;RED SPOTTY CANDY BAG;Bolsos y Carteras
20730;STRAWBERRY CANDY BAG;Bolsos y Carteras
20731;POSY CANDY BAG;Bolsos y Carteras
20733;GOLD MINI TAPE MEASURE;Sin clasificar
20734;SILVER MINI TAPE MEASURE;Cocina y Mesa
20735;BLACK MINI TAPE MEASURE;Cocina y Mesa
20736;PINK MINI TAPE MEASURE;Cocina y Mesa
20737;RED MINI TAPE MEASURE;Cocina y Mesa
20738;GREEN MINI TAPE MEASURE;Sin clasificar
20739;USB OFFICE GLITTER LAMP;Sin clasificar
20747;PICCADILLY TEA SET;Cocina y Mesa
20748;KENSINGTON COFFEE SET;Cocina y Mesa
20749;ASSORTED COLOUR MINI CASES;Cocina y Mesa
20750;RED RETROSPOT MINI CASES;Cocina y Mesa
20751;FUNKY WASHING UP GLOVES ASSORTED;Sin clasificar
20752;BLUE POLKADOT WASHING UP GLOVES;Cocina y Mesa
20753;RETRO PINK SPOT WASHING UP GLOVES;Cocina y Mesa
20754;RETROSPOT RED WASHING UP GLOVES;Cocina y Mesa
20755;BLUE PAISLEY POCKET BOOK;Sin clasificar
20756;GREEN FERN POCKET BOOK;Sin clasificar
20757;RED DAISY POCKET BOOK;Cajas y Almacenamiento
20758;ABSTRACT CIRCLES POCKET BOOK;Cajas y Almacenamiento
20759;CHRYSANTHEMUM POCKET BOOK;Sin clasificar
20760;GARDEN PATH POCKET BOOK;Jardín y Exterior
20761;BLUE PAISLEY SKETCHBOOK;Sin clasificar
20762;GREEN FERN SKETCHBOOK;Sin clasificar
20763;DAISY SKETCHBOOK;Cocina y Mesa
20764;ABSTRACT CIRCLES SKETCHBOOK;Cocina y Mesa
20765;CHRYSANTHEMUM SKETCHBOOK;Sin clasificar
20766;GARDEN PATH SKETCHBOOK;Jardín y Exterior
20767;BLUE PAISLEY JOURNAL;Papelería y Tarjetería
20768;GREEN FERN JOURNAL;Papelería y Tarjetería
20769;DAISY JOURNAL;Papelería y Tarjetería
20770;ABSTRACT CIRCLE JOURNAL;Papelería y Tarjetería
20771;CHRYSANTHEMUM JOURNAL;Papelería y Tarjetería
20772;GARDEN PATH JOURNAL;Jardín y Exterior
20773;BLUE PAISLEY NOTEBOOK;Papelería y Tarjetería
20774;GREEN FERN NOTEBOOK;Papelería y Tarjetería
20775;DAISY NOTEBOOK;Papelería y Tarjetería
20776;ABSTRACT CIRCLES NOTEBOOK;Papelería y Tarjetería
20777;CHRYSANTHEMUM NOTEBOOK;Papelería y Tarjetería
20778;GARDEN PATH NOTEBOOK;Jardín y Exterior
20780;BLACK EAR MUFF HEADPHONES;Sin clasificar
20781;GOLD EAR MUFF HEADPHONES;Joyería y Bijouterie
20782;CAMOUFLAGE EAR MUFF HEADPHONES;Sin clasificar
20783;HEART EAR MUFF HEADPHONES;Decoración del Hogar
20784;RED RETRO BAR STOOL;Cocina y Mesa
20785;FUSCHIA RETRO BAR STOOL;Sin clasificar
20786;BLACK RETRO BAR STOOL;Cocina y Mesa
20787;BLUE RETRO BAR STOOL;Cocina y Mesa
20791;BLUE TILED SET OF 3 DRAWERS;Cajas y Almacenamiento
20793;BLUE TILED TRAY;Sin clasificar
20794;BLUE TILE HOOK;Cocina y Mesa
20795;LARGE BLUE PROVENCAL CERAMIC BALL;Cocina y Mesa
20796;SMALL BLUE PROVENCAL CERAMIC BALL;Cocina y Mesa
20798;CLEAR MILKSHAKE GLASS;Cocina y Mesa
20799;PINK MILKSHAKE GLASS;Cocina y Mesa
20800;LARGE GLASS SUNDAE DISH CLEAR;Cocina y Mesa
20801;LARGE PINK GLASS SUNDAE DISH;Cocina y Mesa
20802;SMALL GLASS SUNDAE DISH CLEAR;Cocina y Mesa
20803;SMALL PINK GLASS SUNDAE DISH;Cocina y Mesa
20804;GLASS CHICKEN BUTTER DISH;Sin clasificar
20812;EMBOSSED FLOWER TRELLIS PHOTO FRAME;Marcos y Fotografía
20814;SILVER FINCH DECORATION;Decoración del Hogar
20816;GOLD FLOWER CUSHION COVER;Textiles del Hogar
20818;GOLD TEDDY BEAR;Sin clasificar
20819;SILVER TEDDY BEAR;Sin clasificar
20820;SILVER LOOKING MIRROR;Espejos, Relojes y Arte de Pared
20821;GOLDIE LOOKING MIRROR;Espejos, Relojes y Arte de Pared
20822;SILVER WINE GOBLET;Sin clasificar
20823;GOLD WINE GOBLET;Sin clasificar
20825;GOLD WINE GLASS;Sin clasificar
20826;SILVER APERITIF GLASS;Cocina y Mesa
20827;GOLD APERITIF GLASS;Sin clasificar
20828;GLITTER BUTTERFLY CLIPS;Velas e Iluminación
20829;GLITTER HANGING BUTTERFLY STRING;Decoración del Hogar
20830;SILVER PHOTO FRAME;Marcos y Fotografía
20831;GOLD PHOTO FRAME;Marcos y Fotografía
20832;RED FLOCK LOVE HEART PHOTO FRAME;Marcos y Fotografía
20833;SHAKER THROW QUILTED;Textiles del Hogar
20835;FRENCH LATTICE CUSHION COVER;Textiles del Hogar
20836;FRENCH PAISLEY CUSHION COVER;Textiles del Hogar
20837;FRENCH FLORAL CUSHION COVER;Textiles del Hogar
20838;FRENCH LATTICE CUSHION COVER;Textiles del Hogar
20839;FRENCH PAISLEY CUSHION COVER;Textiles del Hogar
20840;FRENCH FLORAL CUSHION COVER;Textiles del Hogar
20845;ZINC HEART LATTICE 2 WALL PLANTER;Sin clasificar
20846;ZINC HEART LATTICE T LIGHT HOLDER;Velas e Iluminación
20847;ZINC HEART LATTICE CHARGER LARGE;Sin clasificar
20848;ZINC HEART LATTICE CHARGER SMALL;Sin clasificar
20849;ZINC HEART LATTICE DOUBLE PLANTER;Sin clasificar
20850;ZINC HEART LATTICE PLANTER BOWL;Cocina y Mesa
20851;ZINC HEART LATTICE TRAY OVAL;Sin clasificar
20854;BLUE PATCH PURSE PINK HEART;Bolsos y Carteras
20855;PINK PATCH PURSE BLUE HEART;Bolsos y Carteras
20856;DENIM PATCH PURSE PINK BUTTERFLY;Bolsos y Carteras
20857;BLUE ROSE PATCH PURSE PINK BUTTERFL;Bolsos y Carteras
20858;SILVER PURSE GOLD PINK BUTTERFLY;Bolsos y Carteras
20860;GOLD COSMETICS BAG WITH BUTTERFLY;Bolsos y Carteras
20861;GOLD COSMETIC BAG PINK STAR;Bolsos y Carteras
20862;PINK PATCH PENCIL CASE BLUE HEART;Papelería y Tarjetería
20863;BLUE PATCH PENCIL CASE PINK HEART;Papelería y Tarjetería
20864;DENIM PATCH PENCIL CASE BUTTERFLY;Papelería y Tarjetería
20865;PATCHWORK PENCIL CASE BUTTERFLY;Papelería y Tarjetería
20866;BLUE ROSE FABRIC MIRROR;Espejos, Relojes y Arte de Pared
20867;PINK ROSE FABRIC MIRROR;Espejos, Relojes y Arte de Pared
20868;SILVER FABRIC MIRROR;Espejos, Relojes y Arte de Pared
20869;GOLD FABRIC MIRROR;Espejos, Relojes y Arte de Pared
20870;OPULENT VELVET CANDLE IN BOX;Velas e Iluminación
20871;OPULENT VELVET SET 3 CANDLES;Velas e Iluminación
20877;MODERN CHRISTMAS BAUBLE CANDLE;Navidad
20878;SET 9 CHRISTMAS T LIGHTS SCENTED;Navidad
20879;TREE OF NOAH FESTIVE SCENTED CANDLE;Velas e Iluminación
20881;MODERN CHRISTMAS TREE CANDLE;Navidad
20882;MODERN CHRISTMAS TREE CANDLE;Navidad
20884;MODERN CHRISTMAS TREE CANDLE;Navidad
20885;BOX OF 3 PEBBLE CANDLES;Velas e Iluminación
20886;BOX OF 9 PEBBLE CANDLES;Velas e Iluminación
20887;BOX OF 6 PEBBLE CANDLES;Velas e Iluminación
20888;SET 3 JARDIN DE FEMME SCENT CANDLES;Velas e Iluminación
20889;JARDIN DE FEMME SCENTED CANDLE;Velas e Iluminación
20890;SMALL GLASS ROSE SCENTED CANDLE;Velas e Iluminación
20891;LARGE GLASS ROSE SCENTED CANDLE;Velas e Iluminación
20892;SET 3 TALL GLASS CANDLE HOLDER PINK;Velas e Iluminación
20893;HANGING BAUBLE T LIGHT HOLDER SMALL;Navidad
20894;HANGING BAUBLE T LIGHT HOLDER LARGE;Navidad
20895;VINTAGE NOTEBOOK FRENCH LETTER;Papelería y Tarjetería
20896;VINTAGE NOTEBOOK PINK FLOWER;Papelería y Tarjetería
20897;VINTAGE NOTEBOOK PARIS DAYS;Papelería y Tarjetería
20898;VINTAGE NOTEBOOK TRAVELOGUE;Papelería y Tarjetería
20899;VINTAGE NOTEBOOK RED ROSE;Papelería y Tarjetería
20901;VINTAGE KEEPSAKE BOX PINK FLOWER;Cajas y Almacenamiento
20902;VINTAGE KEEPSAKE BOX PARIS DAYS;Cajas y Almacenamiento
20903;VINTAGE KEEPSAKE BOX TRAVELOGUE;Cajas y Almacenamiento
20905;VINTAGE KEEPSAKE BOX BEAUTY GIRL;Cajas y Almacenamiento
20906;VINTAGE NOTEBOOK BEAUTY GIRL;Papelería y Tarjetería
20910;VINTAGE PHOTO ALBUM PARIS DAYS;Marcos y Fotografía
20913;SET 5 BLUE SPOTTY LID GLASS BOWLS;Cocina y Mesa
20914;SET 5 RED RETROSPOT LID GLASS BOWLS;Cocina y Mesa
20931;BLUE POT PLANT CANDLE;Velas e Iluminación
20932;PINK POT PLANT CANDLE;Velas e Iluminación
20933;YELLOW POT PLANT CANDLE;Velas e Iluminación
20934;SET 3 POT PLANT CANDLES;Velas e Iluminación
20935;ROUND CACTUS CANDLE;Velas e Iluminación
20936;FORKED CACTUS CANDLE;Velas e Iluminación
20939;ORANGE CANDLE;Velas e Iluminación
20940;SET 6 GARDEN GNOME T LIGHT CANDLES;Jardín y Exterior
20941;FROG CANDLE;Velas e Iluminación
20942;SET 6 GINGERBREAD TREE T LIGHTS;Velas e Iluminación
20943;SET 6 GINGERBREAD STAR T LIGHTS;Velas e Iluminación
20950;SET 6 ANGEL T LIGHTS WHITE GOLD;Velas e Iluminación
20952;PORCELAIN CHERUB BELL SMALL;Sin clasificar
20953;PORCELAIN CHERUB BELL LARGE;Sin clasificar
20954;USB OFFICE MIRROR BALL;Espejos, Relojes y Arte de Pared
20956;PORCELAIN T LIGHT HOLDERS ASSORTED;Velas e Iluminación
20957;PORCELAIN HANGING BELL SMALL;Sin clasificar
20958;PORCELAIN HANGING BELL LARGE;Sin clasificar
20960;WATERMELON BATH SPONGE;Papelería y Tarjetería
20961;STRAWBERRY BATH SPONGE;Sin clasificar
20963;APPLE BATH SPONGE;Papelería y Tarjetería
20964;POLYESTER FILLER PAD 60X40CM;Sin clasificar
20966;SANDWICH BATH SPONGE;Papelería y Tarjetería
20967;GREY FLORAL FELTCRAFT SHOULDER BAG;Bolsos y Carteras
20968;GREEN FLORAL FELTCRAFT SHOULDER BAG;Bolsos y Carteras
20969;RED FLORAL FELTCRAFT SHOULDER BAG;Bolsos y Carteras
20970;PINK FLORAL FELTCRAFT SHOULDER BAG;Bolsos y Carteras
20971;PINK BLUE FELT CRAFT TRINKET BOX;Cajas y Almacenamiento
20972;PINK CREAM FELT CRAFT TRINKET BOX;Cajas y Almacenamiento
20973;12 PENCIL SMALL TUBE WOODLAND;Papelería y Tarjetería
20974;12 PENCILS SMALL TUBE SKULL;Papelería y Tarjetería
20975;12 PENCILS SMALL TUBE RED RETROSPOT;Papelería y Tarjetería
20976;12 PENCILS SMALL TUBE POSY;Papelería y Tarjetería
20977;36 PENCILS TUBE WOODLAND;Papelería y Tarjetería
20978;36 PENCILS TUBE SKULLS;Papelería y Tarjetería
20979;36 PENCILS TUBE RED RETROSPOT;Papelería y Tarjetería
20980;36 PENCILS TUBE POSY;Papelería y Tarjetería
20981;12 PENCILS TALL TUBE WOODLAND;Papelería y Tarjetería
20982;12 PENCILS TALL TUBE SKULLS;Papelería y Tarjetería
20983;12 PENCILS TALL TUBE RED RETROSPOT;Papelería y Tarjetería
20984;12 PENCILS TALL TUBE POSY;Papelería y Tarjetería
20985;HEART CALCULATOR;Sin clasificar
20986;BLUE CALCULATOR RULER;Sin clasificar
20987;GEISHA GIRL CHOPSTICKS SET 5;Cocina y Mesa
20988;TRELLIS FLOWER CHOPSTICKS SET 5;Cocina y Mesa
20989;URBAN CHIC CHOPSTICKS SET 5;Cocina y Mesa
20990;SPRING FLOWER CHOPSTICKS SET 5;Cocina y Mesa
20991;JAZZ HEARTS MAGNETIC MEMO PAD;Sin clasificar
20992;JAZZ HEARTS PURSE NOTEBOOK;Bolsos y Carteras
20993;JAZZ HEARTS MEMO PAD;Decoración del Hogar
20994;JAZZ HEARTS SPIRAL NOTEPAD;Sin clasificar
20996;JAZZ HEARTS ADDRESS BOOK;Cajas y Almacenamiento
20997;ROSE DU SUD CUSHION COVER;Textiles del Hogar
20998;ROSE DU SUD OVEN GLOVE;Cocina y Mesa
21000;ROSE DU SUD COSMETICS BAG;Bolsos y Carteras
21001;ROSE DU SUD WASHBAG;Bolsos y Carteras
21002;ROSE DU SUD DRAWSTRING BAG;Bolsos y Carteras
21003;ROSE DU SUD CUSHION COVER;Textiles del Hogar
21004;ROSE DU SUD CHILDS APRON;Cocina y Mesa
21007;ETCHED GLASS DROPLET DECORATION;Decoración del Hogar
21008;ETCHED GLASS HEART TREE DECORATION;Decoración del Hogar
21009;ETCHED GLASS STAR TREE DECORATION;Decoración del Hogar
21010;ETCHED GLASS BIRD TREE DECORATION;Decoración del Hogar
21011;GLITTER SNOW PEAR TREE DECORATION;Decoración del Hogar
21012;ANTIQUE ALL GLASS CANDLESTICK;Velas e Iluminación
21014;SWISS CHALET TREE DECORATION;Decoración del Hogar
21015;DARK BIRD HOUSE TREE DECORATION;Decoración del Hogar
21016;LIGHT BIRD HOUSE TREE DECORATION;Velas e Iluminación
21017;RED BIRD HOUSE TREE DECORATION;Decoración del Hogar
21018;BIRD BOX CHRISTMAS TREE DECORATION;Navidad
21025;SPACE FROG;Sin clasificar
21026;SPACE OWL;Sin clasificar
21027;NINJA RABBIT PINK;Sin clasificar
21028;NINJA RABBIT BLACK;Cocina y Mesa
21030;SPACE CADET RED;Sin clasificar
21031;SPACE CADET BLACK;Cocina y Mesa
21032;SPACE CADET WHITE;Cocina y Mesa
21033;JUMBO BAG CHARLIE AND LOLA TOYS;Bolsos y Carteras
21034;REX CASH CARRY JUMBO SHOPPER;Bolsos y Carteras
21035;SET 2 RED RETROSPOT TEA TOWELS;Cocina y Mesa
21036;SET 2 TEA TOWELS MODERN VINTAGE;Cocina y Mesa
21038;SET 4 MODERN VINTAGE COTTON NAPKINS;Cocina y Mesa
21039;RED SPOTTY SHOPPING BAG;Bolsos y Carteras
21040;MODERN VINTAGE COTTON SHOPPING BAG;Bolsos y Carteras
21041;RED RETROSPOT OVEN GLOVE DOUBLE;Sin clasificar
21042;RED SPOTTY APRON;Cocina y Mesa
21043;APRON MODERN VINTAGE COTTON;Cocina y Mesa
21051;RIBBONS PURSE;Bolsos y Carteras
21054;NURSE S BAG SOFT TOY;Bolsos y Carteras
21055;TOOL BOX SOFT TOY;Cajas y Almacenamiento
21056;DOCTOR S BAG SOFT TOY;Bolsos y Carteras
21058;PARTY INVITES WOODLAND;Pascua y Fiestas
21059;PARTY INVITES DINOSAURS;Pascua y Fiestas
21060;PARTY INVITES BALLOON GIRL;Pascua y Fiestas
21061;PARTY INVITES FOOTBALL;Pascua y Fiestas
21062;PARTY INVITES SPACEMAN;Pascua y Fiestas
21063;PARTY INVITES JAZZ HEARTS;Pascua y Fiestas
21064;BOOM BOX SPEAKER BOYS;Cajas y Almacenamiento
21065;BOOM BOX SPEAKER GIRLS;Cajas y Almacenamiento
21066;VINTAGE RED MUG;Cocina y Mesa
21067;VINTAGE RED TEATIME MUG;Cocina y Mesa
21068;VINTAGE BILLBOARD LOVE HATE MUG;Cocina y Mesa
21069;VINTAGE BILLBOARD TEA MUG;Cocina y Mesa
21070;VINTAGE BILLBOARD MUG;Cocina y Mesa
21071;VINTAGE BILLBOARD DRINK ME MUG;Cocina y Mesa
21076;SET 20 COLLAGE PAPER NAPKIN;Cocina y Mesa
21077;SET 20 WOODLAND PAPER NAPKINS;Cocina y Mesa
21078;SET 20 STRAWBERRY PAPER NAPKINS;Cocina y Mesa
21080;SET 20 RED RETROSPOT PAPER NAPKINS;Cocina y Mesa
21081;SET 20 POSIES PAPER NAPKINS;Cocina y Mesa
21082;SET 20 FRUIT SALAD PAPER NAPKINS;Cocina y Mesa
21084;SET 6 COLLAGE PAPER CUPS;Cocina y Mesa
21085;SET 6 WOODLAND PAPER CUPS;Cocina y Mesa
21086;SET 6 RED SPOTTY PAPER CUPS;Cocina y Mesa
21087;SET 6 POSIES PAPER CUPS;Cocina y Mesa
21088;SET 6 FRUIT SALAD PAPER CUPS;Cocina y Mesa
21089;SET 6 GREEN SPRING PAPER CUPS;Cocina y Mesa
21090;SET 6 COLLAGE PAPER PLATES;Cocina y Mesa
21091;SET 6 WOODLAND PAPER PLATES;Cocina y Mesa
21092;SET 6 STRAWBERRY PAPER PLATES;Cocina y Mesa
21094;SET 6 RED SPOTTY PAPER PLATES;Cocina y Mesa
21095;SET 6 POSIES PAPER PLATES;Cocina y Mesa
21096;SET 6 FRUIT SALAD PAPER PLATES;Cocina y Mesa
21097;SET 6 GREEN SPRING PAPER PLATE;Cocina y Mesa
21098;CHRISTMAS TOILET ROLL;Navidad
21099;SET 6 STRAWBERRY PAPER CUPS;Cocina y Mesa
21100;CHARLIE AND LOLA CHARLOTTE BAG;Bolsos y Carteras
21102;CANDLE IN JAR COLLAGE VANILLA;Velas e Iluminación
21106;CREAM SLICE FLANNEL CHOCOLATE SPOT;Sin clasificar
21107;CREAM SLICE FLANNEL PINK SPOT;Cocina y Mesa
21108;FAIRY CAKE FLANNEL ASSORTED COLOUR;Decoración del Hogar
21109;LARGE CAKE TOWEL CHOCOLATE SPOTS;Cocina y Mesa
21110;LARGE CAKE TOWEL PINK SPOTS;Cocina y Mesa
21111;SWISS ROLL TOWEL CHOCOLATE SPOTS;Cocina y Mesa
21112;SWISS ROLL TOWEL PINK SPOTS;Cocina y Mesa
21114;LAVENDER SCENTED FABRIC HEART;Velas e Iluminación
21115;ROSE CARAVAN DOORSTOP;Sin clasificar
21116;OWL DOORSTOP;Textiles del Hogar
21117;BLOND DOLL DOORSTOP;Papelería y Tarjetería
21118;SHOPPING BAG DOORSTOP;Bolsos y Carteras
21119;GLOW IN THE DARK SHOT GLASSES;Sin clasificar
21120;BOOMBOX IPOD CLASSIC;Jardín y Exterior
21121;SET 10 RED POLKADOT PARTY CANDLES;Velas e Iluminación
21122;SET 10 PINK POLKADOT PARTY CANDLES;Velas e Iluminación
21123;SET 10 IVORY POLKADOT PARTY CANDLES;Velas e Iluminación
21124;SET 10 BLUE SPOTTY PARTY CANDLES;Velas e Iluminación
21125;SET 6 FOOTBALL CELEBRATION CANDLES;Velas e Iluminación
21126;SET OF 6 GIRLS CELEBRATION CANDLES;Velas e Iluminación
21127;COLOURFUL FISHING GNOME;Cocina y Mesa
21128;GOLD FISHING GNOME;Sin clasificar
21129;SILVER FISHING GNOME;Cocina y Mesa
21130;COLOURFUL STANDING GNOME;Cocina y Mesa
21131;GOLD STANDING GNOME;Sin clasificar
21132;SILVER STANDING GNOME;Cocina y Mesa
21133;PAINTED BIRD ASSORTED CHRISTMAS;Navidad
21134;VICTORIAN METAL POSTCARD CHRISTMAS;Navidad
21135;VICTORIAN METAL POSTCARD SPRING;Sin clasificar
21136;PAINTED METAL PEARS ASSORTED;Sin clasificar
21137;BLACK RECORD COVER FRAME;Marcos y Fotografía
21143;ANTIQUE GLASS HEART DECORATION;Decoración del Hogar
21144;PINK POODLE HANGING DECORATION;Decoración del Hogar
21145;ANTIQUE GLASS PLACE SETTING;Sin clasificar
21146;ANTIQUE GLASS RIDGED HANGING BALL;Sin clasificar
21147;JINGLE BELLS TREE DECORATION;Decoración del Hogar
21153;RED SPOTTY TABLECLOTH;Cocina y Mesa
21154;RED RETROSPOT OVEN GLOVE;Sin clasificar
21155;RED RETROSPOT PEG BAG;Bolsos y Carteras
21156;RETROSPOT CHILDRENS APRON;Cocina y Mesa
21157;RED SPOTTY WASHBAG;Bolsos y Carteras
21158;MOODY GIRL DOOR HANGER;Sin clasificar
21159;MOODY BOY DOOR HANGER;Sin clasificar
21160;KEEP OUT GIRLS DOOR HANGER;Sin clasificar
21161;KEEP OUT BOYS DOOR HANGER;Sin clasificar
21162;TOXIC AREA DOOR HANGER;Sin clasificar
21163;DO NOT TOUCH MY STUFF DOOR HANGER;Textiles del Hogar
21164;HOME SWEET HOME METAL SIGN;Carteles y Señalética
21165;BEWARE OF THE CAT METAL SIGN;Carteles y Señalética
21166;COOK WITH WINE METAL SIGN;Carteles y Señalética
21167;WHITE SAGE INCENSE;Sin clasificar
21169;YOU RE CONFUSING ME METAL SIGN;Carteles y Señalética
21171;BATHROOM METAL SIGN;Carteles y Señalética
21172;PARTY METAL SIGN;Carteles y Señalética
21173;LOO ROLL METAL SIGN;Carteles y Señalética
21174;POTTERING IN THE SHED METAL SIGN;Carteles y Señalética
21175;GIN TONIC DIET METAL SIGN;Carteles y Señalética
21179;NO JUNK MAIL METAL SIGN;Carteles y Señalética
21181;PLEASE ONE PERSON METAL SIGN;Carteles y Señalética
21185;HOME SWEET HOME BLACKBOARD;Decoración del Hogar
21186;WHITE DOVE HONEYCOMB PAPER GARLAND;Decoración del Hogar
21187;WHITE BELL HONEYCOMB PAPER GARLAND;Decoración del Hogar
21188;3D HEARTS HONEYCOMB PAPER GARLAND;Decoración del Hogar
21189;WHITE HONEYCOMB PAPER GARLAND;Decoración del Hogar
21190;PINK HEARTS PAPER GARLAND;Decoración del Hogar
21191;LARGE WHITE HONEYCOMB PAPER BELL;Decoración del Hogar
21192;WHITE BELL HONEYCOMB PAPER;Decoración del Hogar
21193;WHITE HONEYCOMB PAPER FAN;Decoración del Hogar
21194;PINK HONEYCOMB PAPER FAN;Decoración del Hogar
21195;PINK HONEYCOMB PAPER BALL;Decoración del Hogar
21196;ROUND WHITE CONFETTI IN TUBE;Papelería y Tarjetería
21197;MULTICOLOUR CONFETTI IN TUBE;Sin clasificar
21198;WHITE HEART CONFETTI IN TUBE;Papelería y Tarjetería
21199;PINK HEART CONFETTI IN TUBE;Papelería y Tarjetería
21200;MULTICOLOUR HONEYCOMB PAPER GARLAND;Decoración del Hogar
21201;TROPICAL HONEYCOMB PAPER GARLAND;Decoración del Hogar
21202;DOLLY HONEYCOMB GARLAND;Decoración del Hogar
21203;BUTTERFLIES HONEYCOMB GARLAND;Decoración del Hogar
21204;DAISIES HONEYCOMB GARLAND;Decoración del Hogar
21205;MULTICOLOUR 3D BALLS GARLAND;Decoración del Hogar
21206;STRAWBERRY HONEYCOMB GARLAND;Decoración del Hogar
21207;SKULL AND CROSSBONES GARLAND;Decoración del Hogar
21208;PASTEL COLOUR HONEYCOMB FAN;Decoración del Hogar
21209;MULTICOLOUR HONEYCOMB FAN;Decoración del Hogar
21210;SET OF 72 RETROSPOT PAPER DOILIES;Papelería y Tarjetería
21211;SET OF 72 SKULL PAPER DOILIES;Papelería y Tarjetería
21212;PACK OF 72 RETROSPOT CAKE CASES;Cocina y Mesa
21213;PACK OF 72 SKULL CAKE CASES;Cocina y Mesa
21214;SET OF 72 IVORY PAPER DOILIES;Papelería y Tarjetería
21215;IVORY PAPER CUP CAKE CASES;Cocina y Mesa
21216;SET 3 RETROSPOT TEA COFFEE SUGAR;Cocina y Mesa
21217;RED RETROSPOT ROUND CAKE TINS;Cocina y Mesa
21218;RED SPOTTY BISCUIT TIN;Cocina y Mesa
21219;SET 4 BADGES BALLOON GIRL;Pascua y Fiestas
21220;SET 4 BADGES DOGS;Sin clasificar
21221;SET 4 BADGES CUTE CREATURES;Cocina y Mesa
21222;SET 4 BADGES BEETLES;Cocina y Mesa
21223;SET 4 BADGES WOODLAND ANIMAL;Sin clasificar
21224;SET 4 SKULL BADGES;Sin clasificar
21225;POCKET MIRROR BUTTERFLY;Espejos, Relojes y Arte de Pared
21226;POCKET MIRROR WOODLAND;Espejos, Relojes y Arte de Pared
21228;POCKET MIRROR GLAMOROUS;Espejos, Relojes y Arte de Pared
21231;SWEETHEART CERAMIC TRINKET BOX;Cajas y Almacenamiento
21232;STRAWBERRY CERAMIC TRINKET BOX;Cajas y Almacenamiento
21238;RED RETROSPOT CUP;Cocina y Mesa
21239;PINK POLKADOT CUP;Cocina y Mesa
21240;BLUE POLKADOT CUP;Cocina y Mesa
21241;GREEN SPOTTY CUP;Cocina y Mesa
21242;RED RETROSPOT PLATE;Cocina y Mesa
21243;PINK POLKADOT PLATE;Cocina y Mesa
21244;BLUE POLKADOT PLATE;Cocina y Mesa
21245;GREEN POLKADOT PLATE;Cocina y Mesa
21246;RED RETROSPOT BIG BOWL;Cocina y Mesa
21247;SET OF RED SALAD SERVERS;Cocina y Mesa
21248;DOOR HANGER MUM DADS ROOM;Sin clasificar
21249;WOODLAND HEIGHT CHART STICKERS;Papelería y Tarjetería
21250;SET OF SKULL WALL STICKERS;Papelería y Tarjetería
21251;DINOSAUR HEIGHT CHART STICKER SET;Papelería y Tarjetería
21252;SET OF MEADOW FLOWER STICKERS;Papelería y Tarjetería
21253;SET OF PICTURE FRAME STICKERS;Marcos y Fotografía
21255;FRENCH BOTTLE LAVENDER;Sin clasificar
21256;FRENCH BOTTLE BRASSERIE DES ARTIST;Sin clasificar
21257;VICTORIAN SEWING BOX MEDIUM;Cajas y Almacenamiento
21258;VICTORIAN SEWING BOX LARGE;Cajas y Almacenamiento
21259;VICTORIAN SEWING BOX SMALL;Cajas y Almacenamiento
21260;FIRST AID TIN;Cocina y Mesa
21261;GREEN GOOSE FEATHER CHRISTMAS TREE;Navidad
21262;WHITE GOOSE FEATHER CHRISTMAS TREE;Navidad
21263;GREEN GOOSE FEATHER TREE 60CM;Sin clasificar
21264;WHITE GOOSE FEATHER TREE 60CM;Sin clasificar
21265;PINK GOOSE FEATHER TREE 60CM;Papelería y Tarjetería
21266;VINTAGE SILVER TINSEL REEL;Papelería y Tarjetería
21267;VINTAGE PINK TINSEL REEL;Papelería y Tarjetería
21268;VINTAGE BLUE TINSEL REEL;Papelería y Tarjetería
21269;ANTIQUE CREAM CUTLERY SHELF;Cocina y Mesa
21270;ANTIQUE CREAM CUTLERY CUPBOARD;Cocina y Mesa
21272;SALLE DE BAIN HOOK;Sin clasificar
21274;EMBOSSED HEART 3 DRAWER SHELF;Cajas y Almacenamiento
21275;ZINC TOP 2 DOOR WOODEN SHELF;Sin clasificar
21276;TWO EMBOSSED HEART MINI DRAWERS;Cajas y Almacenamiento
21277;FRENCH STYLE EMBOSSED HEART CABINET;Cajas y Almacenamiento
21278;VINTAGE KITCHEN PRINT PUDDINGS;Cocina y Mesa
21279;VINTAGE KITCHEN PRINT FRUITS;Cocina y Mesa
21280;VINTAGE KITCHEN PRINT VEGETABLES;Cocina y Mesa
21281;VINTAGE KITCHEN PRINT SEAFOOD;Sin clasificar
21282;NATURAL BARK CANDLE LARGE;Velas e Iluminación
21283;NATURAL BARK CANDLE SMALL;Velas e Iluminación
21284;RETROSPOT CANDLE SMALL;Velas e Iluminación
21285;RETROSPOT CANDLE MEDIUM;Velas e Iluminación
21286;RETROSPOT CANDLE LARGE;Velas e Iluminación
21287;SCENTED VELVET LOUNGE CANDLE;Velas e Iluminación
21288;STRIPEY CHOCOLATE NESTING BOXES;Cajas y Almacenamiento
21289;LARGE STRIPES CHOCOLATE GIFT BAG;Bolsos y Carteras
21290;LARGE SPOTTY CHOCOLATE GIFT BAG;Bolsos y Carteras
21291;SMALL SPOTTY CHOCOLATE GIFT BAG;Bolsos y Carteras
21292;SMALL STRIPES CHOCOLATE GIFT BAG;Bolsos y Carteras
21293;MIRRORED DOVE WALL DECORATION;Espejos, Relojes y Arte de Pared
21294;ETCHED GLASS COASTER;Cocina y Mesa
21298;EDWARDIAN 2 DRAWER WALL CABINET;Cajas y Almacenamiento
21299;EDWARDIAN TOILET ROLL UNIT;Sin clasificar
21300;ANTIQUE EDWARDIAN DRESSER;Sin clasificar
21303;FILIGREE WALL MIRROR ANTIQUE WHITE;Espejos, Relojes y Arte de Pared
21304;ARCHED GREY MIRROR;Espejos, Relojes y Arte de Pared
21306;SET 4 DAISY MIRROR MAGNETS;Espejos, Relojes y Arte de Pared
21307;SET 4 BUTTERFLY MIRROR MAGNETS;Espejos, Relojes y Arte de Pared
21308;LOUVRE VANITY MIRROR;Espejos, Relojes y Arte de Pared
21309;LOUVRE CHALKBOARD;Decoración del Hogar
21310;CAPIZ CHANDELIER;Velas e Iluminación
21311;SET 4 BIRD MIRROR MAGNETS;Espejos, Relojes y Arte de Pared
21312;LARGE CHUNKY GLASS ROMAN BOWL;Cocina y Mesa
21313;GLASS HEART T LIGHT HOLDER;Velas e Iluminación
21314;SMALL GLASS HEART TRINKET POT;Cajas y Almacenamiento
21316;SMALL CHUNKY GLASS ROMAN BOWL;Cocina y Mesa
21317;GLASS SPHERE CANDLE STAND MEDIUM;Velas e Iluminación
21318;GLASS CHALICE BLUE SMALL;Cocina y Mesa
21319;GLASS CHALICE GREEN SMALL;Sin clasificar
21320;GLASS CHALICE GREEN LARGE;Sin clasificar
21321;GLASS CHALICE BLUE LARGE;Cocina y Mesa
21322;GLASS SPHERE CANDLE STAND LARGE;Velas e Iluminación
21323;HANGING MEDINA LANTERN LARGE;Velas e Iluminación
21324;HANGING MEDINA LANTERN SMALL;Velas e Iluminación
21326;AGED GLASS SILVER T LIGHT HOLDER;Velas e Iluminación
21327;SKULLS WRITING SET;Papelería y Tarjetería
21328;BALLOONS WRITING SET;Pascua y Fiestas
21329;DINOSAURS WRITING SET;Sin clasificar
21330;WOODLAND ANIMAL WRITING SET;Sin clasificar
21331;MOROCCAN BEATEN METAL DISH LARGE;Cocina y Mesa
21332;MOROCCAN BEATEN METAL MIRROR;Espejos, Relojes y Arte de Pared
21333;CLASSIC WHITE FRAME;Marcos y Fotografía
21335;LIBRARY LAMP;Sin clasificar
21336;GOLD WASHBAG;Bolsos y Carteras
21337;SILVER WASHBAG;Bolsos y Carteras
21338;MARAKESH LANTERN SMALL;Velas e Iluminación
21339;MARAKESH LANTERN LARGE;Velas e Iluminación
21340;CLASSIC METAL BIRDCAGE PLANT HOLDER;Jardín y Exterior
21341;KASBAH LANTERN WITH GLASS;Velas e Iluminación
21343;GOLD JEWELERY BOX;Joyería y Bijouterie
21344;MOROCCAN BEATEN METAL DISH;Cocina y Mesa
21347;GOTHIC CARRIAGE LANTERN;Velas e Iluminación
21348;PINK SPOTS CHOCOLATE NESTING BOXES;Cajas y Almacenamiento
21349;IVY HEART WREATH;Decoración del Hogar
21350;GINGHAM HEART WREATH;Decoración del Hogar
21351;CINAMMON ORANGE WREATH;Decoración del Hogar
21352;EUCALYPTUS PINECONE WREATH;Decoración del Hogar
21353;SILVER SLEIGHBELL WREATH;Decoración del Hogar
21354;TOAST ITS BEST MUM;Sin clasificar
21355;TOAST ITS I LOVE YOU;Cocina y Mesa
21356;TOAST ITS FAIRY FLOWER;Sin clasificar
21357;TOAST ITS DINOSAUR;Sin clasificar
21358;TOAST ITS HAPPY BIRTHDAY;Pascua y Fiestas
21359;RELAX LARGE WOOD LETTERS;Sin clasificar
21360;JOY LARGE WOOD LETTERS;Sin clasificar
21361;LOVE LARGE WOOD LETTERS;Sin clasificar
21363;HOME SMALL WOOD LETTERS;Sin clasificar
21364;PEACE SMALL WOOD LETTERS;Sin clasificar
21365;MIRRORED WALL ART STARS;Espejos, Relojes y Arte de Pared
21366;MIRRORED WALL ART PHOTO FRAMES;Marcos y Fotografía
21367;MIRRORED WALL ART GENTS;Espejos, Relojes y Arte de Pared
21368;MIRRORED WALL ART LADIES;Espejos, Relojes y Arte de Pared
21369;MIRRORED WALL ART SPLODGES;Espejos, Relojes y Arte de Pared
21370;MIRRORED WALL ART FOXY;Espejos, Relojes y Arte de Pared
21371;MIRRORED WALL ART POPPIES;Espejos, Relojes y Arte de Pared
21372;MIRRORED WALL ART TABLE LAMP;Espejos, Relojes y Arte de Pared
21373;MIRRORED WALL ART SNOWFLAKES;Espejos, Relojes y Arte de Pared
21374;MIRRORED WALL ART SKULLS;Espejos, Relojes y Arte de Pared
21375;LARGE CAMPHOR WOOD FIELD MUSHROOM;Sin clasificar
21376;LARGE TALL CAMPHOR WOOD TOADSTOOL;Sin clasificar
21377;SMALL CAMPHOR WOOD FIELD MUSHROOM;Sin clasificar
21378;SMALL TALL CAMPHOR WOOD TOADSTOOL;Sin clasificar
21379;CAMPHOR WOOD PORTOBELLO MUSHROOM;Sin clasificar
21380;WOODEN HAPPY BIRTHDAY GARLAND;Pascua y Fiestas
21381;MINI WOODEN HAPPY BIRTHDAY GARLAND;Pascua y Fiestas
21382;SET 4 SPRING FLOWER DECORATION;Decoración del Hogar
21383;PACK OF 12 STICKY BUNNIES;Pascua y Fiestas
21384;IVORY HANGING DECORATION BUTTERFLY;Decoración del Hogar
21385;IVORY HANGING DECORATION HEART;Decoración del Hogar
21386;IVORY HANGING DECORATION EGG;Decoración del Hogar
21387;IVORY HANGING DECORATION RABBIT;Decoración del Hogar
21388;IVORY HANGING DECORATION CHICKEN;Decoración del Hogar
21389;IVORY HANGING DECORATION BIRD;Decoración del Hogar
21390;FILIGRIS HEART WITH BUTTERFLY;Sin clasificar
21391;FRENCH LAVENDER SCENT HEART;Velas e Iluminación
21392;RED SPOTTY PUDDING BOWL;Cocina y Mesa
21393;BLUE SPOTTY PUDDING BOWL;Cocina y Mesa
21394;RED POLKADOT BEAKER;Sin clasificar
21395;BLUE POLKADOT BEAKER;Sin clasificar
21396;RED SPOTTY EGG CUP;Cocina y Mesa
21397;BLUE SPOTTY EGG CUP;Cocina y Mesa
21398;RED POLKADOT COFFEE MUG;Cocina y Mesa
21399;BLUE POLKADOT COFFEE MUG;Cocina y Mesa
21400;RED PUDDING SPOON;Cocina y Mesa
21401;BLUE PUDDING SPOON;Cocina y Mesa
21402;RED EGG SPOON;Cocina y Mesa
21403;BLUE EGG SPOON;Cocina y Mesa
21406;SPOTTY CAT DOORSTOP;Sin clasificar
21407;BROWN CHECK CAT DOORSTOP;Textiles del Hogar
21408;SPOTTY PINK DUCK DOORSTOP;Sin clasificar
21409;SPOTTY COCKEREL DOORSTOP;Sin clasificar
21410;COUNTRY COTTAGE DOORSTOP GREEN;Textiles del Hogar
21411;GINGHAM HEART DOORSTOP RED;Decoración del Hogar
21412;VINTAGE GOLD TINSEL REEL;Papelería y Tarjetería
21413;PERIWINKLE T LIGHT HOLDER;Velas e Iluminación
21414;SCALLOP SHELL SOAP DISH;Sin clasificar
21415;CLAM SHELL SMALL;Cocina y Mesa
21416;CLAM SHELL LARGE;Sin clasificar
21417;COCKLE SHELL DISH;Sin clasificar
21418;STARFISH SOAP DISH;Sin clasificar
21419;CONCH SHELL;Sin clasificar
21420;OYSTER TRINKET BOX;Cajas y Almacenamiento
21421;PORCELAIN ROSE LARGE;Velas e Iluminación
21422;PORCELAIN ROSE SMALL;Velas e Iluminación
21424;WOODLAND STORAGE BOX LARGE;Cajas y Almacenamiento
21425;SKULLS STORAGE BOX LARGE;Cajas y Almacenamiento
21426;WOODLAND STORAGE BOX SMALL;Cajas y Almacenamiento
21427;SKULLS STORAGE BOX SMALL;Cajas y Almacenamiento
21428;SET3 BOOK BOX GREEN GINGHAM FLOWER;Cajas y Almacenamiento
21429;RED GINGHAM ROSE JEWELLERY BOX;Joyería y Bijouterie
21430;SET 3 RED GINGHAM ROSE STORAGE BOX;Cajas y Almacenamiento
21431;GREEN GINGHAM FLOWER JEWELLERY BOX;Joyería y Bijouterie
21432;SET OF 3 CASES WOODLAND DESIGN;Cocina y Mesa
21437;24 HANGING EASTER EGGS FLORAL TUB;Pascua y Fiestas
21438;TUB 24 HANGING EASTER EGGS SPOTTY;Pascua y Fiestas
21439;BASKET OF TOADSTOOLS;Sin clasificar
21440;12 MINI TOADSTOOL PEGS;Sin clasificar
21441;BLUE BIRDHOUSE DECORATION;Jardín y Exterior
21442;GREEN BIRDHOUSE DECORATION;Jardín y Exterior
21443;OLIVE CHALET BIRDFEEDER;Joyería y Bijouterie
21444;BLUE CHALET BIRDFEEDER;Sin clasificar
21445;12 PINK ROSE PEG PLACE SETTINGS;Sin clasificar
21446;12 RED ROSE PEG PLACE SETTINGS;Sin clasificar
21447;12 IVORY ROSE PEG PLACE SETTINGS;Sin clasificar
21448;12 DAISY PEGS IN WOOD BOX;Cajas y Almacenamiento
21450;DISTRESSED CANDLE STICK WHITE;Velas e Iluminación
21452;TOADSTOOL MONEY BOX;Cajas y Almacenamiento
21454;PAINTED PINK RABBIT;Sin clasificar
21455;PAINTED YELLOW WOODEN DAISY;Sin clasificar
21456;2 PICTURE BOOK EGGS EASTER CHICKS;Pascua y Fiestas
21457;2 PICTURE BOOK EGGS EASTER DUCKS;Pascua y Fiestas
21458;2 PICTURE BOOK EGGS EASTER BUNNY;Pascua y Fiestas
21459;YELLOW EASTER EGG HUNT START POST;Pascua y Fiestas
21460;GREEN EASTER EGG HUNT START POST;Pascua y Fiestas
21461;BLUE EASTER EGG HUNT START POST;Pascua y Fiestas
21462;NURSERY A B C PAINTED LETTERS;Sin clasificar
21463;MIRRORED DISCO BALL;Espejos, Relojes y Arte de Pared
21464;DISCO BALL ROTATOR BATTERY OPERATED;Sin clasificar
21465;PINK FLOWER CROCHET FOOD COVER;Sin clasificar
21466;RED FLOWER CROCHET FOOD COVER;Sin clasificar
21467;CHERRY CROCHET FOOD COVER;Sin clasificar
21468;BUTTERFLY CROCHET FOOD COVER;Papelería y Tarjetería
21469;POLKA DOT RAFFIA FOOD COVER;Papelería y Tarjetería
21470;FLOWER VINE RAFFIA FOOD COVER;Sin clasificar
21471;STRAWBERRY RAFFIA FOOD COVER;Sin clasificar
21472;LADYBIRD BEE RAFFIA FOOD COVER;Sin clasificar
21473;SWEETHEART CREAM STEEL TABLE RECT;Cocina y Mesa
21474;SWEETHEART CREAM STEEL FOLDIN BENCH;Sin clasificar
21475;SWEETHEART CREAM STEEL FOLDIN CHAIR;Cocina y Mesa
21476;STEEL SWEETHEART ROUND TABLE CREAM;Sin clasificar
21477;STRING OF 20 ROSE LIGHTS;Velas e Iluminación
21478;SILVER SKULL HOT WATER BOTTLE;Botellas de Agua Caliente y Confort
21479;WHITE SKULL HOT WATER BOTTLE;Botellas de Agua Caliente y Confort
21480;PINK STRIPE HOT WATER BOTTLE;Botellas de Agua Caliente y Confort
21481;FAWN BLUE HOT WATER BOTTLE;Botellas de Agua Caliente y Confort
21482;MUSHROOM BLUE HOT WATER BOTTLE;Botellas de Agua Caliente y Confort
21484;CHICK GREY HOT WATER BOTTLE;Botellas de Agua Caliente y Confort
21485;RETROSPOT HEART HOT WATER BOTTLE;Botellas de Agua Caliente y Confort
21486;PINK HEART DOTS HOT WATER BOTTLE;Botellas de Agua Caliente y Confort
21488;RED WHITE SCARF HOT WATER BOTTLE;Botellas de Agua Caliente y Confort
21489;BLUE WHITE SCARF HOT WATER BOTTLE;Botellas de Agua Caliente y Confort
21490;SET OF THREE 50 S GIFT WRAPS;Papelería y Tarjetería
21491;SET OF THREE VINTAGE GIFT WRAPS;Papelería y Tarjetería
21493;VINTAGE DESIGN GIFT TAGS;Papelería y Tarjetería
21494;ROTATING LEAVES T LIGHT HOLDER;Velas e Iluminación
21495;SKULLS AND CROSSBONES WRAP;Papelería y Tarjetería
21496;WOODLAND CREATURES WRAP;Papelería y Tarjetería
21497;FANCY FONTS BIRTHDAY WRAP;Pascua y Fiestas
21498;RED RETROSPOT WRAP;Papelería y Tarjetería
21499;BLUE POLKADOT WRAP;Papelería y Tarjetería
21500;PINK POLKADOT WRAP;Papelería y Tarjetería
21503;TOYBOX WRAP;Papelería y Tarjetería
21504;SKULLS GREETING CARD;Papelería y Tarjetería
21506;FANCY FONT BIRTHDAY CARD;Pascua y Fiestas
21507;ELEPHANT BIRTHDAY CARD;Pascua y Fiestas
21508;VINTAGE KID DOLLY CARD;Papelería y Tarjetería
21509;COWBOYS AND INDIANS BIRTHDAY CARD;Pascua y Fiestas
21511;VINTAGE COLLAGE GREETING CARD;Papelería y Tarjetería
21518;BANK ACCOUNT GREETING CARD;Papelería y Tarjetería
21519;GIN TONIC DIET GREETING CARD;Papelería y Tarjetería
21520;BOOZE WOMEN GREETING CARD;Papelería y Tarjetería
21523;DOORMAT FANCY FONT HOME SWEET HOME;Textiles del Hogar
21524;DOORMAT SPOTTY HOME SWEET HOME;Textiles del Hogar
21525;BEWARE OF THE CAT DOORMAT;Textiles del Hogar
21527;RED RETROSPOT TRADITIONAL TEAPOT;Cocina y Mesa
21528;DAIRY MAID TRADITIONAL TEAPOT;Cocina y Mesa
21529;RETRO SPOT CERAMIC TOASTRACK;Cocina y Mesa
21530;DAIRY MAID TOASTRACK;Cocina y Mesa
21531;RED RETROSPOT SUGAR JAM BOWL;Cocina y Mesa
21532;DAIRY MAID SUGAR JAM BOWL;Cocina y Mesa
21533;RETRO SPOT LARGE MILK JUG;Cocina y Mesa
21534;DAIRY MAID LARGE MILK JUG;Cocina y Mesa
21535;RED RETROSPOT SMALL MILK JUG;Cocina y Mesa
21536;DAIRY MAID SMALL MILK JUG;Cocina y Mesa
21537;RED RETROSPOT PUDDING BOWL;Cocina y Mesa
21538;DAIRY MAID PUDDING BOWL;Cocina y Mesa
21539;RED RETROSPOT BUTTER DISH;Sin clasificar
21540;DAIRY MAID CERAMIC BUTTER DISH;Cocina y Mesa
21541;DINOSAURS WATER TRANSFER TATTOOS;Botellas de Agua Caliente y Confort
21542;WOODLAND WATER TRANSFER TATTOOS;Botellas de Agua Caliente y Confort
21543;BUTTERFLY WATER TRANSFER TATTOOS;Botellas de Agua Caliente y Confort
21544;SKULLS WATER TRANSFER TATTOOS;Botellas de Agua Caliente y Confort
21545;CERAMIC BIRDHOUSE BUTTERFLY SMALL;Jardín y Exterior
21547;CERAMIC BIRDHOUSE CRESTED TIT SMALL;Jardín y Exterior
21548;CERAMIC BIRDHOUSE FINCH BLUE ROOF;Jardín y Exterior
21549;CERAMIC BIRDHOUSE RED ROOF SMALL;Jardín y Exterior
21550;CERAMIC BIRDHOUSE CRESTED TIT LARGE;Jardín y Exterior
21551;CERAMIC BIRDHOUSE BUTTERFLY LARGE;Jardín y Exterior
21552;CERAMIC BIRDHOUSE BLACK ROSE LARGE;Jardín y Exterior
21553;CERAMIC BIRDHOUSE FINCH BLUE LARGE;Jardín y Exterior
21554;CERAMIC BIRDHOUSE RED ROOF LARGE;Jardín y Exterior
21555;CERAMIC STRAWBERRY TRINKET TRAY;Cajas y Almacenamiento
21556;CERAMIC STRAWBERRY MONEY BOX;Cajas y Almacenamiento
21557;SET OF 6 FUNKY BEAKERS;Papelería y Tarjetería
21558;SKULL LUNCH BOX WITH CUTLERY;Cajas y Almacenamiento
21559;STRAWBERRY LUNCH BOX WITH CUTLERY;Cajas y Almacenamiento
21560;TOADSTOOL LUNCHBOX WITH CUTLERY;Cocina y Mesa
21561;DINOSAUR LUNCH BOX WITH CUTLERY;Cajas y Almacenamiento
21562;HAWAIIAN GRASS SKIRT;Cocina y Mesa
21563;RED HEART SHAPE LOVE BUCKET;Cocina y Mesa
21564;PINK HEART SHAPE LOVE BUCKET;Cocina y Mesa
21576;LETS GO SHOPPING COTTON TOTE BAG;Bolsos y Carteras
21577;SAVE THE PLANET COTTON TOTE BAG;Bolsos y Carteras
21578;WOODLAND DESIGN COTTON TOTE BAG;Bolsos y Carteras
21579;LOLITA DESIGN COTTON TOTE BAG;Bolsos y Carteras
21580;RABBIT DESIGN COTTON TOTE BAG;Bolsos y Carteras
21581;SKULLS DESIGN COTTON TOTE BAG;Bolsos y Carteras
21582;KINGS CHOICE SMALL TUBE MATCHES;Sin clasificar
21584;RETROSPOT SMALL TUBE MATCHES;Papelería y Tarjetería
21585;SWALLOW SMALL TUBE MATCHES;Papelería y Tarjetería
21586;KINGS CHOICE GIANT TUBE MATCHES;Sin clasificar
21587;COSY HOUR GIANT TUBE MATCHES;Papelería y Tarjetería
21588;RETROSPOT GIANT TUBE MATCHES;Papelería y Tarjetería
21589;SWALLOW GIANT TUBE MATCHES;Sin clasificar
21590;KINGS CHOICE CIGAR BOX MATCHES;Cajas y Almacenamiento
21591;COSY HOUR CIGAR BOX MATCHES;Cajas y Almacenamiento
21592;RETROSPOT CIGAR BOX MATCHES;Cajas y Almacenamiento
21593;SWALLOW CIGAR BOX MATCHES;Cajas y Almacenamiento
21594;DR JAM S AROUZER STRESS BALL;Cocina y Mesa
21595;DAD S CAB ELECTRONIC METER;Cocina y Mesa
21596;HYPOCHONDRIAC PILL STRESS BALL;Cocina y Mesa
21609;SET 12 LAVENDER BOTANICAL T LIGHTS;Velas e Iluminación
21610;SET 12 PEAR BOTANICAL T LIGHTS;Velas e Iluminación
21611;SET OF 12 LILY BOTANICAL T LIGHTS;Velas e Iluminación
21612;SET 12 WILDFLOWER BOTANICAL T LIGHT;Velas e Iluminación
21613;S 12 VANILLA BOTANICAL T LIGHTS;Velas e Iluminación
21614;SET OF 12 ROSE BOTANICAL T LIGHTS;Velas e Iluminación
21615;4 LAVENDER BOTANICAL DINNER CANDLES;Velas e Iluminación
21616;4 PEAR BOTANICAL DINNER CANDLES;Velas e Iluminación
21617;4 LILY BOTANICAL DINNER CANDLES;Velas e Iluminación
21618;4 WILDFLOWER BOTANICAL CANDLES;Velas e Iluminación
21619;4 VANILLA BOTANICAL CANDLES;Velas e Iluminación
21620;SET OF 4 ROSE BOTANICAL CANDLES;Velas e Iluminación
21621;VINTAGE UNION JACK BUNTING;Pascua y Fiestas
21622;VINTAGE UNION JACK CUSHION COVER;Textiles del Hogar
21623;VINTAGE UNION JACK MEMOBOARD;Decoración del Hogar
21624;VINTAGE UNION JACK DOORSTOP;Sin clasificar
21625;VINTAGE UNION JACK APRON;Cocina y Mesa
21626;VINTAGE UNION JACK PENNANT;Sin clasificar
21627;ELEPHANT CARNIVAL POUFFE;Sin clasificar
21628;TRIANGULAR POUFFE VINTAGE;Sin clasificar
21629;SQUARE FLOOR CUSHION VINTAGE RED;Textiles del Hogar
21630;FLOOR CUSHION ELEPHANT CARNIVAL;Textiles del Hogar
21631;HIPPY CHIC DECORATIVE PARASOL;Jardín y Exterior
21632;VINTAGE PINK DECORATIVE PARASOL;Jardín y Exterior
21633;SUNFLOWER DECORATIVE PARASOL;Jardín y Exterior
21634;ASSORTED MINI MADRAS NOTEBOOK;Papelería y Tarjetería
21635;MADRAS NOTEBOOK LARGE;Papelería y Tarjetería
21636;MADRAS NOTEBOOK MEDIUM;Papelería y Tarjetería
21637;ASSORTED SANSKRIT MINI NOTEBOOK;Papelería y Tarjetería
21638;ASSORTED TUTTI FRUTTI NOTEBOOK;Papelería y Tarjetería
21639;ASSORTED TUTTI FRUTTI KEYRING;Joyería y Bijouterie
21640;ASSORTED TUTTI FRUTTI FOB NOTEBOOK;Papelería y Tarjetería
21641;ASSORTED TUTTI FRUTTI KEYRING BALL;Joyería y Bijouterie
21642;ASSORTED TUTTI FRUTTI PEN;Papelería y Tarjetería
21643;ASSORTED TUTTI FRUTTI MIRROR;Espejos, Relojes y Arte de Pared
21644;ASSORTED TUTTI FRUTTI HEART BOX;Sin clasificar
21645;ASSORTED TUTTI FRUTTI ROUND BOX;Cajas y Almacenamiento
21647;ASSORTED TUTTI FRUTTI LARGE PURSE;Bolsos y Carteras
21648;ASSORTED TUTTI FRUTTI SMALL PURSE;Bolsos y Carteras
21649;ASSORTED TUTTI FRUTTI PHOTO FRAME;Marcos y Fotografía
21650;ASSORTED TUTTI FRUTTI BRACELET;Joyería y Bijouterie
21651;HANGING GLASS ETCHED TEALIGHT;Velas e Iluminación
21652;GLASS ETCHED T LIGHT HOLDER MEDIUM;Velas e Iluminación
21653;GLASS ETCHED T LIGHT HOLDER LARGE;Velas e Iluminación
21654;RIDGED GLASS FINGER BOWL;Cocina y Mesa
21655;HANGING RIDGE GLASS T LIGHT HOLDER;Velas e Iluminación
21656;RIDGED GLASS POSY VASE;Sin clasificar
21657;MILK BOTTLE WITH GLASS STOPPER;Sin clasificar
21658;GLASS BEURRE DISH;Sin clasificar
21659;GLASS CAKE STAND;Cocina y Mesa
21661;VINTAGE GLASS TEA CADDY;Cocina y Mesa
21662;VINTAGE GLASS COFFEE CADDY;Cocina y Mesa
21663;VINTAGE GLASS SUGAR CADDY;Cocina y Mesa
21664;RIDGED GLASS STORAGE JAR CREAM LID;Cajas y Almacenamiento
21665;TRIANGULAR RIDGED GLASS POSY HOLDER;Sin clasificar
21666;RIDGED GLASS T LIGHT HOLDER;Velas e Iluminación
21667;GLASS CAKE COVER AND PLATE;Cocina y Mesa
21668;RED STRIPE CERAMIC DRAWER KNOB;Cajas y Almacenamiento
21669;BLUE STRIPE CERAMIC DRAWER KNOB;Cajas y Almacenamiento
21670;BLUE SPOT CERAMIC DRAWER KNOB;Cajas y Almacenamiento
21671;RED SPOT CERAMIC DRAWER KNOB;Cajas y Almacenamiento
21672;WHITE SPOT RED CERAMIC DRAWER KNOB;Cajas y Almacenamiento
21673;WHITE SPOT BLUE CERAMIC DRAWER KNOB;Cajas y Almacenamiento
21674;RIDGED GLASS PENDANT LAMPSHADE;Joyería y Bijouterie
21675;BUTTERFLIES STICKERS;Papelería y Tarjetería
21676;FLOWERS STICKERS;Papelería y Tarjetería
21677;HEARTS STICKERS;Papelería y Tarjetería
21678;PAISLEY PATTERN STICKERS;Papelería y Tarjetería
21679;SKULLS STICKERS;Papelería y Tarjetería
21680;WOODLAND STICKERS;Papelería y Tarjetería
21681;GIANT MEDINA STAMPED METAL BOWL;Cocina y Mesa
21682;LARGE MEDINA STAMPED METAL BOWL;Cocina y Mesa
21683;MEDIUM MEDINA STAMPED METAL BOWL;Cocina y Mesa
21684;SMALL MEDINA STAMPED METAL BOWL;Cocina y Mesa
21685;MEDINA STAMPED METAL TRAY;Cocina y Mesa
21686;MEDINA STAMPED METAL STOOL;Cocina y Mesa
21687;SILVER PLATE CANDLE BOWL LARGE;Cocina y Mesa
21688;SILVER PLATE CANDLE BOWL SMALL;Cocina y Mesa
21689;SILVER VANILLA FLOWER CANDLE POT;Velas e Iluminación
21690;SILVER CANDLEPOT JARDIN;Velas e Iluminación
21691;SILVER VANILLA FLOWER CANDLE POT;Velas e Iluminación
21692;SILVER LATTICE VANILLA CANDLE POT;Velas e Iluminación
21693;SMALL HAMMERED SILVER CANDLEPOT;Velas e Iluminación
21694;SMALL REGAL SILVER CANDLEPOT;Velas e Iluminación
21695;SMALL SILVER FLOWER CANDLE POT;Velas e Iluminación
21696;SMALL SILVER TRELLIS CANDLEPOT;Velas e Iluminación
21697;SET 5 MINI DOUGHNUT FRIDGE MAGNET;Papelería y Tarjetería
21698;MOCK LOBSTER FRIDGE MAGNET;Espejos, Relojes y Arte de Pared
21699;SET 5 MINI CHOCOLATE FRIDGE MAGNETS;Papelería y Tarjetería
21700;BIG DOUGHNUT FRIDGE MAGNETS;Sin clasificar
21702;SET 5 MINI GATEAUX FRIDGE MAGNETS;Sin clasificar
21703;BAG 125G SWIRLY MARBLES;Bolsos y Carteras
21704;BAG 250G SWIRLY MARBLES;Bolsos y Carteras
21705;BAG 500G SWIRLY MARBLES;Bolsos y Carteras
21706;FOLDING UMBRELLA RED WHITE POLKADOT;Sin clasificar
21707;FOLDING UMBRELLA BLACKBLUE POLKADOT;Sin clasificar
21708;FOLDING UMBRELLA CREAM POLKADOT;Cocina y Mesa
21709;FOLDING UMBRELLA CHOCOLATE POLKADOT;Sin clasificar
21710;FOLDING UMBRELLA PINKWHITE POLKADOT;Cocina y Mesa
21711;FOLDING UMBRELLA WHITE RED POLKADOT;Sin clasificar
21713;CITRONELLA CANDLE FLOWERPOT;Velas e Iluminación
21714;CITRONELLA CANDLE GARDEN POT;Jardín y Exterior
21715;GIRLS VINTAGE TIN SEASIDE BUCKET;Cocina y Mesa
21716;BOYS VINTAGE TIN SEASIDE BUCKET;Cocina y Mesa
21717;EASTER TIN BUCKET;Pascua y Fiestas
21718;RED METAL BEACH SPADE;Sin clasificar
21719;LOVELY BONBON STICKER SHEET;Papelería y Tarjetería
21720;CAKE SHOP STICKER SHEET;Papelería y Tarjetería
21721;CANDY SHOP STICKER SHEET;Papelería y Tarjetería
21722;SWEET PUDDING STICKER SHEET;Papelería y Tarjetería
21723;ALPHABET HEARTS STICKER SHEET;Papelería y Tarjetería
21724;PANDA AND BUNNIES STICKER SHEET;Pascua y Fiestas
21725;SWEETIES STICKERS;Papelería y Tarjetería
21726;MULTI HEARTS STICKERS;Papelería y Tarjetería
21728;METAL MEDINA LANTERN;Velas e Iluminación
21729;SMALL MARAKESH METAL LANTERN;Velas e Iluminación
21730;GLASS STAR FROSTED T LIGHT HOLDER;Velas e Iluminación
21731;RED TOADSTOOL LED NIGHT LIGHT;Velas e Iluminación
21732;RED HANGING METAL STAR TLIGHT HLDR;Velas e Iluminación
21733;RED HANGING HEART T LIGHT HOLDER;Velas e Iluminación
21734;SMALL MARAKESH LANTERN ON STICK;Velas e Iluminación
21735;TWO DOOR CURIO CABINET;Cajas y Almacenamiento
21736;GOLD SCROLL GLASS T LIGHT HOLDER;Velas e Iluminación
21737;SET 3 WICKER LOG BASKETS;Decoración del Hogar
21738;COSY SLIPPER SHOES SMALL RED;Sin clasificar
21739;COSY SLIPPER SHOES SMALL GREEN;Sin clasificar
21740;COSY SLIPPER SHOES LARGE RED;Sin clasificar
21741;COSY SLIPPER SHOES LARGE GREEN;Sin clasificar
21742;LARGE ROUND WICKER PLATTER;Decoración del Hogar
21743;STAR PORTABLE TABLE LIGHT;Velas e Iluminación
21744;SNOWFLAKE PORTABLE TABLE LIGHT;Velas e Iluminación
21745;GAOLERS KEYS DECORATIVE GARDEN;Jardín y Exterior
21746;SMALL RED RETROSPOT WINDMILL;Cocina y Mesa
21747;SMALL SKULL WINDMILL;Sin clasificar
21749;LARGE RED RETROSPOT WINDMILL;Sin clasificar
21750;LARGE SKULL WINDMILL;Sin clasificar
21752;GLASS CAKE STAND MIRRORED BASE;Espejos, Relojes y Arte de Pared
21754;HOME BUILDING BLOCK WORD;Decoración del Hogar
21755;LOVE BUILDING BLOCK WORD;Decoración del Hogar
21756;BATH BUILDING BLOCK WORD;Decoración del Hogar
21757;LIGHTHOUSE PRINTED METAL SIGN;Carteles y Señalética
21758;VINTAGE SHELLS PRINT;Sin clasificar
21759;METAL WALL SHELF UNIT WITH HOOKS;Sin clasificar
21760;FRENCH STYLE WALL DRESSER;Espejos, Relojes y Arte de Pared
21761;WOOD AND GLASS MEDICINE CABINET;Cajas y Almacenamiento
21763;VINTAGE WOODEN BAR STOOL;Papelería y Tarjetería
21764;VINTAGE WOODEN PLATE RACK;Cocina y Mesa
21765;HANGING METAL BIRD BATH;Decoración del Hogar
21767;FRENCH STYLE WIRE DOOR CABINET;Cajas y Almacenamiento
21768;WALL MOUNTED VINTAGE ORGANISER;Sin clasificar
21769;VINTAGE POST OFFICE CABINET;Cajas y Almacenamiento
21770;OPEN CLOSED METAL SIGN;Carteles y Señalética
21772;VINTAGE METAL CAKE STAND CREAM;Cocina y Mesa
21773;DECORATIVE ROSE BATHROOM BOTTLE;Sin clasificar
21774;DECORATIVE CATS BATHROOM BOTTLE;Sin clasificar
21775;DECORATIVE FLORE BATHROOM BOTTLE;Sin clasificar
21777;RECIPE BOX WITH METAL HEART;Cajas y Almacenamiento
21779;MA CAMPAGNE MINI WOODEN CHEST;Cajas y Almacenamiento
21780;MA CAMPAGNE 4 DRAWER WALL SHELF;Sin clasificar
21781;MA CAMPAGNE CUTLERY BOX;Cocina y Mesa
21784;SHOE SHINE BOX;Cajas y Almacenamiento
21785;RAIN PONCHO;Sin clasificar
21786;POLKADOT RAIN HAT;Cocina y Mesa
21787;RAIN PONCHO RETROSPOT;Sin clasificar
21788;KIDS RAIN MAC BLUE;Bolsos y Carteras
21789;KIDS RAIN MAC PINK;Bolsos y Carteras
21790;VINTAGE SNAP CARDS;Papelería y Tarjetería
21791;VINTAGE HEADS AND TAILS CARD GAME;Papelería y Tarjetería
21792;CLASSIC FRENCH STYLE BASKET GREEN;Sin clasificar
21793;CLASSIC FRENCH STYLE BASKET BROWN;Sin clasificar
21794;CLASSIC FRENCH STYLE BASKET NATURAL;Sin clasificar
21795;SET OF 3 BLUE STRIPE BASKET;Sin clasificar
21796;SET OF 3 RED STRIPE BASKETS;Sin clasificar
21801;CHRISTMAS TREE DECORATION WITH BELL;Navidad
21802;CHRISTMAS TREE HEART DECORATION;Navidad
21803;CHRISTMAS TREE STAR DECORATION;Navidad
21804;WHITE CHRISTMAS GARLAND STARS TREES;Navidad
21805;WHITE CHRISTMAS TREE DECORATION;Navidad
21806;WHITE CHRISTMAS HEART DECORATION;Navidad
21807;WHITE CHRISTMAS STAR DECORATION;Navidad
21808;CHRISTMAS GARLAND STARS TREES;Navidad
21809;CHRISTMAS HANGING TREE WITH BELL;Navidad
21810;CHRISTMAS HANGING STAR WITH BELL;Navidad
21811;HANGING HEART WITH BELL;Decoración del Hogar
21812;GARLAND WITH HEARTS AND BELLS;Decoración del Hogar
21813;GARLAND WITH STARS AND BELLS;Decoración del Hogar
21814;HEART T LIGHT HOLDER;Velas e Iluminación
21815;STAR T LIGHT HOLDER;Velas e Iluminación
21816;CHRISTMAS TREE T LIGHT HOLDER;Navidad
21817;GLITTER CHRISTMAS TREE;Navidad
21818;GLITTER CHRISTMAS HEART;Navidad
21819;GLITTER CHRISTMAS STAR;Navidad
21820;GLITTER HEART GARLAND WITH BELLS;Decoración del Hogar
21821;GLITTER STAR GARLAND WITH BELLS;Decoración del Hogar
21822;GLITTER CHRISTMAS TREE WITH BELLS;Navidad
21823;PAINTED METAL HEART WITH HOLLY BELL;Navidad
21824;PAINTED METAL STAR WITH HOLLY BELLS;Navidad
21825;PAINTED METAL TREE WITH HOLLY BELLS;Navidad
21826;EIGHT PIECE DINOSAUR SET;Sin clasificar
21827;EIGHT PIECE CREEPY CRAWLIE SET;Sin clasificar
21828;EIGHT PIECE SNAKE SET;Cocina y Mesa
21829;DINOSAUR KEYRINGS ASSORTED;Joyería y Bijouterie
21830;ASSORTED CREEPY CRAWLIES;Sin clasificar
21832;CHOCOLATE CALCULATOR;Sin clasificar
21833;CAMOUFLAGE LED TORCH;Sin clasificar
21836;GINGHAM OVEN GLOVE RED HEART;Sin clasificar
21837;CROSS STITCH ALPHABET CUSHION COVER;Textiles del Hogar
21838;DADDY MOUSE RED GINGHAM BOW TIE;Sin clasificar
21839;MUMMY MOUSE RED GINGHAM RIBBON;Papelería y Tarjetería
21841;BABY MOUSE RED GINGHAM DRESS;Sin clasificar
21842;PINK HEART CANDY BUTTON CALCULATOR;Sin clasificar
21843;RED RETROSPOT CAKE STAND;Cocina y Mesa
21844;RED RETROSPOT MUG;Cocina y Mesa
21845;DAIRY MAID STRIPE MUG;Cocina y Mesa
21846;PINK DIAMANTE PEN IN GIFT BOX;Cajas y Almacenamiento
21847;GREEN DIAMANTE PEN IN GIFT BOX;Cajas y Almacenamiento
21849;SILVER DIAMANTE PEN IN GIFT BOX;Cajas y Almacenamiento
21850;BLUE DIAMANTE PEN IN GIFT BOX;Cajas y Almacenamiento
21851;LILAC DIAMANTE PEN IN GIFT BOX;Cajas y Almacenamiento
21852;EMPIRE TEDDY;Papelería y Tarjetería
21853;GUMBALL CUSTOM CARS TOP TRUMPS GAME;Sin clasificar
21854;EURO FOOTBALL STARS TOP TRUMPS GAME;Sin clasificar
21857;STAR WARS TOP TRUMPS GAME;Sin clasificar
21858;HIGH SCHOOL MUSICAL 3 TOP TRUMPS;Papelería y Tarjetería
21860;DR WHO TOP TRUMPS GAME;Sin clasificar
21864;UNION JACK FLAG PASSPORT COVER;Textiles del Hogar
21865;PINK UNION JACK PASSPORT COVER;Textiles del Hogar
21866;UNION JACK FLAG LUGGAGE TAG;Sin clasificar
21867;PINK UNION JACK LUGGAGE TAG;Sin clasificar
21868;POTTING SHED TEA MUG;Cocina y Mesa
21869;POTTING SHED COFFEE MUG;Cocina y Mesa
21870;I CAN ONLY PLEASE ONE PERSON MUG;Cocina y Mesa
21871;SAVE THE PLANET MUG;Cocina y Mesa
21872;GLAMOROUS MUG;Cocina y Mesa
21873;IF YOU CAN T STAND THE HEAT MUG;Cocina y Mesa
21874;GIN AND TONIC MUG;Cocina y Mesa
21875;KINGS CHOICE MUG;Cocina y Mesa
21876;POTTERING MUG;Cocina y Mesa
21877;HOME SWEET HOME MUG;Cocina y Mesa
21878;PACK OF 6 SANDCASTLE FLAGS ASSORTED;Cocina y Mesa
21879;HEARTS GIFT TAPE;Cajas y Almacenamiento
21880;RED RETROSPOT TAPE;Sin clasificar
21881;CUTE CATS TAPE;Cocina y Mesa
21882;SKULLS TAPE;Papelería y Tarjetería
21883;STARS GIFT TAPE;Sin clasificar
21884;CAKES AND BOWS GIFT TAPE;Cajas y Almacenamiento
21888;BINGO SET;Cocina y Mesa
21889;WOODEN BOX OF DOMINOES;Sin clasificar
21890;S 6 WOODEN SKITTLES IN COTTON BAG;Bolsos y Carteras
21891;TRADITIONAL WOODEN SKIPPING ROPE;Cocina y Mesa
21892;TRADITIONAL WOODEN CATCH CUP GAME;Cocina y Mesa
21893;POTTING SHED SEED TIN;Sin clasificar
21894;POTTING SHED SEED ENVELOPES;Papelería y Tarjetería
21895;POTTING SHED SOW N GROW SET;Sin clasificar
21896;POTTING SHED TWINE;Sin clasificar
21897;POTTING SHED CANDLE CITRONELLA;Velas e Iluminación
21898;POTTING SHED ROSE CANDLE;Velas e Iluminación
21899;KEY FOB GARAGE DESIGN;Sin clasificar
21900;KEY FOB SHED;Joyería y Bijouterie
21901;KEY FOB BACK DOOR;Sin clasificar
21902;KEY FOB FRONT DOOR;Sin clasificar
21903;MAN FLU METAL SIGN;Carteles y Señalética
21904;HOUSE WRECKING METAL SIGN;Carteles y Señalética
21905;MORE BUTTER METAL SIGN;Carteles y Señalética
21906;PHARMACIE FIRST AID TIN;Cocina y Mesa
21907;I M ON HOLIDAY METAL SIGN;Carteles y Señalética
21908;CHOCOLATE THIS WAY METAL SIGN;Carteles y Señalética
21910;WAY OUT METAL SIGN;Carteles y Señalética
21911;GARDEN METAL SIGN;Carteles y Señalética
21912;VINTAGE SNAKES LADDERS;Sin clasificar
21913;VINTAGE SEASIDE JIGSAW PUZZLES;Sin clasificar
21914;BLUE HARMONICA IN BOX;Cajas y Almacenamiento
21915;RED HARMONICA IN BOX;Sin clasificar
21916;SET 12 RETRO WHITE CHALK STICKS;Sin clasificar
21917;SET 12 KIDS WHITE CHALK STICKS;Papelería y Tarjetería
21918;SET 12 KIDS COLOUR CHALK STICKS;Papelería y Tarjetería
21919;ELECTRONIC TALKING BREATH A LOSER;Cocina y Mesa
21922;UNION STRIPE WITH FRINGE HAMMOCK;Textiles del Hogar
21923;RED CREAM STRIPE FRINGE HAMMOCK;Sin clasificar
21924;BLUE CREAM STRIPE FRINGE HAMMOCK;Sin clasificar
21925;UNION STRIPE CUSHION COVER;Textiles del Hogar
21926;RED CREAM STRIPE CUSHION COVER;Textiles del Hogar
21927;BLUE CREAM STRIPE CUSHION COVER;Textiles del Hogar
21928;JUMBO BAG SCANDINAVIAN PAISLEY;Bolsos y Carteras
21929;JUMBO BAG PINK VINTAGE PAISLEY;Bolsos y Carteras
21930;JUMBO STORAGE BAG SKULLS;Bolsos y Carteras
21931;JUMBO STORAGE BAG SUKI;Bolsos y Carteras
21932;SCANDINAVIAN PAISLEY PICNIC BAG;Bolsos y Carteras
21933;PINK VINTAGE PAISLEY PICNIC BAG;Bolsos y Carteras
21934;SKULL SHOULDER BAG;Bolsos y Carteras
21935;SUKI SHOULDER BAG;Bolsos y Carteras
21936;RED RETROSPOT PICNIC BAG;Bolsos y Carteras
21937;STRAWBERRY PICNIC BAG;Bolsos y Carteras
21942;SKULLS DESIGN FLANNEL;Sin clasificar
21943;CAKES AND RABBITS DESIGN FLANNEL;Cocina y Mesa
21944;KITTENS DESIGN FLANNEL;Sin clasificar
21945;STRAWBERRIES DESIGN FLANNEL;Sin clasificar
21946;PARTY TIME DESIGN FLANNEL;Pascua y Fiestas
21947;SET OF 6 HEART CHOPSTICKS;Cocina y Mesa
21948;SET OF 6 CAKE CHOPSTICKS;Cocina y Mesa
21949;SET OF 6 STRAWBERRY CHOPSTICKS;Cocina y Mesa
21950;SET OF 6 DOTS CHOPSTICKS;Cocina y Mesa
21955;DOORMAT UNION JACK GUNS AND ROSES;Textiles del Hogar
21967;PACK OF 12 SKULL TISSUES;Papelería y Tarjetería
21972;SET OF 36 DINOSAUR PAPER DOILIES;Papelería y Tarjetería
21973;SET OF 36 MUSHROOM PAPER DOILIES;Papelería y Tarjetería
21974;SET OF 36 PAISLEY FLOWER DOILIES;Papelería y Tarjetería
21975;PACK OF 60 DINOSAUR CAKE CASES;Cocina y Mesa
21976;PACK OF 60 MUSHROOM CAKE CASES;Cocina y Mesa
21977;PACK OF 60 PINK PAISLEY CAKE CASES;Cocina y Mesa
21980;PACK OF 12 RED RETROSPOT TISSUES;Papelería y Tarjetería
21981;PACK OF 12 WOODLAND TISSUES;Papelería y Tarjetería
21982;PACK OF 12 SUKI TISSUES;Papelería y Tarjetería
21983;PACK OF 12 BLUE PAISLEY TISSUES;Papelería y Tarjetería
21984;PACK OF 12 PINK PAISLEY TISSUES;Papelería y Tarjetería
21985;PACK OF 12 HEARTS DESIGN TISSUES;Sin clasificar
21986;PACK OF 12 PINK POLKADOT TISSUES;Sin clasificar
21987;PACK OF 6 SKULL PAPER CUPS;Cocina y Mesa
21988;PACK OF 6 SKULL PAPER PLATES;Cocina y Mesa
21989;PACK OF 20 SKULL PAPER NAPKINS;Cocina y Mesa
21990;MODERN FLORAL STATIONERY SET;Papelería y Tarjetería
21991;BOHEMIAN COLLAGE STATIONERY SET;Papelería y Tarjetería
21992;VINTAGE PAISLEY STATIONERY SET;Papelería y Tarjetería
21993;FLORAL FOLK STATIONERY SET;Papelería y Tarjetería
22016;DOTCOMGIFTSHOP GIFT VOUCHER 100 00;Sin clasificar
22021;BLUE FELT EASTER EGG BASKET;Pascua y Fiestas
22023;EMPIRE BIRTHDAY CARD;Pascua y Fiestas
22024;RAINY LADIES BIRTHDAY CARD;Pascua y Fiestas
22025;RING OF ROSES BIRTHDAY CARD;Pascua y Fiestas
22026;BANQUET BIRTHDAY CARD;Pascua y Fiestas
22027;TEA PARTY BIRTHDAY CARD;Pascua y Fiestas
22028;PENNY FARTHING BIRTHDAY CARD;Pascua y Fiestas
22029;SPACEBOY BIRTHDAY CARD;Pascua y Fiestas
22030;SWALLOWS GREETING CARD;Papelería y Tarjetería
22031;BOTANICAL LAVENDER BIRTHDAY CARD;Pascua y Fiestas
22032;BOTANICAL LILY GREETING CARD;Papelería y Tarjetería
22033;BOTANICAL ROSE GREETING CARD;Papelería y Tarjetería
22034;ROBIN CHRISTMAS CARD;Navidad
22035;VINTAGE CARAVAN GREETING CARD;Papelería y Tarjetería
22036;DINOSAUR BIRTHDAY CARD;Pascua y Fiestas
22037;ROBOT BIRTHDAY CARD;Pascua y Fiestas
22038;BOTANICAL LAVENDER GIFT WRAP;Papelería y Tarjetería
22039;BOTANICAL LILY GIFT WRAP;Papelería y Tarjetería
22040;BOTANICAL ROSE GIFT WRAP;Papelería y Tarjetería
22041;RECORD FRAME 7 SINGLE SIZE;Marcos y Fotografía
22042;CHRISTMAS CARD SINGING ANGEL;Navidad
22043;CHRISTMAS CARD SCREEN PRINT;Navidad
22044;CHRISTMAS CARD STACK OF PRESENTS;Navidad
22045;SPACEBOY GIFT WRAP;Papelería y Tarjetería
22046;TEA PARTY WRAPPING PAPER;Pascua y Fiestas
22047;EMPIRE GIFT WRAP;Papelería y Tarjetería
22048;BIRTHDAY BANQUET GIFT WRAP;Pascua y Fiestas
22049;WRAP CHRISTMAS SCREEN PRINT;Navidad
22050;PINK PAISLEY ROSE GIFT WRAP;Papelería y Tarjetería
22051;BLUE SCANDINAVIAN PAISLEY WRAP;Papelería y Tarjetería
22052;VINTAGE CARAVAN GIFT WRAP;Papelería y Tarjetería
22053;EMPIRE DESIGN ROSETTE;Sin clasificar
22054;MINI CAKE STAND HANGING HEARTS;Cocina y Mesa
22055;MINI CAKE STAND HANGING STRAWBERY;Cocina y Mesa
22056;CERAMIC PLATE LOVE HEART DESIGN;Cocina y Mesa
22057;CERAMIC PLATE STRAWBERRY DESIGN;Cocina y Mesa
22058;CERAMIC LOVE HEARTS DESIGN MUG;Cocina y Mesa
22059;CERAMIC STRAWBERRY DESIGN MUG;Cocina y Mesa
22060;LARGE CAKE STAND HANGING HEARTS;Cocina y Mesa
22061;LARGE CAKE STAND HANGING STRAWBERY;Cocina y Mesa
22062;CERAMIC BOWL WITH LOVE HEART DESIGN;Cocina y Mesa
22063;CERAMIC BOWL WITH STRAWBERRY DESIGN;Cocina y Mesa
22064;PINK DOUGHNUT TRINKET POT;Cajas y Almacenamiento
22065;CHRISTMAS PUDDING TRINKET POT;Navidad
22066;LOVE HEART TRINKET POT;Cajas y Almacenamiento
22067;CHOC TRUFFLE GOLD TRINKET POT;Cajas y Almacenamiento
22068;BLACK PIRATE TREASURE CHEST;Cajas y Almacenamiento
22069;BROWN PIRATE TREASURE CHEST;Cajas y Almacenamiento
22070;SMALL RED RETROSPOT MUG IN BOX;Cocina y Mesa
22071;SMALL WHITE RETROSPOT MUG IN BOX;Cocina y Mesa
22072;RED RETROSPOT TEA CUP AND SAUCER;Cocina y Mesa
22073;RED RETROSPOT STORAGE JAR;Cajas y Almacenamiento
22074;6 RIBBONS SHIMMERING PINKS;Papelería y Tarjetería
22075;6 RIBBONS ELEGANT CHRISTMAS;Navidad
22076;6 RIBBONS EMPIRE;Papelería y Tarjetería
22077;6 RIBBONS RUSTIC CHARM;Papelería y Tarjetería
22078;RIBBON REEL LACE DESIGN;Papelería y Tarjetería
22079;RIBBON REEL HEARTS DESIGN;Papelería y Tarjetería
22080;RIBBON REEL SPOTS DESIGN;Papelería y Tarjetería
22081;RIBBON REEL FLORA FAUNA;Papelería y Tarjetería
22082;RIBBON REEL STRIPES DESIGN;Papelería y Tarjetería
22083;PAPER CHAIN KIT RETROSPOT;Papelería y Tarjetería
22084;PAPER CHAIN KIT EMPIRE;Papelería y Tarjetería
22085;PAPER CHAIN KIT SKULLS;Papelería y Tarjetería
22086;PAPER CHAIN KIT 50 S CHRISTMAS;Navidad
22087;PAPER BUNTING WHITE LACE;Pascua y Fiestas
22088;PAPER BUNTING COLOURED LACE;Pascua y Fiestas
22089;PAPER BUNTING VINTAGE PAISLEY;Pascua y Fiestas
22090;PAPER BUNTING RETROSPOT;Pascua y Fiestas
22091;EMPIRE TISSUE BOX;Cajas y Almacenamiento
22092;BLUE PAISLEY TISSUE BOX;Cajas y Almacenamiento
22093;MOTORING TISSUE BOX;Cajas y Almacenamiento
22094;RED RETROSPOT TISSUE BOX;Cajas y Almacenamiento
22095;LADS ONLY TISSUE BOX;Cajas y Almacenamiento
22096;PINK PAISLEY SQUARE TISSUE BOX;Cajas y Almacenamiento
22097;SWALLOW SQUARE TISSUE BOX;Cajas y Almacenamiento
22098;BOUDOIR SQUARE TISSUE BOX;Cajas y Almacenamiento
22099;CARAVAN SQUARE TISSUE BOX;Cajas y Almacenamiento
22100;SKULLS SQUARE TISSUE BOX;Cajas y Almacenamiento
22101;MIRROR MOSAIC VOTIVE HOLDER;Espejos, Relojes y Arte de Pared
22102;MIRROR MOSAIC T LIGHT HOLDER;Espejos, Relojes y Arte de Pared
22103;MIRROR MOSAIC T LIGHT HOLDER ROUND;Espejos, Relojes y Arte de Pared
22104;MIRROR MOSAIC CANDLE PLATE;Espejos, Relojes y Arte de Pared
22105;MIRROR MOSAIC GOBLET CANDLE HOLDER;Espejos, Relojes y Arte de Pared
22106;MIRROR MOSAIC HURRICANE LAMP;Espejos, Relojes y Arte de Pared
22107;PIZZA PLATE IN BOX;Cocina y Mesa
22108;PING MICROWAVE PLATE;Cocina y Mesa
22109;FULL ENGLISH BREAKFAST PLATE;Cocina y Mesa
22110;BIRD HOUSE HOT WATER BOTTLE;Botellas de Agua Caliente y Confort
22111;SCOTTIE DOG HOT WATER BOTTLE;Botellas de Agua Caliente y Confort
22112;CHOCOLATE HOT WATER BOTTLE;Botellas de Agua Caliente y Confort
22113;GREY HEART HOT WATER BOTTLE;Botellas de Agua Caliente y Confort
22114;HOT WATER BOTTLE TEA AND SYMPATHY;Botellas de Agua Caliente y Confort
22115;METAL SIGN EMPIRE TEA;Carteles y Señalética
22116;METAL SIGN HIS DINNER IS SERVED;Carteles y Señalética
22117;METAL SIGN HER DINNER IS SERVED;Carteles y Señalética
22118;JOY WOODEN BLOCK LETTERS;Decoración del Hogar
22119;PEACE WOODEN BLOCK LETTERS;Decoración del Hogar
22120;WELCOME WOODEN BLOCK LETTERS;Decoración del Hogar
22121;NOEL WOODEN BLOCK LETTERS;Decoración del Hogar
22122;SET OF 2 FANCY FONT TEA TOWELS;Cocina y Mesa
22123;PING MICROWAVE APRON;Cocina y Mesa
22124;SET OF 2 TEA TOWELS PING MICROWAVE;Cocina y Mesa
22125;UNION JACK HOT WATER BOTTLE;Botellas de Agua Caliente y Confort
22127;PARTY CONES CARNIVAL ASSORTED;Sin clasificar
22128;PARTY CONES CANDY ASSORTED;Decoración del Hogar
22129;PARTY CONES CANDY TREE DECORATION;Decoración del Hogar
22130;PARTY CONE CHRISTMAS DECORATION;Navidad
22131;FOOD CONTAINER SET 3 LOVE HEART;Sin clasificar
22132;RED LOVE HEART SHAPE CUP;Cocina y Mesa
22133;PINK LOVE HEART SHAPE CUP;Cocina y Mesa
22134;MINI LADLE LOVE HEART RED;Cocina y Mesa
22135;MINI LADLE LOVE HEART PINK;Cocina y Mesa
22136;LOVE HEART SOCK HANGER;Cocina y Mesa
22137;BATHROOM SET LOVE HEART DESIGN;Cocina y Mesa
22138;BAKING SET 9 PIECE RETROSPOT;Cocina y Mesa
22139;RETROSPOT TEA SET CERAMIC 11 PC;Cocina y Mesa
22141;CHRISTMAS CRAFT TREE TOP ANGEL;Navidad
22142;CHRISTMAS CRAFT WHITE FAIRY;Navidad
22143;CHRISTMAS CRAFT HEART DECORATIONS;Navidad
22144;CHRISTMAS CRAFT LITTLE FRIENDS;Navidad
22145;CHRISTMAS CRAFT HEART STOCKING;Navidad
22146;EASTER CRAFT IVY WREATH WITH CHICK;Pascua y Fiestas
22147;FELTCRAFT BUTTERFLY HEARTS;Papelería y Tarjetería
22148;EASTER CRAFT 4 CHICKS;Pascua y Fiestas
22149;FELTCRAFT 6 FLOWER FRIENDS;Papelería y Tarjetería
22150;3 STRIPEY MICE FELTCRAFT;Papelería y Tarjetería
22151;PLACE SETTING WHITE HEART;Sin clasificar
22152;PLACE SETTING WHITE STAR;Sin clasificar
22153;ANGEL DECORATION STARS ON DRESS;Decoración del Hogar
22154;ANGEL DECORATION 3 BUTTONS;Decoración del Hogar
22155;STAR DECORATION RUSTIC;Decoración del Hogar
22156;HEART DECORATION WITH PEARLS;Decoración del Hogar
22157;ANGEL DECORATION WITH LACE PADDED;Decoración del Hogar
22158;3 HEARTS HANGING DECORATION RUSTIC;Decoración del Hogar
22161;HEART DECORATION RUSTIC HANGING;Decoración del Hogar
22162;HEART GARLAND RUSTIC PADDED;Decoración del Hogar
22163;HEART STRING MEMO HOLDER HANGING;Decoración del Hogar
22164;STRING OF STARS CARD HOLDER;Papelería y Tarjetería
22165;DIAMANTE HEART SHAPED WALL MIRROR;Espejos, Relojes y Arte de Pared
22166;WALL MIRROR RECTANGLE DIAMANTE PINK;Espejos, Relojes y Arte de Pared
22167;OVAL WALL MIRROR DIAMANTE;Espejos, Relojes y Arte de Pared
22168;ORGANISER WOOD ANTIQUE WHITE;Decoración del Hogar
22169;FAMILY ALBUM WHITE PICTURE FRAME;Marcos y Fotografía
22170;PICTURE FRAME WOOD TRIPLE PORTRAIT;Marcos y Fotografía
22171;3 HOOK PHOTO SHELF ANTIQUE WHITE;Marcos y Fotografía
22172;METAL SHELF WITH RAIL;Jardín y Exterior
22173;METAL 4 HOOK HANGER FRENCH CHATEAU;Sin clasificar
22174;PHOTO CUBE;Marcos y Fotografía
22175;PINK OWL SOFT TOY;Sin clasificar
22176;BLUE OWL SOFT TOY;Sin clasificar
22177;5 HOOK BLACKBOARD ORGANISER;Decoración del Hogar
22178;VICTORIAN GLASS HANGING T LIGHT;Velas e Iluminación
22179;SET 10 LIGHTS NIGHT OWL;Velas e Iluminación
22180;RETROSPOT LAMP;Sin clasificar
22181;SNOWSTORM PHOTO FRAME FRIDGE MAGNET;Marcos y Fotografía
22182;CAKE STAND VICTORIAN FILIGREE SMALL;Cocina y Mesa
22183;CAKE STAND VICTORIAN FILIGREE MED;Cocina y Mesa
22184;CAKE STAND VICTORIAN FILIGREE LARGE;Cocina y Mesa
22185;SLATE TILE NATURAL HANGING;Decoración del Hogar
22186;RED STAR CARD HOLDER;Papelería y Tarjetería
22187;GREEN CHRISTMAS TREE CARD HOLDER;Navidad
22188;BLACK HEART CARD HOLDER;Papelería y Tarjetería
22189;CREAM HEART CARD HOLDER;Papelería y Tarjetería
22190;LOCAL CAFE MUG;Cocina y Mesa
22191;IVORY DINER WALL CLOCK;Espejos, Relojes y Arte de Pared
22192;BLUE DINER WALL CLOCK;Espejos, Relojes y Arte de Pared
22193;RED DINER WALL CLOCK;Espejos, Relojes y Arte de Pared
22194;BLACK DINER WALL CLOCK;Espejos, Relojes y Arte de Pared
22195;LARGE HEART MEASURING SPOONS;Cocina y Mesa
22196;SMALL HEART MEASURING SPOONS;Cocina y Mesa
22197;SMALL POPCORN HOLDER;Cocina y Mesa
22198;LARGE POPCORN HOLDER;Cocina y Mesa
22199;FRYING PAN RED RETROSPOT;Sin clasificar
22200;FRYING PAN PINK POLKADOT;Cocina y Mesa
22201;FRYING PAN BLUE POLKADOT;Cocina y Mesa
22202;MILK PAN PINK RETROSPOT;Cocina y Mesa
22203;MILK PAN RED RETROSPOT;Cocina y Mesa
22204;MILK PAN BLUE POLKADOT;Cocina y Mesa
22206;MUG DOTCOMGIFTSHOP COM;Cocina y Mesa
22207;FRYING PAN UNION FLAG;Textiles del Hogar
22208;WOOD STAMP SET THANK YOU;Papelería y Tarjetería
22209;WOOD STAMP SET HAPPY BIRTHDAY;Pascua y Fiestas
22210;WOOD STAMP SET BEST WISHES;Sin clasificar
22211;WOOD STAMP SET FLOWERS;Sin clasificar
22212;FOUR HOOK WHITE LOVEBIRDS;Sin clasificar
22214;CANDLE PLATE LACE WHITE;Cocina y Mesa
22215;CAKE STAND WHITE TWO TIER LACE;Cocina y Mesa
22216;T LIGHT HOLDER WHITE LACE;Velas e Iluminación
22217;T LIGHT HOLDER HANGING LACE;Velas e Iluminación
22218;CAKE STAND LACE WHITE;Cocina y Mesa
22219;LOVEBIRD HANGING DECORATION WHITE;Decoración del Hogar
22220;CAKE STAND LOVEBIRD 2 TIER WHITE;Cocina y Mesa
22221;CAKE STAND LOVEBIRD 2 TIER PINK;Cocina y Mesa
22222;CAKE PLATE LOVEBIRD WHITE;Cocina y Mesa
22223;CAKE PLATE LOVEBIRD PINK;Cocina y Mesa
22224;WHITE LOVEBIRD LANTERN;Velas e Iluminación
22227;HANGING HEART MIRROR DECORATION;Espejos, Relojes y Arte de Pared
22228;BUNNY WOODEN PAINTED WITH BIRD;Pascua y Fiestas
22229;BUNNY WOODEN PAINTED WITH FLOWER;Pascua y Fiestas
22230;JIGSAW TREE WITH WATERING CAN;Jardín y Exterior
22231;JIGSAW TREE WITH BIRDHOUSE;Jardín y Exterior
22232;JIGSAW TOADSTOOLS 3 PIECE;Cocina y Mesa
22233;JIGSAW RABBIT AND BIRDHOUSE;Jardín y Exterior
22236;CAKE STAND 3 TIER MAGIC GARDEN;Jardín y Exterior
22241;GARLAND WOODEN HAPPY EASTER;Pascua y Fiestas
22242;HOOK 5 HANGER MAGIC TOADSTOOL;Sin clasificar
22243;5 HOOK HANGER RED MAGIC TOADSTOOL;Sin clasificar
22244;3 HOOK HANGER MAGIC GARDEN;Jardín y Exterior
22245;HOOK 1 HANGER MAGIC GARDEN;Jardín y Exterior
22246;GARLAND MAGIC GARDEN 1 8M;Jardín y Exterior
22247;BUNNY DECORATION MAGIC GARDEN;Pascua y Fiestas
22248;DECORATION PINK CHICK MAGIC GARDEN;Jardín y Exterior
22249;DECORATION WHITE CHICK MAGIC GARDEN;Jardín y Exterior
22250;DECORATION BUTTERFLY MAGIC GARDEN;Jardín y Exterior
22251;BIRDHOUSE DECORATION MAGIC GARDEN;Jardín y Exterior
22252;BIRDCAGE DECORATION TEALIGHT HOLDER;Jardín y Exterior
22253;6 CROCHET STRAWBERRIES;Joyería y Bijouterie
22254;FELT TOADSTOOL LARGE;Cocina y Mesa
22255;FELT TOADSTOOL SMALL;Cocina y Mesa
22256;FELT FARM ANIMAL CHICKEN;Sin clasificar
22257;FELT FARM ANIMAL SHEEP;Sin clasificar
22258;FELT FARM ANIMAL RABBIT;Sin clasificar
22259;FELT FARM ANIMAL HEN;Sin clasificar
22260;FELT EGG COSY BLUE RABBIT;Sin clasificar
22261;FELT EGG COSY WHITE RABBIT;Sin clasificar
22262;FELT EGG COSY CHICKEN;Sin clasificar
22263;FELT EGG COSY LADYBIRD;Sin clasificar
22264;FELT FARM ANIMAL WHITE BUNNY;Pascua y Fiestas
22265;EASTER DECORATION NATURAL CHICK;Pascua y Fiestas
22266;EASTER DECORATION HANGING BUNNY;Pascua y Fiestas
22267;EASTER DECORATION EGG BUNNY;Pascua y Fiestas
22268;EASTER DECORATION SITTING BUNNY;Pascua y Fiestas
22269;EGG CUP NATURAL CHICKEN;Cocina y Mesa
22270;HAPPY EASTER HANGING DECORATION;Pascua y Fiestas
22271;FELTCRAFT DOLL ROSIE;Papelería y Tarjetería
22272;FELTCRAFT DOLL MARIA;Papelería y Tarjetería
22273;FELTCRAFT DOLL MOLLY;Papelería y Tarjetería
22274;FELTCRAFT DOLL EMILY;Papelería y Tarjetería
22275;WEEKEND BAG VINTAGE ROSE PAISLEY;Bolsos y Carteras
22276;WASH BAG VINTAGE ROSE PAISLEY;Bolsos y Carteras
22277;COSMETIC BAG VINTAGE ROSE PAISLEY;Bolsos y Carteras
22278;OVERNIGHT BAG VINTAGE ROSE PAISLEY;Bolsos y Carteras
22279;POCKET BAG BLUE PAISLEY RED SPOT;Bolsos y Carteras
22280;POCKET BAG PINK PAISELY BROWN SPOT;Bolsos y Carteras
22281;EASTER TREE YELLOW BIRDS;Pascua y Fiestas
22282;12 EGG HOUSE PAINTED WOOD;Papelería y Tarjetería
22283;6 EGG HOUSE PAINTED WOOD;Sin clasificar
22284;HEN HOUSE DECORATION;Decoración del Hogar
22285;DECORATION HEN ON NEST HANGING;Decoración del Hogar
22286;DECORATION WOBBLY RABBIT METAL;Decoración del Hogar
22287;DECORATION WOBBLY CHICKEN METAL;Decoración del Hogar
22288;HANGING METAL RABBIT DECORATION;Decoración del Hogar
22289;DECORATION HANGING METAL CHICKEN;Decoración del Hogar
22290;STANDING METAL RABBIT WITH EGG;Sin clasificar
22291;SPRING DEC HANGING CHICK CREAM;Decoración del Hogar
22292;HANGING CHICK YELLOW DECORATION;Decoración del Hogar
22293;HANGING CHICK GREEN DECORATION;Decoración del Hogar
22294;HEART FILIGREE DOVE SMALL;Cocina y Mesa
22295;HEART FILIGREE DOVE LARGE;Cocina y Mesa
22296;HEART IVORY TRELLIS LARGE;Sin clasificar
22297;HEART IVORY TRELLIS SMALL;Sin clasificar
22299;PIG KEYRING WITH LIGHT SOUND;Joyería y Bijouterie
22300;COFFEE MUG DOG BALL DESIGN;Cocina y Mesa
22301;COFFEE MUG CAT BIRD DESIGN;Cocina y Mesa
22302;COFFEE MUG PEARS DESIGN;Cocina y Mesa
22303;COFFEE MUG APPLES DESIGN;Cocina y Mesa
22304;COFFEE MUG BLUE PAISLEY DESIGN;Cocina y Mesa
22305;COFFEE MUG PINK PAISLEY DESIGN;Cocina y Mesa
22306;SILVER MUG BONE CHINA TREE OF LIFE;Cocina y Mesa
22307;GOLD MUG BONE CHINA TREE OF LIFE;Cocina y Mesa
22308;TEA COSY BLUE STRIPE;Cocina y Mesa
22309;TEA COSY RED STRIPE;Cocina y Mesa
22310;IVORY KNITTED MUG COSY;Cocina y Mesa
22311;OFFICE MUG WARMER BLACK SILVER;Cocina y Mesa
22312;OFFICE MUG WARMER POLKADOT;Cocina y Mesa
22313;OFFICE MUG WARMER PINK;Cocina y Mesa
22314;OFFICE MUG WARMER CHOC BLUE;Cocina y Mesa
22315;200 RED WHITE BENDY STRAWS;Sin clasificar
22316;200 BENDY SKULL STRAWS;Sin clasificar
22317;FIVE CATS HANGING DECORATION;Decoración del Hogar
22318;FIVE HEART HANGING DECORATION;Decoración del Hogar
22319;HAIRCLIPS FORTIES FABRIC ASSORTED;Sin clasificar
22320;BIRDS MOBILE VINTAGE DESIGN;Decoración del Hogar
22321;BIRD DECORATION RED RETROSPOT;Decoración del Hogar
22322;BIRD DECORATION GREEN POLKADOT;Decoración del Hogar
22323;PINK POLKADOT KIDS BAG;Bolsos y Carteras
22324;BLUE POLKADOT KIDS BAG;Bolsos y Carteras
22325;MOBILE VINTAGE HEARTS;Decoración del Hogar
22326;ROUND SNACK BOXES SET OF4 WOODLAND;Cajas y Almacenamiento
22327;ROUND SNACK BOXES SET OF 4 SKULLS;Cajas y Almacenamiento
22328;ROUND SNACK BOXES SET OF 4 FRUITS;Cajas y Almacenamiento
22329;ROUND CONTAINER SET OF 5 RETROSPOT;Sin clasificar
22330;72 ROUND PINK DOILIES;Papelería y Tarjetería
22331;WOODLAND PARTY BAG STICKER SET;Pascua y Fiestas
22332;SKULLS PARTY BAG STICKER SET;Pascua y Fiestas
22333;RETROSPOT PARTY BAG STICKER SET;Pascua y Fiestas
22334;DINOSAUR PARTY BAG STICKER SET;Pascua y Fiestas
22335;HEART DECORATION PAINTED ZINC;Decoración del Hogar
22336;DOVE DECORATION PAINTED ZINC;Decoración del Hogar
22337;ANGEL DECORATION PAINTED ZINC;Decoración del Hogar
22338;STAR DECORATION PAINTED ZINC;Decoración del Hogar
22339;CHRISTMAS TREE PAINTED ZINC;Navidad
22340;NOEL GARLAND PAINTED ZINC;Decoración del Hogar
22341;LOVE GARLAND PAINTED ZINC;Decoración del Hogar
22342;HOME GARLAND PAINTED ZINC;Decoración del Hogar
22343;PARTY PIZZA DISH RED RETROSPOT;Pascua y Fiestas
22344;PARTY PIZZA DISH PINK POLKADOT;Pascua y Fiestas
22345;PARTY PIZZA DISH BLUE POLKADOT;Sin clasificar
22346;PARTY PIZZA DISH GREEN POLKADOT;Sin clasificar
22347;PIZZA SLICE DISH;Cocina y Mesa
22348;TEA BAG PLATE RED RETROSPOT;Bolsos y Carteras
22349;DOG BOWL CHASING BALL DESIGN;Cocina y Mesa
22350;ILLUSTRATED CAT BOWL;Cocina y Mesa
22351;DOTCOMGIFTSHOP TEA TOWEL;Cocina y Mesa
22352;LUNCH BOX WITH CUTLERY RETROSPOT;Cajas y Almacenamiento
22353;LUNCH BOX WITH CUTLERY FAIRY CAKES;Cajas y Almacenamiento
22354;RETROSPOT PADDED SEAT CUSHION;Textiles del Hogar
22355;CHARLOTTE BAG SUKI DESIGN;Bolsos y Carteras
22356;CHARLOTTE BAG PINK POLKADOT;Bolsos y Carteras
22357;KINGS CHOICE BISCUIT TIN;Cocina y Mesa
22358;KINGS CHOICE TEA CADDY;Cocina y Mesa
22359;GLASS JAR KINGS CHOICE;Cocina y Mesa
22360;GLASS JAR ENGLISH CONFECTIONERY;Cocina y Mesa
22361;GLASS JAR DAISY FRESH COTTON WOOL;Cocina y Mesa
22362;GLASS JAR PEACOCK BATH SALTS;Cocina y Mesa
22363;GLASS JAR MARMALADE;Cocina y Mesa
22364;GLASS JAR DIGESTIVE BISCUITS;Cocina y Mesa
22365;DOORMAT RESPECTABLE HOUSE;Textiles del Hogar
22366;DOORMAT AIRMAIL;Textiles del Hogar
22367;CHILDRENS APRON SPACEBOY DESIGN;Cocina y Mesa
22371;AIRLINE BAG VINTAGE TOKYO 78;Bolsos y Carteras
22372;AIRLINE BAG VINTAGE WORLD CHAMPION;Bolsos y Carteras
22374;AIRLINE BAG VINTAGE JET SET RED;Bolsos y Carteras
22375;AIRLINE BAG VINTAGE JET SET BROWN;Bolsos y Carteras
22376;AIRLINE BAG VINTAGE JET SET WHITE;Bolsos y Carteras
22377;BOTTLE BAG RETROSPOT;Bolsos y Carteras
22378;WALL TIDY RETROSPOT;Espejos, Relojes y Arte de Pared
22379;RECYCLING BAG RETROSPOT;Bolsos y Carteras
22380;TOY TIDY SPACEBOY;Cocina y Mesa
22381;TOY TIDY PINK POLKADOT;Cocina y Mesa
22382;LUNCH BAG SPACEBOY DESIGN;Bolsos y Carteras
22383;LUNCH BAG SUKI DESIGN;Bolsos y Carteras
22384;LUNCH BAG PINK POLKADOT;Bolsos y Carteras
22385;JUMBO BAG SPACEBOY DESIGN;Bolsos y Carteras
22386;JUMBO BAG PINK POLKADOT;Bolsos y Carteras
22389;PAPERWEIGHT SAVE THE PLANET;Cocina y Mesa
22390;PAPERWEIGHT CHILDHOOD MEMORIES;Sin clasificar
22391;PAPERWEIGHT HOME SWEET HOME;Sin clasificar
22393;PAPERWEIGHT VINTAGE COLLAGE;Sin clasificar
22394;PAPERWEIGHT KINGS CHOICE;Cocina y Mesa
22395;PAPERWEIGHT VINTAGE PAISLEY;Papelería y Tarjetería
22396;MAGNETS PACK OF 4 RETRO PHOTO;Marcos y Fotografía
22398;MAGNETS PACK OF 4 SWALLOWS;Sin clasificar
22399;MAGNETS PACK OF 4 CHILDHOOD MEMORY;Cajas y Almacenamiento
22400;MAGNETS PACK OF 4 HOME SWEET HOME;Sin clasificar
22402;MAGNETS PACK OF 4 VINTAGE COLLAGE;Sin clasificar
22403;MAGNETS PACK OF 4 VINTAGE LABELS;Sin clasificar
22405;MONEY BOX POCKET MONEY DESIGN;Cajas y Almacenamiento
22406;MONEY BOX KINGS CHOICE DESIGN;Cajas y Almacenamiento
22407;MONEY BOX FIRST ADE DESIGN;Cajas y Almacenamiento
22408;MONEY BOX CONFECTIONERY DESIGN;Cajas y Almacenamiento
22409;MONEY BOX BISCUITS DESIGN;Cajas y Almacenamiento
22410;MONEY BOX HOUSEKEEPING DESIGN;Cajas y Almacenamiento
22411;JUMBO SHOPPER VINTAGE RED PAISLEY;Bolsos y Carteras
22412;METAL SIGN NEIGHBOURHOOD WITCH;Carteles y Señalética
22413;METAL SIGN TAKE IT OR LEAVE IT;Carteles y Señalética
22414;DOORMAT NEIGHBOURHOOD WITCH;Textiles del Hogar
22415;WHITE TISSUE REAM;Sin clasificar
22416;SET OF 36 DOILIES SPACEBOY DESIGN;Papelería y Tarjetería
22417;PACK OF 60 SPACEBOY CAKE CASES;Cocina y Mesa
22418;10 COLOUR SPACEBOY PEN;Papelería y Tarjetería
22419;LIPSTICK PEN RED;Papelería y Tarjetería
22420;LIPSTICK PEN BABY PINK;Papelería y Tarjetería
22421;LIPSTICK PEN FUSCHIA;Papelería y Tarjetería
22422;TOOTHPASTE TUBE PEN;Papelería y Tarjetería
22423;REGENCY CAKESTAND 3 TIER;Cocina y Mesa
22424;ENAMEL BREAD BIN CREAM;Cocina y Mesa
22425;ENAMEL COLANDER CREAM;Cocina y Mesa
22426;ENAMEL WASH BOWL CREAM;Cocina y Mesa
22427;ENAMEL FLOWER JUG CREAM;Cocina y Mesa
22428;ENAMEL FIRE BUCKET CREAM;Cocina y Mesa
22429;ENAMEL MEASURING JUG CREAM;Cocina y Mesa
22430;ENAMEL WATERING CAN CREAM;Jardín y Exterior
22431;WATERING CAN BLUE ELEPHANT;Jardín y Exterior
22432;WATERING CAN PINK BUNNY;Pascua y Fiestas
22433;WATERING CAN GREEN DINOSAUR;Jardín y Exterior
22434;BALLOON PUMP WITH 10 BALLOONS;Pascua y Fiestas
22435;SET OF 9 HEART SHAPED BALLOONS;Pascua y Fiestas
22436;12 COLOURED PARTY BALLOONS;Pascua y Fiestas
22437;SET OF 9 BLACK SKULL BALLOONS;Pascua y Fiestas
22438;BALLOON ART MAKE YOUR OWN FLOWERS;Pascua y Fiestas
22439;6 ROCKET BALLOONS;Pascua y Fiestas
22440;BALLOON WATER BOMB PACK OF 35;Pascua y Fiestas
22441;GROW YOUR OWN BASIL IN ENAMEL MUG;Cocina y Mesa
22442;GROW YOUR OWN FLOWERS SET OF 3;Sin clasificar
22443;GROW YOUR OWN HERBS SET OF 3;Sin clasificar
22444;GROW YOUR OWN PLANT IN A CAN;Jardín y Exterior
22445;PENCIL CASE LIFE IS BEAUTIFUL;Papelería y Tarjetería
22446;PIN CUSHION BABUSHKA PINK;Textiles del Hogar
22447;PIN CUSHION BABUSHKA BLUE;Textiles del Hogar
22448;PIN CUSHION BABUSHKA RED;Textiles del Hogar
22449;SILK PURSE BABUSHKA PINK;Bolsos y Carteras
22450;SILK PURSE BABUSHKA BLUE;Bolsos y Carteras
22451;SILK PURSE BABUSHKA RED;Bolsos y Carteras
22452;MEASURING TAPE BABUSHKA PINK;Sin clasificar
22453;MEASURING TAPE BABUSHKA BLUE;Sin clasificar
22454;MEASURING TAPE BABUSHKA RED;Cocina y Mesa
22456;NATURAL SLATE CHALKBOARD LARGE;Decoración del Hogar
22457;NATURAL SLATE HEART CHALKBOARD;Decoración del Hogar
22458;CAST IRON HOOK GARDEN FORK;Jardín y Exterior
22459;CAST IRON HOOK GARDEN TROWEL;Jardín y Exterior
22460;EMBOSSED GLASS TEALIGHT HOLDER;Velas e Iluminación
22461;SAVOY ART DECO CLOCK;Espejos, Relojes y Arte de Pared
22464;HANGING METAL HEART LANTERN;Velas e Iluminación
22465;HANGING METAL STAR LANTERN;Velas e Iluminación
22466;FAIRY TALE COTTAGE NIGHTLIGHT;Velas e Iluminación
22467;GUMBALL COAT RACK;Cajas y Almacenamiento
22468;BABUSHKA LIGHTS STRING OF 10;Velas e Iluminación
22469;HEART OF WICKER SMALL;Decoración del Hogar
22470;HEART OF WICKER LARGE;Decoración del Hogar
22471;TV DINNER TRAY AIR HOSTESS;Sin clasificar
22472;TV DINNER TRAY DOLLY GIRL;Sin clasificar
22473;TV DINNER TRAY VINTAGE PAISLEY;Papelería y Tarjetería
22474;SPACEBOY TV DINNER TRAY;Sin clasificar
22475;SKULL DESIGN TV DINNER TRAY;Sin clasificar
22476;EMPIRE UNION JACK TV DINNER TRAY;Sin clasificar
22477;WATERING CAN GARDEN MARKER;Jardín y Exterior
22478;BIRDHOUSE GARDEN MARKER;Jardín y Exterior
22479;DAISY GARDEN MARKER;Jardín y Exterior
22480;RED TEA TOWEL CLASSIC DESIGN;Cocina y Mesa
22481;BLACK TEA TOWEL CLASSIC DESIGN;Cocina y Mesa
22482;BLUE TEA TOWEL CLASSIC DESIGN;Cocina y Mesa
22483;RED GINGHAM TEDDY BEAR;Sin clasificar
22485;SET OF 2 WOODEN MARKET CRATES;Sin clasificar
22486;PLASMATRONIC LAMP;Sin clasificar
22487;WHITE WOOD GARDEN PLANT LADDER;Jardín y Exterior
22488;NATURAL SLATE RECTANGLE CHALKBOARD;Decoración del Hogar
22489;PACK OF 12 TRADITIONAL CRAYONS;Cocina y Mesa
22491;PACK OF 12 COLOURED PENCILS;Papelería y Tarjetería
22492;MINI PAINT SET VINTAGE;Papelería y Tarjetería
22493;PAINT YOUR OWN CANVAS SET;Espejos, Relojes y Arte de Pared
22494;EMERGENCY FIRST AID TIN;Cocina y Mesa
22495;SET OF 2 ROUND TINS CAMEMBERT;Cocina y Mesa
22496;SET OF 2 ROUND TINS DUTCH CHEESE;Cocina y Mesa
22497;SET OF 2 TINS VINTAGE BATHROOM;Cocina y Mesa
22498;WOODEN REGATTA BUNTING;Pascua y Fiestas
22499;WOODEN UNION JACK BUNTING;Pascua y Fiestas
22500;SET OF 2 TINS JARDIN DE PROVENCE;Cocina y Mesa
22501;PICNIC BASKET WICKER LARGE;Decoración del Hogar
22502;PICNIC BASKET WICKER SMALL;Decoración del Hogar
22503;CABIN BAG VINTAGE PAISLEY;Bolsos y Carteras
22504;CABIN BAG VINTAGE RETROSPOT;Bolsos y Carteras
22505;MEMO BOARD COTTAGE DESIGN;Decoración del Hogar
22507;MEMO BOARD RETROSPOT DESIGN;Decoración del Hogar
22508;DOORSTOP RETROSPOT HEART;Sin clasificar
22509;SEWING BOX RETROSPOT DESIGN;Cajas y Almacenamiento
22510;GINGHAM BABUSHKA DOORSTOP;Sin clasificar
22511;RETROSPOT BABUSHKA DOORSTOP;Sin clasificar
22512;DOORSTOP RACING CAR DESIGN;Sin clasificar
22513;DOORSTOP FOOTBALL DESIGN;Sin clasificar
22514;CHILDS GARDEN SPADE BLUE;Jardín y Exterior
22515;CHILDS GARDEN SPADE PINK;Jardín y Exterior
22516;CHILDS GARDEN RAKE BLUE;Jardín y Exterior
22517;CHILDS GARDEN RAKE PINK;Jardín y Exterior
22518;CHILDS GARDEN BRUSH BLUE;Jardín y Exterior
22519;CHILDS GARDEN BRUSH PINK;Jardín y Exterior
22520;CHILDS GARDEN TROWEL BLUE;Jardín y Exterior
22521;CHILDS GARDEN TROWEL PINK;Jardín y Exterior
22522;CHILDS GARDEN FORK BLUE;Jardín y Exterior
22523;CHILDS GARDEN FORK PINK;Jardín y Exterior
22524;CHILDRENS GARDEN GLOVES BLUE;Jardín y Exterior
22525;CHILDRENS GARDEN GLOVES PINK;Jardín y Exterior
22526;WHEELBARROW FOR CHILDREN;Sin clasificar
22528;GARDENERS KNEELING PAD;Jardín y Exterior
22529;MAGIC DRAWING SLATE GO TO THE FAIR;Sin clasificar
22530;MAGIC DRAWING SLATE DOLLY GIRL;Papelería y Tarjetería
22531;MAGIC DRAWING SLATE CIRCUS PARADE;Papelería y Tarjetería
22532;MAGIC DRAWING SLATE LEAP FROG;Sin clasificar
22533;MAGIC DRAWING SLATE BAKE A CAKE;Cocina y Mesa
22534;MAGIC DRAWING SLATE SPACEBOY;Papelería y Tarjetería
22535;MAGIC DRAWING SLATE BUNNIES;Pascua y Fiestas
22536;MAGIC DRAWING SLATE PURDEY;Sin clasificar
22537;MAGIC DRAWING SLATE DINOSAUR;Papelería y Tarjetería
22538;MINI JIGSAW GO TO THE FAIR;Sin clasificar
22539;MINI JIGSAW DOLLY GIRL;Sin clasificar
22540;MINI JIGSAW CIRCUS PARADE;Sin clasificar
22541;MINI JIGSAW LEAP FROG;Sin clasificar
22543;MINI JIGSAW BAKE A CAKE;Cocina y Mesa
22544;MINI JIGSAW SPACEBOY;Sin clasificar
22545;MINI JIGSAW BUNNIES;Pascua y Fiestas
22546;MINI JIGSAW PURDEY;Jardín y Exterior
22547;MINI JIGSAW DINOSAUR;Sin clasificar
22548;HEADS AND TAILS SPORTING FUN;Sin clasificar
22549;PICTURE DOMINOES;Sin clasificar
22550;HOLIDAY FUN LUDO;Sin clasificar
22551;PLASTERS IN TIN SPACEBOY;Cocina y Mesa
22553;PLASTERS IN TIN SKULLS;Cocina y Mesa
22554;PLASTERS IN TIN WOODLAND ANIMALS;Cocina y Mesa
22555;PLASTERS IN TIN STRONGMAN;Cocina y Mesa
22556;PLASTERS IN TIN CIRCUS PARADE;Cocina y Mesa
22557;PLASTERS IN TIN VINTAGE PAISLEY;Cocina y Mesa
22558;CLOTHES PEGS RETROSPOT PACK 24;Cocina y Mesa
22559;SEASIDE FLYING DISC;Cocina y Mesa
22560;TRADITIONAL MODELLING CLAY;Cocina y Mesa
22561;WOODEN SCHOOL COLOURING SET;Papelería y Tarjetería
22562;MONSTERS STENCIL CRAFT;Papelería y Tarjetería
22563;HAPPY STENCIL CRAFT;Papelería y Tarjetería
22564;ALPHABET STENCIL CRAFT;Papelería y Tarjetería
22565;FELTCRAFT HAIRBANDS PINK AND WHITE;Papelería y Tarjetería
22566;FELTCRAFT HAIRBAND PINK AND PURPLE;Papelería y Tarjetería
22567;20 DOLLY PEGS RETROSPOT;Sin clasificar
22568;FELTCRAFT CUSHION OWL;Textiles del Hogar
22569;FELTCRAFT CUSHION BUTTERFLY;Textiles del Hogar
22570;FELTCRAFT CUSHION RABBIT;Textiles del Hogar
22571;ROCKING HORSE RED CHRISTMAS;Navidad
22572;ROCKING HORSE GREEN CHRISTMAS;Navidad
22573;STAR WOODEN CHRISTMAS DECORATION;Navidad
22574;HEART WOODEN CHRISTMAS DECORATION;Navidad
22575;METAL MERRY CHRISTMAS WREATH;Navidad
22576;SWALLOW WOODEN CHRISTMAS DECORATION;Navidad
22577;WOODEN HEART CHRISTMAS SCANDINAVIAN;Navidad
22578;WOODEN STAR CHRISTMAS SCANDINAVIAN;Navidad
22579;WOODEN TREE CHRISTMAS SCANDINAVIAN;Navidad
22580;ADVENT CALENDAR GINGHAM SACK;Navidad
22581;WOOD STOCKING CHRISTMAS SCANDISPOT;Navidad
22582;PACK OF 6 SWEETIE GIFT BOXES;Cajas y Almacenamiento
22583;PACK OF 6 HANDBAG GIFT BOXES;Bolsos y Carteras
22584;PACK OF 6 PANNETONE GIFT BOXES;Cajas y Almacenamiento
22585;PACK OF 6 BIRDY GIFT TAGS;Papelería y Tarjetería
22586;FELTCRAFT HAIRBAND PINK AND BLUE;Papelería y Tarjetería
22587;FELTCRAFT HAIRBAND RED AND BLUE;Papelería y Tarjetería
22588;CARD HOLDER GINGHAM HEART;Papelería y Tarjetería
22589;CARDHOLDER GINGHAM STAR;Papelería y Tarjetería
22591;CARDHOLDER GINGHAM CHRISTMAS TREE;Navidad
22592;CARDHOLDER HOLLY WREATH METAL;Navidad
22593;CHRISTMAS GINGHAM STAR;Navidad
22594;CHRISTMAS GINGHAM TREE;Navidad
22595;GINGHAM HEART DECORATION;Decoración del Hogar
22596;CHRISTMAS STAR WISH LIST CHALKBOARD;Navidad
22597;MUSICAL ZINC HEART DECORATION;Decoración del Hogar
22598;CHRISTMAS MUSICAL ZINC TREE;Navidad
22599;CHRISTMAS MUSICAL ZINC STAR;Navidad
22600;CHRISTMAS RETROSPOT STAR WOOD;Navidad
22601;CHRISTMAS RETROSPOT ANGEL WOOD;Navidad
22602;CHRISTMAS RETROSPOT HEART WOOD;Navidad
22603;CHRISTMAS RETROSPOT TREE WOOD;Navidad
22604;SET OF 4 NAPKIN CHARMS CUTLERY;Cocina y Mesa
22605;WOODEN CROQUET GARDEN SET;Jardín y Exterior
22606;WOODEN SKITTLES GARDEN SET;Jardín y Exterior
22607;WOODEN ROUNDERS GARDEN SET;Jardín y Exterior
22608;PENS ASSORTED FUNKY JEWELED;Papelería y Tarjetería
22609;PENS ASSORTED SPACEBALL;Papelería y Tarjetería
22610;PENS ASSORTED FUNNY FACE;Papelería y Tarjetería
22611;VINTAGE UNION JACK SHOPPING BAG;Bolsos y Carteras
22612;TEA COSY VINTAGE UNION JACK;Cocina y Mesa
22613;PACK OF 20 SPACEBOY NAPKINS;Cocina y Mesa
22614;PACK OF 12 SPACEBOY TISSUES;Papelería y Tarjetería
22615;PACK OF 12 CIRCUS PARADE TISSUES;Papelería y Tarjetería
22616;PACK OF 12 LONDON TISSUES;Papelería y Tarjetería
22617;BAKING SET SPACEBOY DESIGN;Cocina y Mesa
22618;COOKING SET RETROSPOT;Cocina y Mesa
22619;SET OF 6 SOLDIER SKITTLES;Sin clasificar
22620;4 TRADITIONAL SPINNING TOPS;Cocina y Mesa
22621;TRADITIONAL KNITTING NANCY;Cocina y Mesa
22622;BOX OF VINTAGE ALPHABET BLOCKS;Decoración del Hogar
22623;BOX OF VINTAGE JIGSAW BLOCKS;Decoración del Hogar
22624;IVORY KITCHEN SCALES;Cocina y Mesa
22625;RED KITCHEN SCALES;Cocina y Mesa
22626;BLACK KITCHEN SCALES;Cocina y Mesa
22627;MINT KITCHEN SCALES;Cocina y Mesa
22628;PICNIC BOXES SET OF 3 RETROSPOT;Cajas y Almacenamiento
22629;SPACEBOY LUNCH BOX;Cajas y Almacenamiento
22630;DOLLY GIRL LUNCH BOX;Cajas y Almacenamiento
22631;CIRCUS PARADE LUNCH BOX;Cajas y Almacenamiento
22632;HAND WARMER RED RETROSPOT;Botellas de Agua Caliente y Confort
22633;HAND WARMER UNION JACK;Botellas de Agua Caliente y Confort
22634;CHILDS BREAKFAST SET SPACEBOY;Cocina y Mesa
22635;CHILDS BREAKFAST SET DOLLY GIRL;Cocina y Mesa
22636;CHILDS BREAKFAST SET CIRCUS PARADE;Cocina y Mesa
22637;PIGGY BANK RETROSPOT;Sin clasificar
22638;SET OF 4 NAPKIN CHARMS CROWNS;Cocina y Mesa
22639;SET OF 4 NAPKIN CHARMS HEARTS;Cocina y Mesa
22640;SET OF 4 NAPKIN CHARMS 3 KEYS;Cocina y Mesa
22641;SET OF 4 NAPKIN CHARMS INSTRUMENT;Cocina y Mesa
22642;SET OF 4 NAPKIN CHARMS STARS;Cocina y Mesa
22643;SET OF 4 NAPKIN CHARMS LEAVES;Cocina y Mesa
22644;CERAMIC CHERRY CAKE MONEY BANK;Cajas y Almacenamiento
22645;CERAMIC HEART FAIRY CAKE MONEY BANK;Cajas y Almacenamiento
22646;CERAMIC STRAWBERRY CAKE MONEY BANK;Sin clasificar
22647;CERAMIC LOVE HEART MONEY BANK;Cajas y Almacenamiento
22649;STRAWBERRY FAIRY CAKE TEAPOT;Cocina y Mesa
22650;CERAMIC PIRATE CHEST MONEY BANK;Cajas y Almacenamiento
22651;GENTLEMAN SHIRT REPAIR KIT;Papelería y Tarjetería
22652;TRAVEL SEWING KIT;Papelería y Tarjetería
22653;BUTTON BOX;Cajas y Almacenamiento
22654;DELUXE SEWING KIT;Papelería y Tarjetería
22655;VINTAGE RED KITCHEN CABINET;Cajas y Almacenamiento
22656;VINTAGE BLUE KITCHEN CABINET;Cajas y Almacenamiento
22657;HEN 2 CHICKS IN BASKET;Decoración del Hogar
22659;LUNCH BOX I LOVE LONDON;Cajas y Almacenamiento
22660;DOORMAT I LOVE LONDON;Textiles del Hogar
22661;CHARLOTTE BAG DOLLY GIRL DESIGN;Bolsos y Carteras
22662;LUNCH BAG DOLLY GIRL DESIGN;Bolsos y Carteras
22663;JUMBO BAG DOLLY GIRL DESIGN;Bolsos y Carteras
22664;TOY TIDY DOLLY GIRL DESIGN;Cocina y Mesa
22665;RECIPE BOX BLUE SKETCHBOOK DESIGN;Cocina y Mesa
22666;RECIPE BOX PANTRY YELLOW DESIGN;Cocina y Mesa
22667;RECIPE BOX RETROSPOT;Sin clasificar
22668;PINK BABY BUNTING;Pascua y Fiestas
22669;RED BABY BUNTING;Pascua y Fiestas
22670;FRENCH WC SIGN BLUE METAL;Carteles y Señalética
22671;FRENCH LAUNDRY SIGN BLUE METAL;Carteles y Señalética
22672;FRENCH BATHROOM SIGN BLUE METAL;Carteles y Señalética
22673;FRENCH GARDEN SIGN BLUE METAL;Carteles y Señalética
22674;FRENCH TOILET SIGN BLUE METAL;Carteles y Señalética
22675;FRENCH KITCHEN SIGN BLUE METAL;Carteles y Señalética
22676;FRENCH BLUE METAL DOOR SIGN 1;Carteles y Señalética
22677;FRENCH BLUE METAL DOOR SIGN 2;Carteles y Señalética
22678;FRENCH BLUE METAL DOOR SIGN 3;Carteles y Señalética
22679;FRENCH BLUE METAL DOOR SIGN 4;Carteles y Señalética
22680;FRENCH BLUE METAL DOOR SIGN 5;Carteles y Señalética
22681;FRENCH BLUE METAL DOOR SIGN 6;Carteles y Señalética
22682;FRENCH BLUE METAL DOOR SIGN 7;Carteles y Señalética
22683;FRENCH BLUE METAL DOOR SIGN 8;Carteles y Señalética
22684;FRENCH BLUE METAL DOOR SIGN 9;Carteles y Señalética
22685;FRENCH BLUE METAL DOOR SIGN 0;Carteles y Señalética
22686;FRENCH BLUE METAL DOOR SIGN NO;Carteles y Señalética
22687;DOORMAT CHRISTMAS VILLAGE;Navidad
22688;DOORMAT PEACE ON EARTH BLUE;Textiles del Hogar
22689;DOORMAT MERRY CHRISTMAS RED;Navidad
22690;DOORMAT HOME SWEET HOME BLUE;Textiles del Hogar
22691;DOORMAT WELCOME SUNRISE;Textiles del Hogar
22692;DOORMAT WELCOME TO OUR HOME;Textiles del Hogar
22693;GROW A FLYTRAP OR SUNFLOWER IN TIN;Sin clasificar
22694;WICKER STAR;Decoración del Hogar
22695;WICKER WREATH SMALL;Decoración del Hogar
22696;WICKER WREATH LARGE;Decoración del Hogar
22697;GREEN REGENCY TEACUP AND SAUCER;Cocina y Mesa
22698;PINK REGENCY TEACUP AND SAUCER;Cocina y Mesa
22699;ROSES REGENCY TEACUP AND SAUCER;Cocina y Mesa
22700;BLACK AND WHITE DOG BOWL;Cocina y Mesa
22701;PINK DOG BOWL;Cocina y Mesa
22702;BLACK AND WHITE CAT BOWL;Cocina y Mesa
22703;PINK CAT BOWL;Cocina y Mesa
22704;WRAP RED APPLES;Papelería y Tarjetería
22705;WRAP GREEN PEARS;Papelería y Tarjetería
22706;WRAP COWBOYS;Papelería y Tarjetería
22707;WRAP MONSTER FUN;Papelería y Tarjetería
22708;WRAP DOLLY GIRL;Papelería y Tarjetería
22709;WRAP WEDDING DAY;Papelería y Tarjetería
22710;WRAP I LOVE LONDON;Papelería y Tarjetería
22711;WRAP CIRCUS PARADE;Papelería y Tarjetería
22712;CARD DOLLY GIRL;Papelería y Tarjetería
22713;CARD I LOVE LONDON;Papelería y Tarjetería
22714;CARD BIRTHDAY COWBOY;Pascua y Fiestas
22715;CARD WEDDING DAY;Papelería y Tarjetería
22716;CARD CIRCUS PARADE;Papelería y Tarjetería
22717;CARD DOG AND BALL;Papelería y Tarjetería
22718;CARD CAT AND TREE;Papelería y Tarjetería
22719;GUMBALL MONOCHROME COAT RACK;Cajas y Almacenamiento
22720;SET OF 3 CAKE TINS PANTRY DESIGN;Cocina y Mesa
22721;SET OF 3 CAKE TINS SKETCHBOOK;Cocina y Mesa
22722;SET OF 6 SPICE TINS PANTRY DESIGN;Cocina y Mesa
22723;SET OF 6 HERB TINS SKETCHBOOK;Cocina y Mesa
22725;ALARM CLOCK BAKELIKE CHOCOLATE;Espejos, Relojes y Arte de Pared
22726;ALARM CLOCK BAKELIKE GREEN;Espejos, Relojes y Arte de Pared
22727;ALARM CLOCK BAKELIKE RED;Espejos, Relojes y Arte de Pared
22728;ALARM CLOCK BAKELIKE PINK;Espejos, Relojes y Arte de Pared
22729;ALARM CLOCK BAKELIKE ORANGE;Espejos, Relojes y Arte de Pared
22730;ALARM CLOCK BAKELIKE IVORY;Espejos, Relojes y Arte de Pared
22731;3D CHRISTMAS STAMPS STICKERS;Navidad
22732;3D VINTAGE CHRISTMAS STICKERS;Navidad
22733;3D TRADITIONAL CHRISTMAS STICKERS;Navidad
22734;SET OF 6 RIBBONS VINTAGE CHRISTMAS;Navidad
22735;RIBBON REEL SOCKS AND MITTENS;Papelería y Tarjetería
22736;RIBBON REEL MAKING SNOWMEN;Papelería y Tarjetería
22737;RIBBON REEL CHRISTMAS PRESENT;Navidad
22738;RIBBON REEL SNOWY VILLAGE;Papelería y Tarjetería
22739;RIBBON REEL CHRISTMAS SOCK BAUBLE;Navidad
22740;POLKADOT PEN;Papelería y Tarjetería
22741;FUNKY DIVA PEN;Papelería y Tarjetería
22742;MAKE YOUR OWN PLAYTIME CARD KIT;Papelería y Tarjetería
22743;MAKE YOUR OWN FLOWERPOWER CARD KIT;Papelería y Tarjetería
22744;MAKE YOUR OWN MONSOON CARD KIT;Papelería y Tarjetería
22745;POPPY S PLAYHOUSE BEDROOM;Sin clasificar
22746;POPPY S PLAYHOUSE LIVINGROOM;Sin clasificar
22747;POPPY S PLAYHOUSE BATHROOM;Sin clasificar
22748;POPPY S PLAYHOUSE KITCHEN;Cocina y Mesa
22749;FELTCRAFT PRINCESS CHARLOTTE DOLL;Papelería y Tarjetería
22750;FELTCRAFT PRINCESS LOLA DOLL;Papelería y Tarjetería
22751;FELTCRAFT PRINCESS OLIVIA DOLL;Papelería y Tarjetería
22752;SET 7 BABUSHKA NESTING BOXES;Cajas y Almacenamiento
22753;SMALL YELLOW BABUSHKA NOTEBOOK;Papelería y Tarjetería
22754;SMALL RED BABUSHKA NOTEBOOK;Papelería y Tarjetería
22755;SMALL PURPLE BABUSHKA NOTEBOOK;Papelería y Tarjetería
22756;LARGE YELLOW BABUSHKA NOTEBOOK;Papelería y Tarjetería
22757;LARGE RED BABUSHKA NOTEBOOK;Papelería y Tarjetería
22758;LARGE PURPLE BABUSHKA NOTEBOOK;Papelería y Tarjetería
22759;SET OF 3 NOTEBOOKS IN PARCEL;Papelería y Tarjetería
22760;TRAY BREAKFAST IN BED;Cocina y Mesa
22761;CHEST 7 DRAWER MA CAMPAGNE;Cajas y Almacenamiento
22762;CUPBOARD 3 DRAWER MA CAMPAGNE;Sin clasificar
22763;KEY CABINET MA CAMPAGNE;Cajas y Almacenamiento
22764;RUSTIC WOODEN CABINET GLASS DOORS;Cajas y Almacenamiento
22765;NEWSPAPER STAND;Cocina y Mesa
22766;PHOTO FRAME CORNICE;Marcos y Fotografía
22767;TRIPLE PHOTO FRAME CORNICE;Marcos y Fotografía
22768;FAMILY PHOTO FRAME CORNICE;Marcos y Fotografía
22769;CHALKBOARD KITCHEN ORGANISER;Decoración del Hogar
22770;MIRROR CORNICE;Espejos, Relojes y Arte de Pared
22771;CLEAR DRAWER KNOB ACRYLIC EDWARDIAN;Cajas y Almacenamiento
22772;PINK DRAWER KNOB ACRYLIC EDWARDIAN;Cajas y Almacenamiento
22773;GREEN DRAWER KNOB ACRYLIC EDWARDIAN;Cajas y Almacenamiento
22774;RED DRAWER KNOB ACRYLIC EDWARDIAN;Cajas y Almacenamiento
22775;PURPLE DRAWERKNOB ACRYLIC EDWARDIAN;Cajas y Almacenamiento
22776;SWEETHEART CAKESTAND 3 TIER;Cocina y Mesa
22777;GLASS CLOCHE LARGE;Espejos, Relojes y Arte de Pared
22778;GLASS CLOCHE SMALL;Espejos, Relojes y Arte de Pared
22779;WOODEN OWLS LIGHT GARLAND;Velas e Iluminación
22780;LIGHT GARLAND BUTTERFILES PINK;Velas e Iluminación
22781;GUMBALL MAGAZINE RACK;Cajas y Almacenamiento
22782;SET 3 WICKER STORAGE BASKETS;Cajas y Almacenamiento
22783;SET 3 WICKER OVAL BASKETS W LIDS;Decoración del Hogar
22784;LANTERN CREAM GAZEBO;Velas e Iluminación
22785;SQUARECUSHION COVER PINK UNION FLAG;Textiles del Hogar
22786;CUSHION COVER PINK UNION JACK;Textiles del Hogar
22788;BROCANTE COAT RACK;Cajas y Almacenamiento
22789;T LIGHT HOLDER SWEETHEART HANGING;Velas e Iluminación
22790;MIRROR ARCHED GEORGIAN;Espejos, Relojes y Arte de Pared
22791;T LIGHT GLASS FLUTED ANTIQUE;Velas e Iluminación
22792;FLUTED ANTIQUE CANDLE HOLDER;Velas e Iluminación
22794;SWEETHEART WIRE MAGAZINE RACK;Cajas y Almacenamiento
22795;SWEETHEART RECIPE BOOK STAND;Cocina y Mesa
22796;PHOTO FRAME 3 CLASSIC HANGING;Marcos y Fotografía
22797;CHEST OF DRAWERS GINGHAM HEART;Cajas y Almacenamiento
22798;ANTIQUE GLASS DRESSING TABLE POT;Sin clasificar
22799;SWEETHEART WIRE FRUIT BOWL;Cocina y Mesa
22800;ANTIQUE TALL SWIRLGLASS TRINKET POT;Cajas y Almacenamiento
22801;ANTIQUE GLASS PEDESTAL BOWL;Cocina y Mesa
22802;FAUX FUR CHOCOLATE THROW;Sin clasificar
22803;IVORY EMBROIDERED QUILT;Textiles del Hogar
22804;CANDLEHOLDER PINK HANGING HEART;Velas e Iluminación
22805;BLUE DRAWER KNOB ACRYLIC EDWARDIAN;Cajas y Almacenamiento
22806;SET OF 6 T LIGHTS WEDDING CAKE;Velas e Iluminación
22807;SET OF 6 T LIGHTS TOADSTOOLS;Velas e Iluminación
22808;SET OF 6 T LIGHTS EASTER CHICKS;Pascua y Fiestas
22809;SET OF 6 T LIGHTS SANTA;Navidad
22810;SET OF 6 T LIGHTS SNOWMEN;Velas e Iluminación
22811;SET OF 6 T LIGHTS CACTI;Velas e Iluminación
22812;PACK 3 BOXES CHRISTMAS PANNETONE;Navidad
22813;PACK 3 BOXES BIRD PANNETONE;Cajas y Almacenamiento
22814;CARD PARTY GAMES;Papelería y Tarjetería
22815;CARD PSYCHEDELIC APPLES;Papelería y Tarjetería
22816;CARD MOTORBIKE SANTA;Navidad
22817;CARD SUKI BIRTHDAY;Pascua y Fiestas
22818;CARD CHRISTMAS VILLAGE;Navidad
22819;BIRTHDAY CARD RETRO SPOT;Pascua y Fiestas
22820;GIFT BAG BIRTHDAY;Pascua y Fiestas
22821;GIFT BAG PSYCHEDELIC APPLES;Bolsos y Carteras
22822;CREAM WALL PLANTER HEART SHAPED;Sin clasificar
22823;CHEST NATURAL WOOD 20 DRAWERS;Cajas y Almacenamiento
22824;3 TIER SWEETHEART GARDEN SHELF;Jardín y Exterior
22825;DECORATIVE PLANT POT WITH FRIEZE;Jardín y Exterior
22826;LOVE SEAT ANTIQUE WHITE METAL;Cocina y Mesa
22827;RUSTIC SEVENTEEN DRAWER SIDEBOARD;Cajas y Almacenamiento
22828;REGENCY MIRROR WITH SHUTTERS;Espejos, Relojes y Arte de Pared
22829;SWEETHEART WIRE WALL TIDY;Espejos, Relojes y Arte de Pared
22830;UTILTY CABINET WITH HOOKS;Cajas y Almacenamiento
22831;WHITE BROCANTE SOAP DISH;Cocina y Mesa
22832;BROCANTE SHELF WITH HOOKS;Sin clasificar
22833;HALL CABINET WITH 3 DRAWERS;Cajas y Almacenamiento
22834;HAND WARMER BABUSHKA DESIGN;Botellas de Agua Caliente y Confort
22835;HOT WATER BOTTLE I AM SO POORLY;Botellas de Agua Caliente y Confort
22837;HOT WATER BOTTLE BABUSHKA;Botellas de Agua Caliente y Confort
22838;3 TIER CAKE TIN RED AND CREAM;Cocina y Mesa
22839;3 TIER CAKE TIN GREEN AND CREAM;Cocina y Mesa
22840;ROUND CAKE TIN VINTAGE RED;Cocina y Mesa
22841;ROUND CAKE TIN VINTAGE GREEN;Cocina y Mesa
22842;BISCUIT TIN VINTAGE RED;Cocina y Mesa
22843;BISCUIT TIN VINTAGE GREEN;Cocina y Mesa
22844;VINTAGE CREAM DOG FOOD CONTAINER;Sin clasificar
22845;VINTAGE CREAM CAT FOOD CONTAINER;Sin clasificar
22846;BREAD BIN DINER STYLE RED;Cocina y Mesa
22847;BREAD BIN DINER STYLE IVORY;Cocina y Mesa
22848;BREAD BIN DINER STYLE PINK;Cocina y Mesa
22849;BREAD BIN DINER STYLE MINT;Cocina y Mesa
22850;BREAD BIN DINER STYLE BLACK;Cocina y Mesa
22851;SET 20 NAPKINS FAIRY CAKES DESIGN;Cocina y Mesa
22852;DOG BOWL VINTAGE CREAM;Cocina y Mesa
22853;CAT BOWL VINTAGE CREAM;Cocina y Mesa
22854;CREAM SWEETHEART EGG HOLDER;Cocina y Mesa
22855;FINE WICKER HEART;Decoración del Hogar
22856;ASSORTED EASTER DECORATIONS BELLS;Pascua y Fiestas
22857;ASSORTED EASTER GIFT TAGS;Pascua y Fiestas
22858;EASTER TIN KEEPSAKE;Pascua y Fiestas
22859;EASTER TIN BUNNY BOUQUET;Pascua y Fiestas
22860;EASTER TIN CHICKS PINK DAISY;Pascua y Fiestas
22861;EASTER TIN CHICKS IN GARDEN;Pascua y Fiestas
22862;LOVE HEART NAPKIN BOX;Cocina y Mesa
22863;SOAP DISH BROCANTE;Sin clasificar
22864;MUG AND COASTER SET RED CIRCLES;Cocina y Mesa
22865;HAND WARMER OWL DESIGN;Botellas de Agua Caliente y Confort
22866;HAND WARMER SCOTTY DOG DESIGN;Botellas de Agua Caliente y Confort
22867;HAND WARMER BIRD DESIGN;Botellas de Agua Caliente y Confort
22868;NUMBER TILE COTTAGE GARDEN 0;Jardín y Exterior
22869;NUMBER TILE COTTAGE GARDEN 1;Jardín y Exterior
22870;NUMBER TILE COTTAGE GARDEN 2;Jardín y Exterior
22871;NUMBER TILE COTTAGE GARDEN 3;Jardín y Exterior
22872;NUMBER TILE COTTAGE GARDEN 4;Jardín y Exterior
22873;NUMBER TILE COTTAGE GARDEN 5;Jardín y Exterior
22874;NUMBER TILE COTTAGE GARDEN 6;Jardín y Exterior
22875;NUMBER TILE COTTAGE GARDEN 7;Jardín y Exterior
22876;NUMBER TILE COTTAGE GARDEN 8;Jardín y Exterior
22877;NUMBER TILE COTTAGE GARDEN 9;Jardín y Exterior
22878;NUMBER TILE COTTAGE GARDEN NO;Jardín y Exterior
22879;NUMBER TILE VINTAGE FONT 0;Sin clasificar
22880;NUMBER TILE VINTAGE FONT 1;Sin clasificar
22881;NUMBER TILE VINTAGE FONT 2;Sin clasificar
22882;NUMBER TILE VINTAGE FONT 3;Sin clasificar
22883;NUMBER TILE VINTAGE FONT 4;Cocina y Mesa
22884;NUMBER TILE VINTAGE FONT 5;Sin clasificar
22885;NUMBER TILE VINTAGE FONT 6;Sin clasificar
22886;NUMBER TILE VINTAGE FONT 7;Sin clasificar
22887;NUMBER TILE VINTAGE FONT 8;Sin clasificar
22888;NUMBER TILE VINTAGE FONT 9;Sin clasificar
22889;NUMBER TILE VINTAGE FONT NO;Sin clasificar
22890;NOVELTY BISCUITS CAKE STAND 3 TIER;Cocina y Mesa
22891;TEA FOR ONE POLKADOT;Cocina y Mesa
22892;SET OF SALT AND PEPPER TOADSTOOLS;Sin clasificar
22893;MINI CAKE STAND T LIGHT HOLDER;Cocina y Mesa
22894;TABLECLOTH RED APPLES DESIGN;Cocina y Mesa
22895;SET OF 2 TEA TOWELS APPLE AND PEARS;Cocina y Mesa
22896;PEG BAG APPLES DESIGN;Bolsos y Carteras
22897;OVEN MITT APPLES DESIGN;Sin clasificar
22898;CHILDRENS APRON APPLES DESIGN;Cocina y Mesa
22899;CHILDREN S APRON DOLLY GIRL;Cocina y Mesa
22900;SET 2 TEA TOWELS I LOVE LONDON;Cocina y Mesa
22902;TOTE BAG I LOVE LONDON;Bolsos y Carteras
22903;CALENDAR FAMILY FAVOURITES;Navidad
22904;CALENDAR PAPER CUT DESIGN;Sin clasificar
22905;CALENDAR IN SEASON DESIGN;Sin clasificar
22906;12 MESSAGE CARDS WITH ENVELOPES;Papelería y Tarjetería
22907;PACK OF 20 NAPKINS PANTRY DESIGN;Cocina y Mesa
22908;PACK OF 20 NAPKINS RED APPLES;Cocina y Mesa
22909;SET OF 20 VINTAGE CHRISTMAS NAPKINS;Navidad
22910;PAPER CHAIN KIT VINTAGE CHRISTMAS;Navidad
22911;PAPER CHAIN KIT LONDON;Papelería y Tarjetería
22912;YELLOW COAT RACK PARIS FASHION;Cajas y Almacenamiento
22913;RED COAT RACK PARIS FASHION;Cajas y Almacenamiento
22914;BLUE COAT RACK PARIS FASHION;Cajas y Almacenamiento
22915;ASSORTED BOTTLE TOP MAGNETS;Sin clasificar
22916;HERB MARKER THYME;Sin clasificar
22917;HERB MARKER ROSEMARY;Cocina y Mesa
22918;HERB MARKER PARSLEY;Sin clasificar
22919;HERB MARKER MINT;Sin clasificar
22920;HERB MARKER BASIL;Sin clasificar
22921;HERB MARKER CHIVES;Sin clasificar
22922;FRIDGE MAGNETS US DINER ASSORTED;Cocina y Mesa
22923;FRIDGE MAGNETS LES ENFANTS ASSORTED;Sin clasificar
22924;FRIDGE MAGNETS LA VIE EN ROSE;Sin clasificar
22925;BLUE GIANT GARDEN THERMOMETER;Jardín y Exterior
22926;IVORY GIANT GARDEN THERMOMETER;Jardín y Exterior
22927;GREEN GIANT GARDEN THERMOMETER;Jardín y Exterior
22928;YELLOW GIANT GARDEN THERMOMETER;Jardín y Exterior
22929;SCHOOL DESK AND CHAIR;Papelería y Tarjetería
22930;BAKING MOULD HEART MILK CHOCOLATE;Cocina y Mesa
22931;BAKING MOULD HEART WHITE CHOCOLATE;Cocina y Mesa
22932;BAKING MOULD TOFFEE CUP CHOCOLATE;Cocina y Mesa
22933;BAKING MOULD EASTER EGG MILK CHOC;Pascua y Fiestas
22934;BAKING MOULD EASTER EGG WHITE CHOC;Pascua y Fiestas
22935;BAKING MOULD ROSE MILK CHOCOLATE;Cocina y Mesa
22936;BAKING MOULD ROSE WHITE CHOCOLATE;Cocina y Mesa
22937;BAKING MOULD CHOCOLATE CUPCAKES;Cocina y Mesa
22938;CUPCAKE LACE PAPER SET 6;Cocina y Mesa
22939;APRON APPLE DELIGHT;Cocina y Mesa
22940;FELTCRAFT CHRISTMAS FAIRY;Navidad
22941;CHRISTMAS LIGHTS 10 REINDEER;Navidad
22942;CHRISTMAS LIGHTS 10 SANTAS;Navidad
22943;CHRISTMAS LIGHTS 10 VINTAGE BAUBLES;Navidad
22944;CHRISTMAS METAL POSTCARD WITH BELLS;Navidad
22945;CHRISTMAS METAL TAGS ASSORTED;Navidad
22946;WOODEN ADVENT CALENDAR CREAM;Navidad
22947;WOODEN ADVENT CALENDAR RED;Navidad
22948;METAL DECORATION NAUGHTY CHILDREN;Decoración del Hogar
22949;36 DOILIES DOLLY GIRL;Papelería y Tarjetería
22950;36 DOILIES VINTAGE CHRISTMAS;Navidad
22951;60 CAKE CASES DOLLY GIRL DESIGN;Cocina y Mesa
22952;60 CAKE CASES VINTAGE CHRISTMAS;Navidad
22953;BIRTHDAY PARTY CORDON BARRIER TAPE;Pascua y Fiestas
22954;HEN PARTY CORDON BARRIER TAPE;Pascua y Fiestas
22955;36 FOIL STAR CAKE CASES;Cocina y Mesa
22956;36 FOIL HEART CAKE CASES;Cocina y Mesa
22957;SET 3 PAPER VINTAGE CHICK PAPER EGG;Sin clasificar
22959;WRAP CHRISTMAS VILLAGE;Navidad
22960;JAM MAKING SET WITH JARS;Cocina y Mesa
22961;JAM MAKING SET PRINTED;Cocina y Mesa
22962;JAM JAR WITH PINK LID;Cocina y Mesa
22963;JAM JAR WITH GREEN LID;Cocina y Mesa
22964;3 PIECE SPACEBOY COOKIE CUTTER SET;Cocina y Mesa
22965;3 TRADITIONAL BISCUIT CUTTERS SET;Cocina y Mesa
22966;GINGERBREAD MAN COOKIE CUTTER;Cocina y Mesa
22967;SET 3 SONG BIRD PAPER EGGS ASSORTED;Sin clasificar
22968;ROSE COTTAGE KEEPSAKE BOX;Cajas y Almacenamiento
22969;HOMEMADE JAM SCENTED CANDLES;Cocina y Mesa
22970;LONDON BUS COFFEE MUG;Cocina y Mesa
22971;QUEENS GUARD COFFEE MUG;Cocina y Mesa
22972;CHILDREN S SPACEBOY MUG;Cocina y Mesa
22973;CHILDREN S CIRCUS PARADE MUG;Cocina y Mesa
22974;CHILDRENS DOLLY GIRL MUG;Cocina y Mesa
22975;SPACEBOY CHILDRENS EGG CUP;Cocina y Mesa
22976;CIRCUS PARADE CHILDRENS EGG CUP;Cocina y Mesa
22977;DOLLY GIRL CHILDRENS EGG CUP;Cocina y Mesa
22978;PANTRY ROLLING PIN;Cocina y Mesa
22979;PANTRY WASHING UP BRUSH;Cocina y Mesa
22980;PANTRY SCRUBBING BRUSH;Cocina y Mesa
22981;PANTRY APPLE CORER;Cocina y Mesa
22982;PANTRY PASTRY BRUSH;Cocina y Mesa
22983;CARD BILLBOARD FONT;Papelería y Tarjetería
22984;CARD GINGHAM ROSE;Papelería y Tarjetería
22985;WRAP BILLBOARD FONTS DESIGN;Papelería y Tarjetería
22986;GINGHAM ROSE WRAP;Papelería y Tarjetería
22987;WRAP SUMMER ROSE DESIGN;Papelería y Tarjetería
22988;SOLDIERS EGG CUP;Cocina y Mesa
22989;SET 2 PANTRY DESIGN TEA TOWELS;Cocina y Mesa
22990;COTTON APRON PANTRY DESIGN;Cocina y Mesa
22991;GIRAFFE WOODEN RULER;Sin clasificar
22992;REVOLVER WOODEN RULER;Sin clasificar
22993;SET OF 4 PANTRY JELLY MOULDS;Cocina y Mesa
22994;TRAVEL CARD WALLET RETROSPOT;Bolsos y Carteras
22995;TRAVEL CARD WALLET SUKI;Bolsos y Carteras
22996;TRAVEL CARD WALLET VINTAGE TICKET;Bolsos y Carteras
22997;TRAVEL CARD WALLET UNION JACK;Bolsos y Carteras
22998;TRAVEL CARD WALLET KEEP CALM;Bolsos y Carteras
22999;TRAVEL CARD WALLET VINTAGE LEAF;Bolsos y Carteras
23000;TRAVEL CARD WALLET TRANSPORT;Bolsos y Carteras
23002;TRAVEL CARD WALLET SKULLS;Bolsos y Carteras
23003;TRAVEL CARD WALLET VINTAGE ROSE;Bolsos y Carteras
23004;TRAVEL CARD WALLET PANTRY;Bolsos y Carteras
23005;TRAVEL CARD WALLET I LOVE LONDON;Bolsos y Carteras
23006;TRAVEL CARD WALLET FLOWER MEADOW;Bolsos y Carteras
23007;SPACEBOY BABY GIFT SET;Sin clasificar
23008;DOLLY GIRL BABY GIFT SET;Sin clasificar
23009;I LOVE LONDON BABY GIFT SET;Sin clasificar
23010;CIRCUS PARADE BABY GIFT SET;Sin clasificar
23012;GLASS APOTHECARY BOTTLE PERFUME;Sin clasificar
23013;GLASS APOTHECARY BOTTLE TONIC;Sin clasificar
23014;GLASS APOTHECARY BOTTLE ELIXIR;Sin clasificar
23015;CORDIAL GLASS JUG;Cocina y Mesa
23016;GLASS TWIST BON BON JAR;Cocina y Mesa
23017;APOTHECARY MEASURING JAR;Cocina y Mesa
23018;LARGE APOTHECARY MEASURING JAR;Cocina y Mesa
23019;SMALL APOTHECARY MEASURING JAR;Cocina y Mesa
23020;GLASS SONGBIRD STORAGE JAR;Cajas y Almacenamiento
23021;GLASS BONNE JAM JAR;Cocina y Mesa
23022;SMALL BONNE JAM JAR T LIGHT HOLDER;Cocina y Mesa
23023;RIDGED BONNE JAM JAR T LIGHT HOLDER;Cocina y Mesa
23024;LARGE BONNE JAM JAR T LIGHT HOLDER;Cocina y Mesa
23025;DRAWER KNOB VINTAGE GLASS BALL;Cajas y Almacenamiento
23026;DRAWER KNOB VINTAGE GLASS STAR;Cajas y Almacenamiento
23027;DRAWER KNOB VINTAGE GLASS HEXAGON;Cajas y Almacenamiento
23028;DRAWER KNOB CRACKLE GLAZE BLUE;Cajas y Almacenamiento
23029;DRAWER KNOB CRACKLE GLAZE GREEN;Cajas y Almacenamiento
23031;DRAWER KNOB CRACKLE GLAZE PINK;Cajas y Almacenamiento
23032;DRAWER KNOB CRACKLE GLAZE IVORY;Cajas y Almacenamiento
23033;DRAWER KNOB CERAMIC RED;Cajas y Almacenamiento
23034;DRAWER KNOB CERAMIC BLACK;Cajas y Almacenamiento
23035;DRAWER KNOB CERAMIC IVORY;Cajas y Almacenamiento
23036;T LIGHT HOLDER SILVER PETIT FOUR;Velas e Iluminación
23037;CANDLE HOLDER SILVER MADELINE;Velas e Iluminación
23038;T LIGHT HOLDER SILVER SAUCER;Cocina y Mesa
23039;T LIGHT HOLDER SILVER HEART HANDLE;Velas e Iluminación
23040;PAPER LANTERN 9 POINT SNOW STAR;Velas e Iluminación
23041;PAPER LANTERN 9 POINT SNOW STAR;Velas e Iluminación
23042;PAPER LANTERN 7 POINT SNOW STAR;Velas e Iluminación
23043;PAPER LANTERN 9 POINT HOLLY STAR L;Navidad
23044;PAPER LANTERN 9 POINT HOLLY STAR S;Navidad
23045;PAPER LANTERN 5 POINT STAR MOON;Velas e Iluminación
23046;PAPER LANTERN 9 POINT DELUXE STAR;Velas e Iluminación
23047;PAPER LANTERN 5 POINT SEQUIN STAR;Velas e Iluminación
23048;SET OF 10 LANTERNS FAIRY LIGHT STAR;Velas e Iluminación
23049;RECYCLED ACAPULCO MAT RED;Textiles del Hogar
23050;RECYCLED ACAPULCO MAT GREEN;Textiles del Hogar
23051;RECYCLED ACAPULCO MAT BLUE;Textiles del Hogar
23052;RECYCLED ACAPULCO MAT TURQUOISE;Textiles del Hogar
23053;RECYCLED ACAPULCO MAT PINK;Textiles del Hogar
23054;RECYCLED ACAPULCO MAT LAVENDER;Textiles del Hogar
23055;IVORY CHANDELIER T LIGHT HOLDER;Velas e Iluminación
23056;FLOWERS CHANDELIER T LIGHT HOLDER;Velas e Iluminación
23057;BEADED CHANDELIER T LIGHT HOLDER;Velas e Iluminación
23058;CHRISTMAS HANGING SNOWFLAKE;Navidad
23060;HEART BEADED TRELLIS DECORATION;Decoración del Hogar
23061;VINTAGE EMBOSSED HEART;Cocina y Mesa
23064;CINDERELLA CHANDELIER;Velas e Iluminación
23065;LARGE DECO JEWELLERY STAND;Joyería y Bijouterie
23066;SMALL DECO JEWELLERY STAND;Joyería y Bijouterie
23067;HANGING ENGRAVED METAL HEART;Decoración del Hogar
23068;ALUMINIUM STAMPED HEART;Cocina y Mesa
23069;EDWARDIAN PHOTO FRAME;Marcos y Fotografía
23070;EDWARDIAN HEART PHOTO FRAME;Marcos y Fotografía
23071;MARIE ANTOINETTE TRINKET BOX GOLD;Cajas y Almacenamiento
23072;MARIE ANTOINETTE TRINKET BOX SILVER;Cajas y Almacenamiento
23073;GEORGIAN TRINKET BOX;Cajas y Almacenamiento
23074;EMBOSSED HEART TRINKET BOX;Cajas y Almacenamiento
23075;PARLOUR CERAMIC WALL HOOK;Espejos, Relojes y Arte de Pared
23076;ICE CREAM SUNDAE LIP GLOSS;Papelería y Tarjetería
23077;DOUGHNUT LIP GLOSS;Sin clasificar
23078;ICE CREAM PEN LIP GLOSS;Papelería y Tarjetería
23079;TOADSTOOL BEDSIDE LIGHT;Velas e Iluminación
23080;RED METAL BOX TOP SECRET;Cajas y Almacenamiento
23081;GREEN METAL BOX ARMY SUPPLIES;Cajas y Almacenamiento
23082;SET 6 PAPER TABLE LANTERN HEARTS;Velas e Iluminación
23083;SET 6 PAPER TABLE LANTERN STARS;Velas e Iluminación
23084;RABBIT NIGHT LIGHT;Velas e Iluminación
23085;ANTIQUE SILVER BAUBLE LAMP;Navidad
23086;ZINC STAR T LIGHT HOLDER;Velas e Iluminación
23087;ZINC HEART T LIGHT HOLDER;Velas e Iluminación
23088;ZINC HEART FLOWER T LIGHT HOLDER;Velas e Iluminación
23089;GLASS BON BON JAR;Cocina y Mesa
23090;VINTAGE GLASS T LIGHT HOLDER;Velas e Iluminación
23091;ZINC HERB GARDEN CONTAINER;Jardín y Exterior
23092;LARGE ANTIQUE WHITE PHOTO FRAME;Marcos y Fotografía
23093;SMALL PARISIENNE HEART PHOTO FRAME;Marcos y Fotografía
23094;LE GRAND TRAY CHIC SET;Sin clasificar
23096;PETIT TRAY CHIC;Sin clasificar
23099;FRENCH CARRIAGE LANTERN;Velas e Iluminación
23100;SILVER BELLS TABLE DECORATION;Decoración del Hogar
23101;SILVER STARS TABLE DECORATION;Decoración del Hogar
23102;SILVER HEARTS TABLE DECORATION;Decoración del Hogar
23103;JINGLE BELL HEART DECORATION;Decoración del Hogar
23104;IVORY CAFE HANGING LAMP;Decoración del Hogar
23106;ZINC HEARTS PLANT POT HOLDER;Jardín y Exterior
23107;WHITE HEARTS WIRE PLANT POT HOLDER;Jardín y Exterior
23108;SET OF 10 LED DOLLY LIGHTS;Velas e Iluminación
23109;PACK OF SIX LED TEA LIGHTS;Velas e Iluminación
23110;PARISIENNE KEY CABINET;Cajas y Almacenamiento
23111;PARISIENNE SEWING BOX;Cajas y Almacenamiento
23112;PARISIENNE CURIO CABINET;Cajas y Almacenamiento
23113;PANTRY CHOPPING BOARD;Cocina y Mesa
23114;VINTAGE LEAF CHOPPING BOARD;Decoración del Hogar
23115;RED APPLES CHOPPING BOARD;Decoración del Hogar
23116;VEGETABLE GARDEN CHOPPING BOARD;Jardín y Exterior
23117;POPPY FIELDS CHOPPING BOARD;Decoración del Hogar
23118;PARISIENNE JEWELLERY DRAWER;Joyería y Bijouterie
23119;PACK OF 6 LARGE FRUIT STRAWS;Cocina y Mesa
23120;PACK OF 6 SMALL FRUIT STRAWS;Cocina y Mesa
23121;PACK OF 6 COCKTAIL PARASOL STRAWS;Jardín y Exterior
23122;PARTY CHARMS 50 PIECES;Sin clasificar
23123;COCKTAIL SWORDS 50 PIECES;Papelería y Tarjetería
23124;18PC WOODEN CUTLERY SET DISPOSABLE;Cocina y Mesa
23125;6PC WOOD PLATE SET DISPOSABLE;Cocina y Mesa
23126;FELTCRAFT GIRL AMELIE KIT;Papelería y Tarjetería
23127;FELTCRAFT GIRL NICOLE KIT;Papelería y Tarjetería
23128;FELTCRAFT BOY JEAN PAUL KIT;Papelería y Tarjetería
23129;HEART SHAPED HOLLY WREATH;Navidad
23130;MISTLETOE HEART WREATH GREEN;Navidad
23131;MISTLETOE HEART WREATH CREAM;Navidad
23132;SMALL IVORY HEART WALL ORGANISER;Sin clasificar
23133;LARGE IVORY HEART WALL ORGANISER;Sin clasificar
23134;LARGE ZINC HEART WALL ORGANISER;Sin clasificar
23135;SMALL ZINC HEART WALL ORGANISER;Sin clasificar
23136;IVORY WIRE SWEETHEART LETTER TRAY;Cocina y Mesa
23137;ZINC WIRE SWEETHEART LETTER TRAY;Sin clasificar
23138;SINGLE WIRE HOOK IVORY HEART;Sin clasificar
23139;SINGLE WIRE HOOK PINK HEART;Sin clasificar
23140;TRIPLE WIRE HOOK IVORY HEART;Sin clasificar
23141;TRIPLE WIRE HOOK PINK HEART;Sin clasificar
23142;IVORY WIRE KITCHEN ORGANISER;Sin clasificar
23143;ZINC WIRE KITCHEN ORGANISER;Decoración del Hogar
23144;ZINC T LIGHT HOLDER STARS SMALL;Velas e Iluminación
23145;ZINC T LIGHT HOLDER STAR LARGE;Velas e Iluminación
23146;TRIPLE HOOK ANTIQUE IVORY ROSE;Cocina y Mesa
23147;SINGLE ANTIQUE ROSE HOOK IVORY;Sin clasificar
23148;MINIATURE ANTIQUE ROSE HOOK IVORY;Cocina y Mesa
23149;ANTIQUE IVORY WIRE BOWL SMALL;Cocina y Mesa
23150;IVORY SWEETHEART SOAP DISH;Cocina y Mesa
23151;ZINC SWEETHEART SOAP DISH;Sin clasificar
23152;IVORY SWEETHEART WIRE LETTER RACK;Sin clasificar
23153;ZINC SWEETHEART WIRE LETTER RACK;Sin clasificar
23154;SET OF 4 JAM JAR MAGNETS;Cocina y Mesa
23155;KNICKERBOCKERGLORY MAGNET ASSORTED;Decoración del Hogar
23156;SET OF 5 MINI GROCERY MAGNETS;Sin clasificar
23157;SET OF 6 NATIVITY MAGNETS;Navidad
23158;SET OF 5 LUCKY CAT MAGNETS;Sin clasificar
23159;SET OF 5 PANCAKE DAY MAGNETS;Cocina y Mesa
23160;REGENCY TEA SPOON;Cocina y Mesa
23161;REGENCY CAKE FORK;Cocina y Mesa
23162;REGENCY TEA STRAINER;Cocina y Mesa
23163;REGENCY SUGAR TONGS;Cocina y Mesa
23164;REGENCY CAKE SLICE;Cocina y Mesa
23165;LARGE CERAMIC TOP STORAGE JAR;Cajas y Almacenamiento
23166;MEDIUM CERAMIC TOP STORAGE JAR;Cajas y Almacenamiento
23167;SMALL CERAMIC TOP STORAGE JAR;Cajas y Almacenamiento
23168;CLASSIC CAFE SUGAR DISPENSER;Cocina y Mesa
23169;CLASSIC GLASS COOKIE JAR;Cocina y Mesa
23170;REGENCY TEA PLATE ROSES;Cocina y Mesa
23171;REGENCY TEA PLATE GREEN;Cocina y Mesa
23172;REGENCY TEA PLATE PINK;Cocina y Mesa
23173;REGENCY TEAPOT ROSES;Cocina y Mesa
23174;REGENCY SUGAR BOWL GREEN;Cocina y Mesa
23175;REGENCY MILK JUG PINK;Cocina y Mesa
23176;ABC TREASURE BOOK BOX;Cajas y Almacenamiento
23177;TREASURE ISLAND BOOK BOX;Cajas y Almacenamiento
23178;JAM CLOCK MAGNET;Espejos, Relojes y Arte de Pared
23179;CLOCK MAGNET MUM S KITCHEN;Espejos, Relojes y Arte de Pared
23180;MUM S KITCHEN CLOCK;Espejos, Relojes y Arte de Pared
23181;BULL DOG BOTTLE TOP WALL CLOCK;Espejos, Relojes y Arte de Pared
23182;TOILET SIGN OCCUPIED OR VACANT;Carteles y Señalética
23183;MOTHER S KITCHEN SPOON REST;Cocina y Mesa
23184;BULL DOG BOTTLE OPENER;Papelería y Tarjetería
23185;FRENCH STYLE STORAGE JAR JAM;Cajas y Almacenamiento
23186;FRENCH STYLE STORAGE JAR CAFE;Cajas y Almacenamiento
23187;FRENCH STYLE STORAGE JAR BONBONS;Cajas y Almacenamiento
23188;VINTAGE 2 METER FOLDING RULER;Sin clasificar
23189;SET OF 12 FORK CANDLES;Cocina y Mesa
23190;BUNDLE OF 3 SCHOOL EXERCISE BOOKS;Velas e Iluminación
23191;BUNDLE OF 3 RETRO NOTE BOOKS;Sin clasificar
23192;BUNDLE OF 3 ALPHABET EXERCISE BOOKS;Sin clasificar
23193;BUFFALO BILL TREASURE BOOK BOX;Cajas y Almacenamiento
23194;GYMKHANA TREASURE BOOK BOX;Cajas y Almacenamiento
23196;VINTAGE LEAF MAGNETIC NOTEPAD;Papelería y Tarjetería
23197;SKETCHBOOK MAGNETIC SHOPPING LIST;Cocina y Mesa
23198;PANTRY MAGNETIC SHOPPING LIST;Cocina y Mesa
23199;JUMBO BAG APPLES;Bolsos y Carteras
23200;JUMBO BAG PEARS;Bolsos y Carteras
23201;JUMBO BAG ALPHABET;Bolsos y Carteras
23202;JUMBO BAG VINTAGE LEAF;Bolsos y Carteras
23203;JUMBO BAG VINTAGE DOILY;Bolsos y Carteras
23204;CHARLOTTE BAG APPLES DESIGN;Bolsos y Carteras
23205;CHARLOTTE BAG VINTAGE ALPHABET;Bolsos y Carteras
23206;LUNCH BAG APPLE DESIGN;Bolsos y Carteras
23207;LUNCH BAG ALPHABET DESIGN;Bolsos y Carteras
23208;LUNCH BAG VINTAGE LEAF DESIGN;Bolsos y Carteras
23209;LUNCH BAG VINTAGE DOILY;Bolsos y Carteras
23210;WHITE ROCKING HORSE HAND PAINTED;Navidad
23211;RED ROCKING HORSE HAND PAINTED;Navidad
23212;HEART WREATH DECORATION WITH BELL;Decoración del Hogar
23213;STAR WREATH DECORATION WITH BELL;Decoración del Hogar
23214;JINGLE BELL HEART ANTIQUE GOLD;Sin clasificar
23215;JINGLE BELL HEART ANTIQUE SILVER;Sin clasificar
23216;LAUREL HEART ANTIQUE GOLD;Sin clasificar
23217;LAUREL HEART ANTIQUE SILVER;Cocina y Mesa
23218;LAUREL STAR ANTIQUE GOLD;Sin clasificar
23219;LAUREL STAR ANTIQUE SILVER;Cocina y Mesa
23220;REINDEER HEART DECORATION GOLD;Navidad
23221;REINDEER HEART DECORATION SILVER;Navidad
23222;CHRISTMAS TREE HANGING GOLD;Navidad
23223;CHRISTMAS TREE HANGING SILVER;Navidad
23224;CHERUB HEART DECORATION GOLD;Decoración del Hogar
23225;CHERUB HEART DECORATION SILVER;Decoración del Hogar
23226;FILIGREE HEART DAISY WHITE;Sin clasificar
23227;FILIGREE HEART BUTTERFLY WHITE;Sin clasificar
23228;FILIGREE HEART BIRD WHITE;Decoración del Hogar
23229;VINTAGE DONKEY TAIL GAME;Papelería y Tarjetería
23230;WRAP ALPHABET DESIGN;Papelería y Tarjetería
23231;WRAP DOILEY DESIGN;Papelería y Tarjetería
23232;WRAP VINTAGE LEAF DESIGN;Papelería y Tarjetería
23233;WRAP POPPIES DESIGN;Papelería y Tarjetería
23234;BISCUIT TIN VINTAGE CHRISTMAS;Navidad
23235;STORAGE TIN VINTAGE LEAF;Cajas y Almacenamiento
23236;STORAGE TIN VINTAGE DOILY;Cajas y Almacenamiento
23237;SET OF 4 KNICK KNACK TINS LEAF;Cocina y Mesa
23238;SET OF 4 KNICK KNACK TINS LONDON;Cocina y Mesa
23239;SET OF 4 KNICK KNACK TINS POPPIES;Cocina y Mesa
23240;SET OF 4 KNICK KNACK TINS DOILY;Papelería y Tarjetería
23241;TREASURE TIN GYMKHANA DESIGN;Cocina y Mesa
23242;TREASURE TIN BUFFALO BILL;Sin clasificar
23243;SET OF TEA COFFEE SUGAR TINS PANTRY;Cocina y Mesa
23244;ROUND STORAGE TIN VINTAGE LEAF;Cajas y Almacenamiento
23245;SET OF 3 REGENCY CAKE TINS;Cocina y Mesa
23247;BISCUIT TIN 50 S CHRISTMAS;Navidad
23249;VINTAGE RED ENAMEL TRIM PLATE;Cocina y Mesa
23250;VINTAGE RED TRIM ENAMEL BOWL;Cocina y Mesa
23251;VINTAGE RED ENAMEL TRIM MUG;Cocina y Mesa
23252;VINTAGE RED ENAMEL TRIM JUG;Cocina y Mesa
23253;16 PIECE CUTLERY SET PANTRY DESIGN;Cocina y Mesa
23254;CHILDRENS CUTLERY DOLLY GIRL;Cocina y Mesa
23255;CHILDRENS CUTLERY CIRCUS PARADE;Cocina y Mesa
23256;CHILDRENS CUTLERY SPACEBOY;Cocina y Mesa
23263;SET OF 3 WOODEN HEART DECORATIONS;Decoración del Hogar
23264;SET OF 3 WOODEN SLEIGH DECORATIONS;Decoración del Hogar
23265;SET OF 3 WOODEN TREE DECORATIONS;Decoración del Hogar
23266;SET OF 3 WOODEN STOCKING DECORATION;Navidad
23267;SET OF 4 SANTA PLACE SETTINGS;Navidad
23268;SET OF 2 CERAMIC CHRISTMAS REINDEER;Navidad
23269;SET OF 2 CERAMIC CHRISTMAS TREES;Navidad
23270;SET OF 2 CERAMIC PAINTED HEARTS;Cocina y Mesa
23271;CHRISTMAS TABLE SILVER CANDLE SPIKE;Navidad
23272;TREE T LIGHT HOLDER WILLIE WINKIE;Velas e Iluminación
23273;HEART T LIGHT HOLDER WILLIE WINKIE;Velas e Iluminación
23274;STAR T LIGHT HOLDER WILLIE WINKIE;Velas e Iluminación
23275;SET OF 3 HANGING OWLS OLLIE BEAK;Sin clasificar
23280;FOLDING BUTTERFLY MIRROR HOT PINK;Espejos, Relojes y Arte de Pared
23281;FOLDING BUTTERFLY MIRROR RED;Espejos, Relojes y Arte de Pared
23282;FOLDING BUTTERFLY MIRROR IVORY;Espejos, Relojes y Arte de Pared
23283;DOORMAT VINTAGE LEAF;Textiles del Hogar
23284;DOORMAT KEEP CALM AND COME IN;Textiles del Hogar
23285;PINK VINTAGE SPOT BEAKER;Sin clasificar
23286;BLUE VINTAGE SPOT BEAKER;Sin clasificar
23287;RED VINTAGE SPOT BEAKER;Sin clasificar
23288;GREEN VINTAGE SPOT BEAKER;Sin clasificar
23289;DOLLY GIRL CHILDRENS BOWL;Cocina y Mesa
23290;SPACEBOY CHILDRENS BOWL;Cocina y Mesa
23291;DOLLY GIRL CHILDRENS CUP;Cocina y Mesa
23292;SPACEBOY CHILDRENS CUP;Cocina y Mesa
23293;SET OF 12 FAIRY CAKE BAKING CASES;Cocina y Mesa
23294;SET OF 6 SNACK LOAF BAKING CASES;Cocina y Mesa
23295;SET OF 12 MINI LOAF BAKING CASES;Cocina y Mesa
23296;SET OF 6 TEA TIME BAKING CASES;Cocina y Mesa
23297;SET 40 HEART SHAPE PETIT FOUR CASES;Cocina y Mesa
23298;SPOTTY BUNTING;Pascua y Fiestas
23299;FOOD COVER WITH BEADS SET 2;Sin clasificar
23300;GARDENERS KNEELING PAD CUP OF TEA;Jardín y Exterior
23301;GARDENERS KNEELING PAD KEEP CALM;Jardín y Exterior
23302;KNEELING MAT HOUSEWORK DESIGN;Textiles del Hogar
23303;SET 4 PICNIC CUTLERY FONDANT;Cocina y Mesa
23304;SET 4 PICNIC CUTLERY CHERRY;Cocina y Mesa
23305;SET 4 PICNIC CUTLERY BLUEBERRY;Cocina y Mesa
23306;SET OF 36 DOILIES PANTRY DESIGN;Papelería y Tarjetería
23307;SET OF 60 PANTRY DESIGN CAKE CASES;Cocina y Mesa
23308;SET OF 60 VINTAGE LEAF CAKE CASES;Cocina y Mesa
23309;SET OF 60 I LOVE LONDON CAKE CASES;Cocina y Mesa
23310;BUBBLEGUM RING ASSORTED;Joyería y Bijouterie
23311;VINTAGE CHRISTMAS STOCKING;Navidad
23312;VINTAGE CHRISTMAS GIFT SACK;Navidad
23313;VINTAGE CHRISTMAS BUNTING;Navidad
23314;VINTAGE CHRISTMAS TABLECLOTH;Navidad
23315;IVORY REFECTORY CLOCK;Espejos, Relojes y Arte de Pared
23316;RED REFECTORY CLOCK;Espejos, Relojes y Arte de Pared
23317;BLUE REFECTORY CLOCK;Espejos, Relojes y Arte de Pared
23318;BOX OF 6 MINI VINTAGE CRACKERS;Sin clasificar
23319;BOX OF 6 MINI 50 S CRACKERS;Sin clasificar
23320;GIANT 50 S CHRISTMAS CRACKER;Navidad
23321;SMALL WHITE HEART OF WICKER;Decoración del Hogar
23322;LARGE WHITE HEART OF WICKER;Decoración del Hogar
23323;WHITE WICKER STAR;Decoración del Hogar
23324;RUSTIC STRAWBERRY JAM POT LARGE;Cocina y Mesa
23325;RUSTIC STRAWBERRY JAM POT SMALL;Cocina y Mesa
23326;HANGING MINI COLOURED BOTTLES;Sin clasificar
23327;HANGING CLEAR MINI BOTTLE;Sin clasificar
23328;SET 6 SCHOOL MILK BOTTLES IN CRATE;Sin clasificar
23329;DECORATIVE WICKER HEART LARGE;Decoración del Hogar
23330;DECORATIVE WICKER HEART MEDIUM;Decoración del Hogar
23331;DECORATIVE WICKER HEART SMALL;Decoración del Hogar
23332;IVORY WICKER HEART LARGE;Decoración del Hogar
23333;IVORY WICKER HEART MEDIUM;Decoración del Hogar
23334;IVORY WICKER HEART SMALL;Decoración del Hogar
23335;EGG FRYING PAN IVORY;Cocina y Mesa
23336;EGG FRYING PAN PINK;Cocina y Mesa
23337;EGG FRYING PAN MINT;Cocina y Mesa
23338;EGG FRYING PAN RED;Cocina y Mesa
23339;EGG FRYING PAN BLUE;Cocina y Mesa
23340;VINTAGE CHRISTMAS CAKE FRILL;Navidad
23341;PINK DINER WALL CLOCK;Espejos, Relojes y Arte de Pared
23342;MINT DINER WALL CLOCK;Espejos, Relojes y Arte de Pared
23343;JUMBO BAG VINTAGE CHRISTMAS;Navidad
23344;JUMBO BAG 50 S CHRISTMAS;Navidad
23345;DOLLY GIRL BEAKER;Sin clasificar
23346;SPACEBOY BEAKER;Sin clasificar
23347;I LOVE LONDON BEAKER;Sin clasificar
23348;CHILDRENS TOY COOKING UTENSIL SET;Cocina y Mesa
23349;ROLL WRAP VINTAGE CHRISTMAS;Navidad
23350;ROLL WRAP VINTAGE SPOT;Papelería y Tarjetería
23351;ROLL WRAP 50 S CHRISTMAS;Navidad
23352;ROLL WRAP 50 S RED CHRISTMAS;Navidad
23353;6 GIFT TAGS VINTAGE CHRISTMAS;Navidad
23354;6 GIFT TAGS 50 S CHRISTMAS;Navidad
23355;HOT WATER BOTTLE KEEP CALM;Botellas de Agua Caliente y Confort
23356;LOVE HOT WATER BOTTLE;Botellas de Agua Caliente y Confort
23357;HOT WATER BOTTLE SEX BOMB;Botellas de Agua Caliente y Confort
23358;HOT STUFF HOT WATER BOTTLE;Botellas de Agua Caliente y Confort
23359;SET OF 12 T LIGHTS VINTAGE DOILY;Papelería y Tarjetería
23360;SET 8 CANDLES VINTAGE DOILY;Papelería y Tarjetería
23365;SET 12 COLOUR PENCILS LOVE LONDON;Papelería y Tarjetería
23366;SET 12 COLOURING PENCILS DOILY;Papelería y Tarjetería
23367;SET 12 COLOUR PENCILS SPACEBOY;Papelería y Tarjetería
23368;SET 12 COLOUR PENCILS DOLLY GIRL;Papelería y Tarjetería
23369;SET 36 COLOUR PENCILS LOVE LONDON;Papelería y Tarjetería
23370;SET 36 COLOURING PENCILS DOILY;Papelería y Tarjetería
23371;SET 36 COLOUR PENCILS SPACEBOY;Papelería y Tarjetería
23372;SET 36 COLOUR PENCILS DOLLY GIRL;Papelería y Tarjetería
23373;VINTAGE CHRISTMAS PAPER GIFT BAG;Navidad
23374;RED SPOT PAPER GIFT BAG;Bolsos y Carteras
23375;50 S CHRISTMAS PAPER GIFT BAG;Navidad
23376;PACK OF 12 VINTAGE CHRISTMAS TISSUE;Navidad
23377;PACK OF 12 DOLLY GIRL TISSUES;Papelería y Tarjetería
23378;PACK OF 12 50 S CHRISTMAS TISSUES;Navidad
23379;PACK OF 12 RED APPLE TISSUES;Sin clasificar
23380;PACK OF 12 VINTAGE DOILY TISSUES;Papelería y Tarjetería
23381;PACK OF 12 VINTAGE LEAF TISSUES;Papelería y Tarjetería
23382;BOX OF 6 CHRISTMAS CAKE DECORATIONS;Navidad
23388;WOODLAND MINI BACKPACK;Bolsos y Carteras
23389;SPACEBOY MINI BACKPACK;Bolsos y Carteras
23390;DOLLY GIRL MINI BACKPACK;Bolsos y Carteras
23391;I LOVE LONDON MINI BACKPACK;Bolsos y Carteras
23392;SPACEBOY ROCKET LOLLY MAKERS;Sin clasificar
23393;HOME SWEET HOME CUSHION COVER;Textiles del Hogar
23394;POSTE FRANCE CUSHION COVER;Textiles del Hogar
23395;BELLE JARDINIERE CUSHION COVER;Textiles del Hogar
23396;LE JARDIN BOTANIQUE CUSHION COVER;Textiles del Hogar
23397;FOOT STOOL HOME SWEET HOME;Sin clasificar
23398;HANGING HEART BONHEUR;Decoración del Hogar
23399;HOME SWEET HOME HANGING HEART;Decoración del Hogar
23400;SHELF WITH 4 HOOKS HOME SWEET HOME;Sin clasificar
23401;RUSTIC MIRROR WITH LACE HEART;Espejos, Relojes y Arte de Pared
23402;HOME SWEET HOME 3 PEG HANGER;Sin clasificar
23403;LETTER HOLDER HOME SWEET HOME;Sin clasificar
23404;HOME SWEET HOME BLACKBOARD;Decoración del Hogar
23405;HOME SWEET HOME 2 DRAWER CABINET;Cajas y Almacenamiento
23406;HOME SWEET HOME KEY HOLDER;Sin clasificar
23407;SET OF 2 TRAYS HOME SWEET HOME;Sin clasificar
23408;PHOTO FRAME LINEN AND LACE SMALL;Marcos y Fotografía
23409;PHOTO FRAME LINEN AND LACE LARGE;Marcos y Fotografía
23410;CURIO CABINET LINEN AND LACE;Cajas y Almacenamiento
23411;TRELLIS COAT RACK;Cajas y Almacenamiento
23412;HEART MIRROR ANTIQUE WHITE;Espejos, Relojes y Arte de Pared
23413;VINTAGE COFFEE GRINDER BOX;Cajas y Almacenamiento
23414;ZINC BOX SIGN HOME;Carteles y Señalética
23415;HOME SWEET HOME HOOK;Sin clasificar
23416;CHAMBRE HOOK;Sin clasificar
23417;BATHROOM HOOK;Sin clasificar
23418;LAVENDER TOILETTE BOTTLE;Sin clasificar
23419;HOME SWEET HOME BOTTLE;Sin clasificar
23420;PANTRY HOOK TEA STRAINER;Cocina y Mesa
23421;PANTRY HOOK SPATULA;Cocina y Mesa
23422;PANTRY HOOK BALLOON WHISK;Pascua y Fiestas
23423;PANTRY 3 HOOK ROLLING PIN HANGER;Cocina y Mesa
23424;GINGHAM RECIPE BOOK BOX;Cajas y Almacenamiento
23425;STORAGE TIN HOME SWEET HOME;Cajas y Almacenamiento
23426;METAL SIGN DROP YOUR PANTS;Carteles y Señalética
23427;STOOL HOME SWEET HOME;Sin clasificar
23428;IVORY RETRO KITCHEN WALL CLOCK;Espejos, Relojes y Arte de Pared
23429;RED RETRO KITCHEN WALL CLOCK;Espejos, Relojes y Arte de Pared
23430;BLUE RETRO KITCHEN WALL CLOCK;Espejos, Relojes y Arte de Pared
23431;NATURAL HANGING QUILTED HEARTS;Textiles del Hogar
23432;PRETTY HANGING QUILTED HEARTS;Textiles del Hogar
23433;HANGING QUILTED PATCHWORK APPLES;Textiles del Hogar
23434;3 RAFFIA RIBBONS 50 S CHRISTMAS;Navidad
23435;3 RAFFIA RIBBONS VINTAGE CHRISTMAS;Navidad
23436;VINTAGE CHRISTMAS GIFT BAG LARGE;Navidad
23437;50 S CHRISTMAS GIFT BAG LARGE;Navidad
23438;RED SPOT GIFT BAG LARGE;Bolsos y Carteras
23439;HAND WARMER RED LOVE HEART;Botellas de Agua Caliente y Confort
23440;PAINT YOUR OWN EGGS IN CRATE;Papelería y Tarjetería
23441;HAND PAINTED HANGING EASTER EGG;Pascua y Fiestas
23442;12 HANGING EGGS HAND PAINTED;Papelería y Tarjetería
23444;NEXT DAY CARRIAGE;Sin clasificar
23445;ICE CREAM BUBBLES;Sin clasificar
23446;BLUE BUNNY EASTER EGG BASKET;Pascua y Fiestas
23447;PINK BUNNY EASTER EGG BASKET;Pascua y Fiestas
23448;CREAM BUNNY EASTER EGG BASKET;Pascua y Fiestas
23449;SET OF 6 EASTER RAINBOW CHICKS;Pascua y Fiestas
23451;SQUARE MINI PORTRAIT FRAME;Marcos y Fotografía
23452;HEART MINI PORTRAIT FRAME;Marcos y Fotografía
23453;OVAL MINI PORTRAIT FRAME;Marcos y Fotografía
23454;THREE MINI HANGING FRAMES;Marcos y Fotografía
23455;SMALL PARLOUR PICTURE FRAME;Marcos y Fotografía
23456;MEDIUM PARLOUR PICTURE FRAME;Marcos y Fotografía
23457;LARGE PARLOUR PICTURE FRAME;Marcos y Fotografía
23458;DOLLY CABINET 3 DRAWERS;Cajas y Almacenamiento
23459;DOLLY CABINET 2 DRAWERS;Cajas y Almacenamiento
23460;SWEETHEART WALL TIDY;Espejos, Relojes y Arte de Pared
23461;SWEETHEART BIRD HOUSE;Sin clasificar
23462;ROCOCO WALL MIRROR WHITE;Espejos, Relojes y Arte de Pared
23463;VINTAGE ZINC WATERING CAN;Jardín y Exterior
23464;VINTAGE ZINC WATERING CAN SMALL;Jardín y Exterior
23465;TUSCAN VILLA BIRD FEEDER;Jardín y Exterior
23466;TUSCAN VILLA DOVECOTE BIRD FEEDER;Decoración del Hogar
23467;VINTAGE ZINC PLANTER;Sin clasificar
23468;TUSCAN VILLA BIRD TABLE;Decoración del Hogar
23469;CARD HOLDER LOVE BIRD SMALL;Papelería y Tarjetería
23470;CARD HOLDER LOVE BIRD LARGE;Papelería y Tarjetería
23471;SIX DRAWER OFFICE TIDY;Cajas y Almacenamiento
23472;NINE DRAWER OFFICE TIDY;Cajas y Almacenamiento
23473;WOODLAND SMALL RED FELT HEART;Decoración del Hogar
23474;WOODLAND SMALL BLUE FELT HEART;Decoración del Hogar
23475;WOODLAND SMALL PINK FELT HEART;Decoración del Hogar
23476;WOODLAND LARGE RED FELT HEART;Decoración del Hogar
23477;WOODLAND LARGE BLUE FELT HEART;Decoración del Hogar
23478;WOODLAND LARGE PINK FELT HEART;Decoración del Hogar
23479;WIRE EGG BASKET;Sin clasificar
23480;MINI LIGHTS WOODLAND MUSHROOMS;Velas e Iluminación
23481;PEARLISED IVORY HEART SMALL;Sin clasificar
23482;PEARLISED IVORY HEART LARGE;Sin clasificar
23483;HANGING BUTTERFLY T LIGHT HOLDER;Velas e Iluminación
23484;HEART TRELLIS TRIPLE T LIGHT HOLDER;Velas e Iluminación
23485;BOTANICAL GARDENS WALL CLOCK;Espejos, Relojes y Arte de Pared
23486;ANTIQUE HEART SHELF UNIT;Cocina y Mesa
23487;SWEET HEART CAKE CARRIER;Cocina y Mesa
23489;VINTAGE BELLS GARLAND;Decoración del Hogar
23490;T LIGHT HOLDER HANGING LOVE BIRD;Velas e Iluminación
23491;VINTAGE JINGLE BELLS HEART;Decoración del Hogar
23492;VINTAGE JINGLE BELLS WREATH;Decoración del Hogar
23493;VINTAGE DOILY TRAVEL SEWING KIT;Papelería y Tarjetería
23494;VINTAGE DOILY DELUXE SEWING KIT;Papelería y Tarjetería
23495;SET OF 3 PANTRY WOODEN SPOONS;Cocina y Mesa
23496;PANTRY KITCHEN THERMOMETER;Cocina y Mesa
23497;CLASSIC CHROME BICYCLE BELL;Jardín y Exterior
23498;CLASSIC BICYCLE CLIPS;Jardín y Exterior
23499;SET 12 VINTAGE DOILY CHALK;Papelería y Tarjetería
23500;KEY RING BASEBALL BOOT ASSORTED;Joyería y Bijouterie
23501;KEY RING BASEBALL BOOT UNION JACK;Joyería y Bijouterie
23502;PLAYING CARDS VINTAGE DOILY;Papelería y Tarjetería
23503;PLAYING CARDS KEEP CALM CARRY ON;Papelería y Tarjetería
23504;PLAYING CARDS JUBILEE UNION JACK;Papelería y Tarjetería
23505;PLAYING CARDS I LOVE LONDON;Papelería y Tarjetería
23506;MINI PLAYING CARDS SPACEBOY;Papelería y Tarjetería
23507;MINI PLAYING CARDS BUFFALO BILL;Papelería y Tarjetería
23508;MINI PLAYING CARDS DOLLY GIRL;Papelería y Tarjetería
23509;MINI PLAYING CARDS FUN FAIR;Papelería y Tarjetería
23510;MINI PLAYING CARDS GYMKHANA;Papelería y Tarjetería
23511;EMBROIDERED RIBBON REEL EMILY;Papelería y Tarjetería
23512;EMBROIDERED RIBBON REEL ROSIE;Papelería y Tarjetería
23513;EMBROIDERED RIBBON REEL SUSIE;Papelería y Tarjetería
23514;EMBROIDERED RIBBON REEL SALLY;Papelería y Tarjetería
23515;EMBROIDERED RIBBON REEL DAISY;Papelería y Tarjetería
23516;EMBROIDERED RIBBON REEL SOPHIE;Papelería y Tarjetería
23517;EMBROIDERED RIBBON REEL REBECCA;Papelería y Tarjetería
23518;EMBROIDERED RIBBON REEL RACHEL;Papelería y Tarjetería
23519;EMBROIDERED RIBBON REEL CLAIRE;Papelería y Tarjetería
23520;EMBROIDERED RIBBON REEL RUBY;Papelería y Tarjetería
23521;WALL ART CAT AND BIRD;Espejos, Relojes y Arte de Pared
23522;WALL ART DOG AND BALL;Espejos, Relojes y Arte de Pared
23523;WALL ART TREASURE AHOY;Espejos, Relojes y Arte de Pared
23524;WALL ART HORSE PONY;Espejos, Relojes y Arte de Pared
23525;WALL ART BUFFALO BILL;Espejos, Relojes y Arte de Pared
23526;WALL ART DOG LICENCE;Espejos, Relojes y Arte de Pared
23527;WALL ART ANIMALS AND NATURE;Espejos, Relojes y Arte de Pared
23528;WALL ART SPACEBOY;Espejos, Relojes y Arte de Pared
23529;WALL ART DOLLY GIRL;Espejos, Relojes y Arte de Pared
23530;WALL ART ONLY ONE PERSON;Espejos, Relojes y Arte de Pared
23531;WALL ART BIG LOVE;Espejos, Relojes y Arte de Pared
23532;WALL ART WORK REST AND PLAY;Espejos, Relojes y Arte de Pared
23533;WALL ART GARDEN HAVEN;Espejos, Relojes y Arte de Pared
23534;WALL ART STOP FOR TEA;Espejos, Relojes y Arte de Pared
23535;WALL ART BICYCLE SAFETY;Espejos, Relojes y Arte de Pared
23536;WALL ART VILLAGE SHOW;Espejos, Relojes y Arte de Pared
23537;WALL ART I LOVE LONDON;Espejos, Relojes y Arte de Pared
23538;WALL ART VINTAGE HEART;Espejos, Relojes y Arte de Pared
23539;WALL ART LOVES SECRET;Espejos, Relojes y Arte de Pared
23540;WALL ART THE MAGIC FOREST;Espejos, Relojes y Arte de Pared
23541;WALL ART CLASSIC PUDDINGS;Espejos, Relojes y Arte de Pared
23542;WALL ART 70 S ALPHABET;Espejos, Relojes y Arte de Pared
23543;WALL ART KEEP CALM;Espejos, Relojes y Arte de Pared
23544;WALL ART MID CENTURY MODERN;Espejos, Relojes y Arte de Pared
23545;WRAP RED VINTAGE DOILY;Papelería y Tarjetería
23546;WRAP PAISLEY PARK;Papelería y Tarjetería
23547;WRAP FLOWER SHOP;Papelería y Tarjetería
23548;WRAP MAGIC FOREST;Papelería y Tarjetería
23549;WRAP BIRD GARDEN;Jardín y Exterior
23550;WRAP ALPHABET POSTER;Papelería y Tarjetería
23551;PACK OF 12 PAISLEY PARK TISSUES;Papelería y Tarjetería
23552;BICYCLE PUNCTURE REPAIR KIT;Papelería y Tarjetería
23553;LANDMARK FRAME CAMDEN TOWN;Marcos y Fotografía
23554;LANDMARK FRAME OXFORD STREET;Marcos y Fotografía
23555;LANDMARK FRAME NOTTING HILL;Marcos y Fotografía
23556;LANDMARK FRAME COVENT GARDEN;Marcos y Fotografía
23557;LANDMARK FRAME BAKER STREET;Marcos y Fotografía
23558;LANDMARK FRAME LONDON BRIDGE;Marcos y Fotografía
23559;WOODLAND BUNNIES LOLLY MAKERS;Pascua y Fiestas
23560;SET OF 6 RIBBONS COUNTRY STYLE;Papelería y Tarjetería
23561;SET OF 6 RIBBONS PARTY;Papelería y Tarjetería
23562;SET OF 6 RIBBONS PERFECTLY PRETTY;Papelería y Tarjetería
23564;EGG CUP MILKMAID INGRID;Cocina y Mesa
23565;EGG CUP MILKMAID HELGA;Cocina y Mesa
23566;EGG CUP MILKMAID HEIDI;Cocina y Mesa
23567;EGG CUP HENRIETTA HEN PINK;Cocina y Mesa
23568;EGG CUP HENRIETTA HEN CREAM;Cocina y Mesa
23569;TRADTIONAL ALPHABET STAMP SET;Sin clasificar
23570;TRADITIONAL PICK UP STICKS GAME;Cocina y Mesa
23571;TRADITIONAL NAUGHTS CROSSES;Cocina y Mesa
23574;PACKING CHARGE;Sin clasificar
23575;SNACK TRAY PAISLEY PARK;Papelería y Tarjetería
23576;SNACK TRAY RED VINTAGE DOILY;Papelería y Tarjetería
23578;SNACK TRAY RED GINGHAM;Papelería y Tarjetería
23579;SNACK TRAY I LOVE LONDON;Sin clasificar
23580;SNACK TRAY HAPPY FOREST;Sin clasificar
23581;JUMBO BAG PAISLEY PARK;Bolsos y Carteras
23582;VINTAGE DOILY JUMBO BAG RED;Bolsos y Carteras
23583;LUNCH BAG PAISLEY PARK;Bolsos y Carteras
23597;PAPER BUNTING PAISLEY PARK;Pascua y Fiestas
23598;PAPER BUNTING VINTAGE PARTY;Pascua y Fiestas
23601;SET 10 CARDS SNOWY SNOWDROPS 17100;Papelería y Tarjetería
23602;SET 10 CARDS 3 WISE MEN 17107;Papelería y Tarjetería
23603;SET 10 CARD KRAFT REINDEER 17084;Navidad
23604;SET 10 MINI SANTA SNOWMAN 17087;Navidad
23605;SET 10 CARDS 12 DAYS OF XMAS 17059;Navidad
23607;SET 10 CARDS HATS STOCKINGS 17081;Navidad
23608;SET 10 CARDS RUDOLPHS NOSE 17097;Papelería y Tarjetería
23609;SET 10 CARDS SNOWY ROBIN 17099;Navidad
23610;SET 10 CARDS CHRISTMAS ROBIN 17095;Navidad
23611;SET 10 CARDS RED RIDING HOOD 17214;Papelería y Tarjetería
23612;SET 10 MINICARDS CUTE SNOWMAN 17071;Navidad
23613;SET 10 XMAS CARDS BADGES 17070;Navidad
23614;SET 10 CARDS 12 DAYS WRAP 17058;Papelería y Tarjetería
23615;SET 10 CARDS PRINTED GRAPHIC 17219;Papelería y Tarjetería
23616;SET 10 CARDS JINGLE BELLS 17217;Papelería y Tarjetería
23617;SET 10 CARDS SWIRLY XMAS TREE 17104;Navidad
23619;SET 10 CARDS POINSETTIA 17093;Papelería y Tarjetería
23620;SET 10 CARDS PERFECT POST 17090;Papelería y Tarjetería
23621;SET 10 CARDS DAVID S MADONNA 17074;Papelería y Tarjetería
23623;SET 10 CARD CHRISTMAS WELCOME 17112;Navidad
23624;SET 10 CARD PERFECT NATIVITY 17089;Navidad
23625;SET 6 CARDS SPARKLY REINDEER 17262;Navidad
23626;SET 10 CARDS DINKY TREE 17076;Papelería y Tarjetería
23627;SET 10 CARDS XMAS GRAPHIC 17218;Navidad
23628;SET 10 CARDS TRIANGLE ICONS 17220;Papelería y Tarjetería
23629;SET 10 CARDS DRESSING UP 17077;Papelería y Tarjetería
23630;SET 10 CARDS HANGING BAUBLES 17080;Navidad
23632;SET 10 CARDS CHEERFUL ROBIN 17065;Navidad
23633;SET 10 CARDS WORLD CHILDREN 17067;Papelería y Tarjetería
23634;SET 10 CARDS XMAS CHOIR 17068;Navidad
23635;SET 10 CARDS CHRISTMAS HOLLY 17259;Navidad
23636;SET 10 CARDS WISHING TREE 17116;Papelería y Tarjetería
23637;SET 10 CARDS OUT OF ORDER 17216;Papelería y Tarjetería
23638;SET 10 CARDS ROBIN WATERPUMP 17096;Navidad
23639;SET 10 CARDS MAGICAL TREE 17086;Papelería y Tarjetería
23640;SET 10 CARDS SCOTTIE DOG 17211;Papelería y Tarjetería
23643;SET 10 CARDS CHRISTMAS BAUBLE 16954;Navidad
23644;SET 10 CARDS CHRISTMAS TREE 16955;Navidad
23645;SET 10 CHRISTMAS CARDS HOHOHO 16956;Navidad
23646;SET 10 CARDS JINGLE BELLS 16957;Papelería y Tarjetería
23649;SET 10 CARDS DECK THE HALLS 16960;Papelería y Tarjetería
23650;SET 10 CARDS FILIGREE BAUBLE 16961;Navidad
23652;SET 10 CARD CHRISTMAS STAMPS 16963;Navidad
23654;SET 10 CARD SNOWMAN 16965;Navidad
23660;HENRIETTA HEN MUG;Cocina y Mesa
23661;MILK MAIDS MUG;Cocina y Mesa
23664;FLOWER SHOP DESIGN MUG;Cocina y Mesa
23681;LUNCH BAG RED VINTAGE DOILY;Bolsos y Carteras
23691;WRAP KEEP CALM BIRTHDAY;Pascua y Fiestas
23692;WRAP A PRETTY THANK YOU;Papelería y Tarjetería
23694;PAISLEY PARK CARD;Papelería y Tarjetería
23695;DOILY THANK YOU CARD;Papelería y Tarjetería
23697;A PRETTY THANK YOU CARD;Papelería y Tarjetería
23702;HIGH RESOLUTION IMAGE;Sin clasificar
23843;PAPER CRAFT LITTLE BIRDIE;Papelería y Tarjetería
30086C;ASSORTED FRUIT STRAWS;Cocina y Mesa
35001B;HAND OPEN SHAPE BLACK;Sin clasificar
35001G;HAND OPEN SHAPE GOLD;Sin clasificar
35001P;HAND OPEN SHAPE PINK;Sin clasificar
35001W;HAND OPEN SHAPE DECO WHITE;Sin clasificar
35004B;SET OF 3 BLACK FLYING DUCKS;Cocina y Mesa
35004C;SET OF 3 COLOURED FLYING DUCKS;Cocina y Mesa
35004G;SET OF 3 GOLD FLYING DUCKS;Cocina y Mesa
35004P;SET OF 3 PINK FLYING DUCKS;Cocina y Mesa
35004S;SET OF 3 SILVER FLYING DUCKS;Cocina y Mesa
35015;JACOBS LADDER SMALL;Cocina y Mesa
35051B;PINK BEADED CONE CHRISTMAS;Navidad
35071;ASSORTED SANTA CHRISTMAS DECORATION;Navidad
35085E;IVORY ROSE LAMPSHADE;Sin clasificar
35095A;BLUE VICTORIAN FABRIC OVAL BOX;Cajas y Almacenamiento
35095B;RED VICTORIAN FABRIC OVAL BOX;Cajas y Almacenamiento
35096A;BLUE VICTORIAN FABRIC HEART BOX;Cajas y Almacenamiento
35096B;RED VICTORIAN FABRIC HEART BOX;Cajas y Almacenamiento
35160;BUDDHA INCENSE HOLDER ASSORTED;Velas e Iluminación
35233;PASTA ENAMEL BRASS CONTAINER;Cocina y Mesa
35240;ENAMEL BLUE RIM OVAL TRAY SET 2;Cocina y Mesa
35241;ENAMEL BLUE RIM BISCUIT BIN;Cocina y Mesa
35265;COLOURFUL FLOWER FRUIT BOWL;Cocina y Mesa
35271S;GOLD PRINT PAPER BAG;Bolsos y Carteras
35400;WOODEN BOX ADVENT CALENDAR;Navidad
35443;RASTA IN BATH W SPLIFF ASHTRAY;Sin clasificar
35471A;SET OF 3 BIRD L BLUE FEATHER;Sin clasificar
35471D;SET OF 3 BIRD LIGHT PINK FEATHER;Velas e Iluminación
35537;CANDLE RING W CLEAR BEADS;Velas e Iluminación
35591T;TURQUOISE CHRISTMAS TREE;Navidad
35594;WOODEN CHRISTMAS TREE 3 HANGING;Navidad
35596;WOOD XMAS TREE 9 FIG SHELVES;Navidad
35597A;DUSTY PINK CHRISTMAS TREE 30CM;Navidad
35597B;BLACKCHRISTMAS TREE 30CM;Navidad
35597D;PINK WHITE CHRISTMAS TREE 30CM;Navidad
35598A;DUSTY PINK CHRISTMAS TREE 60CM;Navidad
35598B;BLACK CHRISTMAS TREE 60CM;Navidad
35598C;WHITE CHRISTMAS TREE 60CM;Navidad
35598D;PINK WHITE CHRISTMAS TREE 60CM;Navidad
35599B;BLACK CHRISTMAS TREE 120CM;Navidad
35599D;PINK AND WHITE CHRISTMAS TREE 120CM;Navidad
35600D;PINK AND WHITE CHRISTMAS TREE 180CM;Navidad
35603B;S 16 BLACK SHINY MAT BAUBLES;Navidad
35603C;SET 16 WHITE SHINY MATT BAUBLES;Navidad
35607A;PINK FLUFFY CHRISTMAS DECORATION;Navidad
35607B;BLACK FEATHER CHRISTMAS DECORATION;Navidad
35609A;PINK FEATHER CHRISTMAS DECORATION;Navidad
35610A;PINK CHRISTMAS FLOCK DROPLET;Navidad
35610B;BLACK CHRISTMAS FLOCK DROPLET;Navidad
35610C;WHITE CHRISTMAS FLOCK DROPLET;Navidad
35611B;BLACK ASSORTED DROPLET DECORATION;Decoración del Hogar
35633B;BLUE TINSEL GARLAND;Decoración del Hogar
35637A;IVORY STRING CURTAIN WITH POLE;Textiles del Hogar
35637C;PINK STRING CURTAIN WITH POLE;Textiles del Hogar
35638A;PINK AND BLACK STRING CURTAIN;Textiles del Hogar
35638B;PINK BLUE STRING CURTAIN;Textiles del Hogar
35644;PAIR PINK BLACK COATHANGERS;Cocina y Mesa
35645;VINTAGE BEAD PINK JEWEL BOX;Joyería y Bijouterie
35646;VINTAGE BEAD PINK EVENING BAG;Bolsos y Carteras
35647;VINTAGE BEAD PINK SHADE;Sin clasificar
35648;VINTAGE BEAD PINK PURSE;Bolsos y Carteras
35649;VINTAGE BEAD COSMETIC BAG;Bolsos y Carteras
35650;VINTAGE BEAD PINK JEWEL STAND;Joyería y Bijouterie
35651;VINTAGE BEAD PINK SCARF;Sin clasificar
35652;VINTAGE BEAD CHAISE LONG JEWEL BOX;Joyería y Bijouterie
35653;VINTAGE BEAD NOTEBOOK;Papelería y Tarjetería
35654;VINTAGE BEAD FILLED PINK CUSHION;Textiles del Hogar
35751C;PURPLE CURRENT CANDLE RING;Velas e Iluminación
35751D;PINK CURRENT CANDLE RING;Velas e Iluminación
35793;S 3 PUPPIES CHRISTMAS DECORATIONS;Navidad
35809A;ENAMEL PINK TEA CONTAINER;Cocina y Mesa
35809B;ENAMEL BLUE RIM TEA CONTAINER;Cocina y Mesa
35810A;ENAMEL PINK COFFEE CONTAINER;Cocina y Mesa
35810B;ENAMEL BLUE RIM COFFEE CONTAINER;Cocina y Mesa
35811A;ENAMEL PINK SUGAR CONTAINER;Cocina y Mesa
35815B;ACRYLIC JEWEL SNOWFLAKE BLUE;Sin clasificar
35815P;ACRYLIC JEWEL SNOWFLAKE PINK;Sin clasificar
35816B;ACRYLIC JEWEL ANGEL BLUE;Decoración del Hogar
35816P;ACRYLIC JEWEL ANGEL PINK;Decoración del Hogar
35817B;ACRYLIC JEWEL SNOWFLAKE BLUE;Sin clasificar
35817P;ACRYLIC JEWEL SNOWFLAKE PINK;Sin clasificar
35818B;ACRYLIC JEWEL ICICLE BLUE;Sin clasificar
35818C;ACRYLIC JEWEL ICICLE CLEAR;Sin clasificar
35818P;ACRYLIC JEWEL ICICLE PINK;Sin clasificar
35819B;ACRYLIC HANGING JEWEL BLUE;Decoración del Hogar
35819P;ACRYLIC HANGING JEWEL PINK;Decoración del Hogar
35821B;JEWELLED DECORATION BLUE;Decoración del Hogar
35821P;JEWELLED DECORATION PINK;Decoración del Hogar
35822B;ACRYLIC BEAD CHAIN BLUE;Sin clasificar
35822P;ACRYLIC BEAD CHAIN PINK;Sin clasificar
35823P;ACRYLIC BEAD GARLAND PINK;Decoración del Hogar
35824B;HANGING FLOWERS MIRROR BLUE;Espejos, Relojes y Arte de Pared
35824C;HANGING FLOWERS MIRROR CLEAR;Espejos, Relojes y Arte de Pared
35824P;HANGING FLOWERS MIRROR PINK;Espejos, Relojes y Arte de Pared
35832;WOOLLY HAT SOCK GLOVE ADVENT STRING;Navidad
35833G;4 GOLD FLOCK CHRISTMAS BALLS;Navidad
35833P;4 PINK FLOCK CHRISTMAS BALLS;Navidad
35837;SET OF SIX SILVER RED FLOCK BAUBLES;Navidad
35838A;S 6 MULTICOLOUR ORNAMENETAL CANDLE;Velas e Iluminación
35838B;S 6 SILVER ORNAMENETAL CANDLE;Velas e Iluminación
35840;FLAT GLASS BAUBLE WHITE FLOCK;Navidad
35909A;RABBIT EASTER DECORATION;Pascua y Fiestas
35909B;PINK FLOWERS RABBIT EASTER;Pascua y Fiestas
35910A;MULTICOLOUR EASTER RABBIT;Pascua y Fiestas
35910B;PINK FLOWERS RABBIT EASTER;Pascua y Fiestas
35911A;MULTICOLOUR RABBIT EGG WARMER;Cocina y Mesa
35911B;PINK FLOWER RABBIT EGG WARMER;Sin clasificar
35912B;WHITE PINK CHICK DECORATION;Decoración del Hogar
35913B;WHITE PINK CHICK EASTER DECORATION;Pascua y Fiestas
35914;PINK CHICK EGG WARMER EGG CUP;Cocina y Mesa
35915A;CREAM KNITTED HEN;Sin clasificar
35915B;BLUE KNITTED HEN;Sin clasificar
35915C;PEACH KNITTED HEN;Sin clasificar
35916A;YELLOW FELT HANGING HEART W FLOWER;Decoración del Hogar
35916B;BLUE FELT HANGING HEART WITH FLOWER;Decoración del Hogar
35916C;PINK FELT HANGING HEART W FLOWER;Decoración del Hogar
35918B;BLUE FLORIBUNDA EGG WARMER;Sin clasificar
35920;FOUR RABBIT EASTER DECORATIONS;Pascua y Fiestas
35921;EASTER BUNNY HANGING GARLAND;Pascua y Fiestas
35922;EASTER BUNNY WREATH;Pascua y Fiestas
35923;CANDY HEART HANGING DECORATION;Decoración del Hogar
35924;HANGING FAIRY CAKE DECORATION;Decoración del Hogar
35930;PINK HEART CHRISTMAS DECORATION;Navidad
35931;PINK STAR CHRISTMAS DECORATION;Navidad
35932;PINK CHRISTMAS TREE DECORATION;Navidad
35933;PINK STOCKING CHRISTMAS DECORATION;Navidad
35936;CERISE GOLD CHRISTMAS TREE DEC;Navidad
35937;CERISE GOLD CHRISTMAS STOCKING DEC;Navidad
35945;GOLD CHRISTMAS STOCKING DECORATION;Navidad
35950;FOLKART HEART CHRISTMAS DECORATIONS;Navidad
35951;FOLKART BAUBLE CHRISTMAS DECORATION;Navidad
35953;FOLKART STAR CHRISTMAS DECORATIONS;Navidad
35954;SMALL FOLKART STAR CHRISTMAS DEC;Navidad
35955;SMALL FOLKART CHRISTMAS TREE DEC;Navidad
35957;SMALLFOLKART BAUBLE CHRISTMAS DEC;Navidad
35958;FOLKART ZINC STAR CHRISTMAS DEC;Navidad
35961;FOLKART ZINC HEART CHRISTMAS DEC;Navidad
35962;12 ASS ZINC CHRISTMAS DECORATIONS;Navidad
35963;FOLKART ZINC CLIP ON ANGEL WINGS;Decoración del Hogar
35964;FOLKART CLIP ON STARS;Papelería y Tarjetería
35965;FOLKART HEART NAPKIN RINGS;Cocina y Mesa
35966;FOLKART CHRISTMAS TREE T LIGHT HOLD;Navidad
35967;FOLK ART METAL STAR T LIGHT HOLDER;Velas e Iluminación
35968;FOLK ART METAL HEART T LIGHT HOLDER;Velas e Iluminación
35969;FOLKART CROWN TABLE DECORATIONS;Decoración del Hogar
35970;ZINC FOLKART SLEIGH BELLS;Decoración del Hogar
35971;ROSE FOLKART HEART DECORATIONS;Decoración del Hogar
35972;DAISY FOLKART HEART DECORATION;Decoración del Hogar
35973;GERANIUM FOLKART HEART DECORATION;Decoración del Hogar
35974;S 6 CHRISTMAS TREE PLACE SETTING;Navidad
35976B;WHITE SCANDINAVIAN HEART CHRISTMAS;Navidad
35979;SIX STRING SCANDINAVIAN HEART DECS;Sin clasificar
35980B;RED TOP SCANDINAVIAN HEART;Sin clasificar
35980C;REDWHITE STRIPE SCANDINAVIAN HEART;Sin clasificar
35981C;WHITE SNOW SCANDINAVIAN STOCKING;Navidad
35991;SET 6 BLACK SNOWFLAKE T LIGHTS;Velas e Iluminación
35995;SET 6 BLACK GLITTER REINDEER CANDLE;Navidad
35999;S 6 SCANDINAVIAN HEART T LIGHT;Velas e Iluminación
37112;YELLOW BIRDS FELT DES FOODCOVER;Decoración del Hogar
37326;FAIRY DESIGN MUGS;Cocina y Mesa
37327;ASSTD MULTICOLOUR CIRCLES MUG;Cocina y Mesa
37330;SPOTS MUG;Cocina y Mesa
37333;RETRO TEA FOR ONE;Cocina y Mesa
37340;MULTICOLOUR SPRING FLOWER MUG;Cocina y Mesa
37342;POLKADOT COFFEE CUP SAUCER PINK;Cocina y Mesa
37343;SPOTS DESIGN MUG W PINK INSIDE;Cocina y Mesa
37345;ASSTD HEARTS DESIGN MUGS;Cocina y Mesa
37348;SET OF 4 PASTEL STACKING MUGS;Cocina y Mesa
37351;ORANGE FLOWER MUG;Cocina y Mesa
37352;BIRD IN TREE MUG;Cocina y Mesa
37370;RETRO COFFEE MUGS ASSORTED;Cocina y Mesa
37379A;PINK CHERRY BLOSSOM CUP SAUCER;Cocina y Mesa
37379B;BLUE CHERRY BLOSSOM CUP SAUCER;Cocina y Mesa
37399;ASS RETROSPOOF MUGS SPORTS;Cocina y Mesa
37408;ASSORTED DESIGN GEISHA GIRL MUGS;Cocina y Mesa
37409;ASSORTED DESIGN FLOWER MUGS;Cocina y Mesa
37410;BLACK AND WHITE PAISLEY FLOWER MUG;Cocina y Mesa
37413;ICON MUG REVOLUTIONARY;Cocina y Mesa
37422;WHITE WITH BLACK CATS BOWL;Cocina y Mesa
37423;WHITE WITH BLACK CATS PLATE;Cocina y Mesa
37424;WHITE WITH BLACK CATS MUG;Cocina y Mesa
37432;MUG PINK AND PURPLE ARABIC DESIGN;Cocina y Mesa
37438;FUNKY FLOWER COFFEE POT;Sin clasificar
37441;ASSORTED WHITE EMBOSSED CHINA MUGS;Cocina y Mesa
37444A;YELLOW BREAKFAST CUP AND SAUCER;Cocina y Mesa
37444B;BLUE BREAKFAST CUP AND SAUCER;Cocina y Mesa
37444C;PINK BREAKFAST CUP AND SAUCER;Cocina y Mesa
37446;MINI CAKE STAND WITH HANGING CAKES;Cocina y Mesa
37447;CERAMIC CAKE DESIGN SPOTTED PLATE;Cocina y Mesa
37448;CERAMIC CAKE DESIGN SPOTTED MUG;Cocina y Mesa
37449;CERAMIC CAKE STAND HANGING CAKES;Cocina y Mesa
37450;CERAMIC CAKE BOWL HANGING CAKES;Cocina y Mesa
37451;CERAMIC CAKE TEAPOT WITH CHERRY;Cocina y Mesa
37461;FUNKY MONKEY MUG;Cocina y Mesa
37462B;PET MUG BUDGIE;Cocina y Mesa
37462E;PET MUG GOLDFISH;Cocina y Mesa
37464;ROBOT MUG IN DISPLAY BOX;Cocina y Mesa
37467;PIG MUG IN TWO COLOUR DESIGNS;Cocina y Mesa
37468;HARDMAN MUG 3 ASSORTED;Cocina y Mesa
37471;MULTICOLOUR DOTS PLATE;Cocina y Mesa
37474;SET 4 2 TONE EGG SHAPE MIXING BOWLS;Cocina y Mesa
37475;SET 4 COLOURFUL MIXING BOWLS;Cocina y Mesa
37476;CONDIMENT TRAY 4 BOWLS AND 4 SPOONS;Cocina y Mesa
37477B;FLOWER FAIRY MUG COASTER LAVENDER;Cocina y Mesa
37477C;FLOWER FAIRY MUG COASTER ROSE;Cocina y Mesa
37479B;CUBIC MUG FLOCK BLUE ON BROWN;Cocina y Mesa
37479P;CUBIC MUG FLOCK PINK ON BROWN;Cocina y Mesa
37481;CUBIC MUG TEATIME CAKES;Cocina y Mesa
37482B;CUBIC MUG BLUE POLKA DOT;Cocina y Mesa
37482P;CUBIC MUG PINK POLKADOT;Cocina y Mesa
37483;ENGLISH ROSE MUG IN GIFT BOX;Cajas y Almacenamiento
37484;ENGLISH ROSE TEA FOR ONE GIFT BOX;Cajas y Almacenamiento
37485;ENGLISH ROSE TEA SET IN GIFT BOX;Cajas y Almacenamiento
37487B;YELLOW ORANGE FLOWER DESIGN PLATE;Cocina y Mesa
37488A;YELLOW PINK FLOWER DESIGN BIG BOWL;Cocina y Mesa
37489A;YELLOW PINK FLOWER DESIGN BIG MUG;Cocina y Mesa
37489B;BLUE YELLOW FLOWER DESIGN BIG MUG;Cocina y Mesa
37489C;GREEN BLUE FLOWER DESIGN BIG MUG;Cocina y Mesa
37489D;PINK GREEN FLOWER DESIGN BIG MUG;Cocina y Mesa
37491A;YELLOW PINK CERAMIC CANDLE HOLDER;Velas e Iluminación
37491B;BLUE YELLOW CERAMIC CANDLE HOLDER;Velas e Iluminación
37491C;GREEN BLUE CERAMIC CANDLE HOLDER;Velas e Iluminación
37491D;PURPLE BLUE CERAMIC CANDLE HOLDER;Velas e Iluminación
37492A;YELLOW RED FLOWER PIGGY BANK;Sin clasificar
37492B;BLUE YELLOW FLOWER PIGGY BANK;Sin clasificar
37492C;GREEN BLUE FLOWER PIGGY BANK;Sin clasificar
37492D;PURPLE GREEN FLOWER PIGGY BANK;Sin clasificar
37494A;FAIRY CAKE CERAMIC BUTTER DISH;Cocina y Mesa
37495;FAIRY CAKE BIRTHDAY CANDLE SET;Pascua y Fiestas
37500;TEA TIME TEAPOT IN GIFT BOX;Cajas y Almacenamiento
37501;TEA TIME TEA SET IN GIFT BOX;Cajas y Almacenamiento
37502;TEA TIME MUG IN GIFT BOX;Cajas y Almacenamiento
37503;TEA TIME CAKE STAND IN GIFT BOX;Cajas y Almacenamiento
37506;NEW ENGLAND MILK JUG W GIFT BOX;Cajas y Almacenamiento
37508;NEW ENGLAND CERAMIC CAKE SERVER;Cocina y Mesa
37509;NEW ENGLAND MUG W GIFT BOX;Cajas y Almacenamiento
40001;WHITE BAMBOO RIBS LAMPSHADE;Joyería y Bijouterie
40002;WHITE BAMBOO RIBS LAMPSHADE;Joyería y Bijouterie
40003;WHITE BAMBOO RIBS LAMPSHADE;Joyería y Bijouterie
40005B;BLUE ORGANDY ROUND LAMPSHADE W BEA;Sin clasificar
40016;CHINESE DRAGON PAPER LANTERNS;Velas e Iluminación
40018E;TEA TIME PAPER LANTERNS;Velas e Iluminación
40018F;CHERRY DESIGN PAPERLANTERNS;Velas e Iluminación
40046A;RED DAISY PAPER LAMPSHADE;Sin clasificar
40046C;PINK BUTTERFLY PAPER LAMPSHADE;Sin clasificar
44089A;PINK GAUZE BUTTERFLY LAMPSHADE;Joyería y Bijouterie
44089C;LILAC GAUZE BUTTERFLY LAMPSHADE;Joyería y Bijouterie
44091A;BLUE CRUSOE CHECK LAMPSHADE;Joyería y Bijouterie
44091C;MULTICOLOUR CRUSOE CHECK LAMPSHADE;Sin clasificar
44092B;BLUE WHITE PLASTIC RINGS LAMPSHADE;Sin clasificar
44092C;PURPLE COPPER HANGING LAMPSHADE;Joyería y Bijouterie
44217M;MULTICOLOUR FEATHERS CURTAIN;Textiles del Hogar
44228;CANNABIS LEAF BEAD CURTAIN;Textiles del Hogar
44230;SQUARE MIRROR CURTAIN;Espejos, Relojes y Arte de Pared
44234;ASSORTED CIRCULAR MOBILE;Decoración del Hogar
44235;ASS COL CIRCLE MOBILE;Decoración del Hogar
44236;PINK PURPLE CIRCLE CURTAIN;Textiles del Hogar
44241C;BLUE BUTTERFLY ON SPRING;Sin clasificar
44242A;LILAC FEATHERS CURTAIN;Textiles del Hogar
44242B;PINK FEATHERS CURTAIN;Textiles del Hogar
44265;M COLOUR POM POM CURTAIN;Textiles del Hogar
45008C;DECORATIVE NET CANOPY CREAM;Sin clasificar
45013;FOLDING SHOE TIDY;Sin clasificar
45014;FOLDING SHIRT TIDY;Sin clasificar
45016;DECORATIVE NET CANOPY LEOPARD;Jardín y Exterior
46000M;POLYESTER FILLER PAD 45X45CM;Sin clasificar
46000P;POLYESTER FILLER PAD 65CMX65CM;Sin clasificar
46000R;POLYESTER FILLER PAD 45X30CM;Sin clasificar
46000S;POLYESTER FILLER PAD 40X40CM;Sin clasificar
46000U;POLYESTER FILLER PAD 30CMX30CM;Sin clasificar
46037A;PINK CANVAS DES CUSHION COVER;Espejos, Relojes y Arte de Pared
46115B;GREEN POP ART MAO CUSHION COVER;Textiles del Hogar
46118;FUNKY MONKEY CUSHION COVER;Textiles del Hogar
46126A;ELVIS WALLHANGING CURTAIN;Textiles del Hogar
46137D;GREEN CHENILLE SHAGGY RUG;Textiles del Hogar
46138B;BLUE CHENILLE SHAGGY CUSHION COVER;Textiles del Hogar
46138D;GREEN CHENILLE SHAGGY C COVER;Textiles del Hogar
46307;ROSES BLUE BASE CUSHION COVER;Textiles del Hogar
46775A;BUBBLE GUM CHUNKY KNITTED THROW;Sin clasificar
46775B;BERRIES CHUNKY KNITTED THROW;Sin clasificar
46775D;SUNSET COLOUR CHUNKY KNITTED THROW;Sin clasificar
46775E;CANDY POP CHUNKY KNITTED THROW;Sin clasificar
46776A;WOVEN BUBBLE GUM CUSHION COVER;Textiles del Hogar
46776B;WOVEN BERRIES CUSHION COVER;Textiles del Hogar
46776C;WOVEN FROST CUSHION COVER;Textiles del Hogar
46776D;WOVEN SUNSET CUSHION COVER;Textiles del Hogar
46776E;WOVEN CANDY CUSHION COVER;Textiles del Hogar
46776F;WOVEN ROSE GARDEN CUSHION COVER;Jardín y Exterior
47013A;WINE BOTTLE DRESSING LT BLUE;Sin clasificar
47013C;WINE BOTTLE DRESSING DARK BLUE;Decoración del Hogar
47016;LIGHT DECORATION BATTERY OPERATED;Velas e Iluminación
47021G;SET 6 BEAD COASTERS GAUZE BAG GOLD;Bolsos y Carteras
47310M;SMALL POP BOX FUNKY MONKEY;Sin clasificar
47341A;FUSCHIA TABLE RUN FLOWER;Sin clasificar
47341B;BLUE TABLE RUN FLOWER;Sin clasificar
47343A;FUSCHIA FLOWER PURSE WITH BEADS;Bolsos y Carteras
47344B;BLUE FLOWER DES PURSE;Bolsos y Carteras
47347B;BLUE FLOWER T LIGHT HOLDER;Velas e Iluminación
47348A;FUSCHIA VOILE POINTY SHOE DEC;Sin clasificar
47351B;BLUE VOILE LAMPSHADE;Joyería y Bijouterie
47367B;PAIR PADDED HANGERS PINK CHECK;Decoración del Hogar
47369A;PINK GREEN EMBROIDERY COSMETIC BAG;Bolsos y Carteras
47369B;BLUE GREEN EMBROIDERY COSMETIC BAG;Bolsos y Carteras
47420;ASSORTED COLOUR SUCTION CUP HOOK;Cocina y Mesa
47421;ASSORTED COLOUR LIZARD SUCTION HOOK;Sin clasificar
47422;ASSORTED MONKEY SUCTION CUP HOOK;Cocina y Mesa
47469;ASSORTED SHAPES PHOTO CLIP SILVER;Marcos y Fotografía
47471;RAINBOW PEGS PHOTO CLIP STRING;Marcos y Fotografía
47480;HANGING PHOTO CLIP ROPE LADDER;Marcos y Fotografía
47481;50CM METAL STRING WITH 7 CLIPS;Sin clasificar
47502;POLKADOT CUTLERY 24 PCS IN TRAY;Cocina y Mesa
47503A;ASS FLORAL PRINT MULTI SCREWDRIVER;Sin clasificar
47503E;ASS FLORAL PRINT SCISSORS;Sin clasificar
47503F;ASS FLORAL PRINT TORCH;Sin clasificar
47503G;ASS FLORAL PRINT TAPE MEASURE;Sin clasificar
47503H;ASS FLORAL PRINT SPIRIT LEVEL;Sin clasificar
47503J;SET 3 FLORAL GARDEN TOOLS IN BAG;Bolsos y Carteras
47503K;ASSORTED FLORAL SECATEURS;Jardín y Exterior
47504E;ENGLISH ROSE SCISSORS;Cocina y Mesa
47504F;ENGLISH ROSE TORCH;Cocina y Mesa
47504G;ENGLISH ROSE TAPE MEASURE;Cocina y Mesa
47504H;ENGLISH ROSE SPIRIT LEVEL;Sin clasificar
47504J;ENGLISH ROSE SET 3 GARDEN TOOLS;Jardín y Exterior
47504K;ENGLISH ROSE GARDEN SECATEURS;Jardín y Exterior
47505;MINATURE COLOURED GARDENING SET;Jardín y Exterior
47518F;ICON PLACEMAT POP ART ELVIS;Cocina y Mesa
47552A;DOTS IRONING BOARD COVER;Decoración del Hogar
47554;S 3 COLOURS FLOCK TEA TOWELS;Cocina y Mesa
47556;SET 2 SPOTTY ROSE TEA TOWELS;Cocina y Mesa
47556B;TEA TIME TEA TOWELS;Cocina y Mesa
47559B;TEA TIME OVEN GLOVE;Cocina y Mesa
47562;ENGLISH ROSE IRONING BOARD COVER;Decoración del Hogar
47563A;RETRO LONGBOARD IRONING BOARD COVER;Decoración del Hogar
47563B;WAVELINE SURF IRONING BOARD COVER;Decoración del Hogar
47566;PARTY BUNTING;Pascua y Fiestas
47566B;TEA TIME PARTY BUNTING;Pascua y Fiestas
47567B;TEA TIME KITCHEN APRON;Cocina y Mesa
47568;ENGLISH ROSE DESIGN PEG BAG;Bolsos y Carteras
47569;ENGLISH ROSE DESIGN SHOPPING BAG;Bolsos y Carteras
47570;ENGLISH ROSE TABLE CLOTH;Sin clasificar
47570B;TEA TIME TABLE CLOTH;Sin clasificar
47574A;ENGLISH ROSE SCENTED HANGING FLOWER;Decoración del Hogar
47574B;ENGLISH ROSE SCENTED HANGING HEART;Decoración del Hogar
47578A;ENGLISH ROSE SMALL SCENTED FLOWER;Sin clasificar
47579;TEA TIME BREAKFAST BASKET;Cocina y Mesa
47580;TEA TIME DES TEA COSY;Cocina y Mesa
47581B;FAIRY CAKE WICKER PICNIC BASKET;Decoración del Hogar
47583A;SET OF 3 WICKER BASKET ROSE;Decoración del Hogar
47583B;SET OF 3 WICKER BASKET TEA AND CAKE;Decoración del Hogar
47585A;PINK FAIRY CAKE CUSHION COVER;Textiles del Hogar
47586A;PINK FAIRY CAKE CUSHION COVER;Textiles del Hogar
47587A;PINK FAIRY CAKE COASTER;Cocina y Mesa
47589;CONGRATULATIONS BUNTING;Pascua y Fiestas
47590A;BLUE HAPPY BIRTHDAY BUNTING;Pascua y Fiestas
47590B;PINK HAPPY BIRTHDAY BUNTING;Pascua y Fiestas
47591A;CAROUSEL DES CHILD S APRON;Cocina y Mesa
47591B;SCOTTIES CHILDRENS APRON;Cocina y Mesa
47591C;BLUE FAIRY CAKE CHILD S APRON;Cocina y Mesa
47591D;PINK FAIRY CAKE CHILDRENS APRON;Cocina y Mesa
47592A;CAROUSEL DES CHILD S OVERALL;Cocina y Mesa
47592B;SCOTTIES DESIGN CHILD S OVERALL;Cocina y Mesa
47593A;CAROUSEL DESIGN BABY BIB;Cocina y Mesa
47593B;SCOTTIE DOGS BABY BIB;Sin clasificar
47594A;CAROUSEL DESIGN WASHBAG;Sin clasificar
47594B;SCOTTIES DESIGN WASHBAG;Sin clasificar
47597;NEW ENGLAND TEATOWELS;Cocina y Mesa
47598;NEW ENGLAND EGG WARMER;Sin clasificar
47599A;PINK PARTY BAGS;Pascua y Fiestas
47599B;BLUE PARTY BAGS;Pascua y Fiestas
48103;DOOR MAT KISS MY;Textiles del Hogar
48111;DOORMAT 3 SMILEY CATS;Textiles del Hogar
48116;DOORMAT MULTICOLOUR STRIPE;Textiles del Hogar
48129;DOORMAT TOPIARY;Textiles del Hogar
48138;DOORMAT UNION FLAG;Textiles del Hogar
48173A;DOOR MAT BLUE FLOCK;Textiles del Hogar
48173C;DOORMAT BLACK FLOCK;Textiles del Hogar
48175;DOOR MAT CAMOUFLAGE;Textiles del Hogar
48179;DOOR MAT SWEET HOME;Textiles del Hogar
48184;DOORMAT ENGLISH ROSE;Textiles del Hogar
48185;DOORMAT FAIRY CAKE;Textiles del Hogar
48187;DOORMAT NEW ENGLAND;Textiles del Hogar
48188;DOORMAT WELCOME PUPPIES;Textiles del Hogar
48189;DOOR MAT FRIENDSHIP;Textiles del Hogar
48194;DOORMAT HEARTS;Textiles del Hogar
48195;DOOR MAT GREEN PAISLEY;Textiles del Hogar
48197;DOOR MAT BIRD ON THE WIRE;Textiles del Hogar
51008;AFGHAN SLIPPER SOCK PAIR;Sin clasificar
51012C;FEATHER DUSTER COAL BLACK;Sin clasificar
51012L;FEATHER DUSTER LIGHT PINK;Velas e Iluminación
51014A;FEATHER PEN HOT PINK;Papelería y Tarjetería
51014C;FEATHER PEN COAL BLACK;Papelería y Tarjetería
51014L;FEATHER PEN LIGHT PINK;Papelería y Tarjetería
51020A;SUMMER FUN DESIGN SHOWER CAP;Sin clasificar
51020B;STRIPY DESIGN SHOWER CAP;Sin clasificar
62018;SOMBRERO;Cocina y Mesa
62043B;BLUE CHECK BAG W HANDLE 34X20CM;Bolsos y Carteras
62074B;ELEPHANT CLIP W SUCTION CUP;Cocina y Mesa
62086A;PINK RETRO BIG FLOWER BAG;Bolsos y Carteras
62094B;TURQ ICE CREAM BUM BAG;Bolsos y Carteras
62095B;TURQOISE ICE CREAM SUNHAT;Sin clasificar
62096A;PINK YELLOW FLOWERS HANDBAG;Bolsos y Carteras
62096B;PURPLE TURQ FLOWERS HANDBAG;Bolsos y Carteras
62097A;PINK STRIPES SHOULDER BAG;Bolsos y Carteras
62097B;BLUE STRIPES SHOULDER BAG;Bolsos y Carteras
70006;LOVE HEART POCKET WARMER;Botellas de Agua Caliente y Confort
70007;HI TEC ALPINE HAND WARMER;Botellas de Agua Caliente y Confort
71028B;SILVER BLUE EGG T LIGHT HOLDER;Velas e Iluminación
71038;WHITE HANGING BEADS CANDLE HOLDER;Velas e Iluminación
71050;SMALL SINGLE FLAME CANDLE HOLDER;Velas e Iluminación
71053;WHITE METAL LANTERN;Velas e Iluminación
71101A;ANGEL ON KNEES METAL POLE 100CM H;Sin clasificar
71101E;STANDING FAIRY POLE SUPPORT;Velas e Iluminación
71143;SILVER BOOK MARK WITH BEADS;Cajas y Almacenamiento
71215;METAL BASE FOR CANDLES;Velas e Iluminación
71270;PHOTO CLIP LINE;Marcos y Fotografía
71279;PINK GLASS CANDLEHOLDER;Velas e Iluminación
71403;PINK WHITE KEEP CLEAN BULLET BIN;Cocina y Mesa
71406C;BLACK ORANGE SQUEEZER;Cocina y Mesa
71434B;BLACK RND BULLET KEEP CLEAN BIN;Cocina y Mesa
71459;HANGING JAM JAR T LIGHT HOLDER;Cocina y Mesa
71477;COLOUR GLASS STAR T LIGHT HOLDER;Velas e Iluminación
71495A;CD WALL TIDY BLUE OFFICE;Espejos, Relojes y Arte de Pared
71495B;CD WALL TIDY RED FLOWERS;Espejos, Relojes y Arte de Pared
71496A;A4 WALL TIDY BLUE OFFICE;Espejos, Relojes y Arte de Pared
71496B;A4 WALL TIDY RED FLOWERS;Espejos, Relojes y Arte de Pared
71510;SQUARE METAL CANDLEHOLDER BASE;Velas e Iluminación
72008;FROSTED BOX 9 WHITE T LIGHT CANDLES;Velas e Iluminación
72023F;RED ORGANIC CANDLE IN GLASS;Velas e Iluminación
72024U;LILAC VOTIVE CANDLE;Velas e Iluminación
72038P;PRICE S CANDLE PEACH;Velas e Iluminación
72045D;ROSES ON BLUE TEACUP CANDLE;Cocina y Mesa
72051S;BAG OF SILVER STONES;Bolsos y Carteras
72083A;STRAWBERY SWIRL FLARE CANDLE;Velas e Iluminación
72084B;CHOCOLATE ICE CREAM CANDLE;Velas e Iluminación
72122;COFFEE SCENT PILLAR CANDLE;Velas e Iluminación
72127;COLUMBIAN CANDLE ROUND;Velas e Iluminación
72128;COLUMBIAN CANDLE ROUND;Velas e Iluminación
72129;COLUMBIAN CANDLE ROUND;Velas e Iluminación
72130;COLUMBIAN CANDLE ROUND;Velas e Iluminación
72131;COLUMBIAN CANDLE RECTANGLE;Velas e Iluminación
72132;COLUMBIAN CUBE CANDLE;Velas e Iluminación
72133;COLUMBIAN CANDLE RECTANGLE;Velas e Iluminación
72134;COLUMBIAN CUBE CANDLE;Velas e Iluminación
72140E;BEST DAD CANDLE LETTERS;Velas e Iluminación
72140F;HAPPY ANNIVERSARY CANDLE LETTERS;Velas e Iluminación
72225C;LAVENDER SCENT CAKE CANDLE;Velas e Iluminación
72225D;VANILLA SCENT CAKE CANDLE;Velas e Iluminación
72232;FENG SHUI PILLAR CANDLE;Velas e Iluminación
72267;PREMIUM CHURCH CANDLE;Velas e Iluminación
72349B;SET 6 PURPLE BUTTERFLY T LIGHTS;Velas e Iluminación
72351A;SET 6 TURQUOISE BUTTERFLY T LIGHTS;Velas e Iluminación
72351B;SET 6 PINK BUTTERFLY T LIGHTS;Velas e Iluminación
72369A;PINK CLEAR GLASS CANDLE PLATE;Cocina y Mesa
72484;ROSES IN WHITE HEART CANDLE;Velas e Iluminación
72487;ROSES WHITE ROUND CANDLE;Velas e Iluminación
72529W;WHITE ADVENT CANDLE;Navidad
72586;SET OF 6 HALLOWEEN GHOST T LIGHTS;Velas e Iluminación
72598;SET 12 TAPER CANDLES;Velas e Iluminación
72606A;BROWN ANTIQUE CUBE CANDLE;Velas e Iluminación
72708;SCULPTED ROUND IVORY CANDLE;Velas e Iluminación
72709;IVORY SCULPTED RND CANDLE;Velas e Iluminación
72715;SPHERICAL IVORY CANDLE;Velas e Iluminación
72724;SET 6 CHRISTMAS ICICLE T LIGHTS;Navidad
72728;ROSE SCENT CANDLES IN GLASS;Velas e Iluminación
72739B;WHITE CHOCOLATE SCENT CANDLE;Velas e Iluminación
72739C;DARK CHOCOLATE SCENTCANDLE;Velas e Iluminación
72740A;LARGE STRAWBERRY CHOCOLATE CANDLE;Velas e Iluminación
72740B;LARGE WHITE CHOCOLATE CANDLE;Velas e Iluminación
72741;GRAND CHOCOLATECANDLE;Velas e Iluminación
72750A;F FAIRY S 3 CANDLE GLASS LILY VALLY;Velas e Iluminación
72750B;FLOWER FAIRY SET 3 CANDLES LAVENDER;Velas e Iluminación
72750C;F FAIRY S 3 CANDLE GLASS ROSE;Velas e Iluminación
72750D;F FAIRY S 3 CANDLE GLASS;Velas e Iluminación
72751A;F FAIRY S 3 SML CANDLE LILY VALLEY;Velas e Iluminación
72751B;F FAIRY S 3 SML CANDLE LAVENDER;Velas e Iluminación
72751C;F FAIRY S 3 SML CANDLE ROSE;Velas e Iluminación
72752A;F FAIRY CANDLE IN GLASS LILY VALLEY;Velas e Iluminación
72752B;F FAIRY CANDLE IN GLASS LAVENDER;Velas e Iluminación
72753A;S 3 FLWR FAIRY LILLY CANDLES;Velas e Iluminación
72753B;S 3 FLWR FAIRY LAVENDER CANDLES;Velas e Iluminación
72753C;S 3 FLWR FAIRY ROSE CANDLES;Velas e Iluminación
72753D;S 3 FLWR FAIRY SUMMER CANDLES;Velas e Iluminación
72754A;FLOWER FAIRY POTPOURRI CUSHION LILY;Textiles del Hogar
72754B;F FAIRY POTPOURRI CUSHIONS LAVENDER;Textiles del Hogar
72754D;F FAIRY POTPOURRI CUSHIONS SUMMER;Textiles del Hogar
72755C;FLOWER FAIRY OIL BURNER SET ROSE;Sin clasificar
72755D;FLOWER FAIRY OIL BURNER SET SUMMER;Sin clasificar
72756;FAIRY CAKE CANDLES;Velas e Iluminación
72760B;VINTAGE CREAM 3 BASKET CAKE STAND;Cocina y Mesa
72771B;BURG FLOCK GOLD CUP CANDLE;Cocina y Mesa
72771C;BLACK FLOCK GOLD CANDLE;Velas e Iluminación
72772;SET 4 SCENTED CANDLES IN RAMEKINS;Velas e Iluminación
72779;SET 6 BLACK ROSE T LIGHT CANDLES;Velas e Iluminación
72780;BLACK SILOUETTE CANDLE PLATE;Cocina y Mesa
72781;BLACK SILOUETTE CANDLE PLATE;Cocina y Mesa
72783;BLACK SIL T SQU CANDLE PLATE;Cocina y Mesa
72785A;S 4 CONTEMPORY PINK ROSEBUD CANDLES;Velas e Iluminación
72785B;S 4 CONTEMPORY RED ROSEBUD CANDLES;Velas e Iluminación
72789;BASKET 8 SCENTED LOVE TOKEN CANDLES;Velas e Iluminación
72793;BLACK BOX MIRROR LANTERN;Espejos, Relojes y Arte de Pared
72796A;S 3 ENGLISH LAVENDER SQU CANDLE;Velas e Iluminación
72796B;S 3 FRENCH VANILLA SQU CANDLE;Velas e Iluminación
72796C;S 3 ROSE GARDEN SCENT SQU CANDLE;Jardín y Exterior
72798C;SET 4 GARDEN ROSE DINNER CANDLE;Jardín y Exterior
72799A;BLACK PILLAR CANDLE SILVER FLOCK;Velas e Iluminación
72799B;PURPLE PILLAR CANDLE BLACK FLOCK;Velas e Iluminación
72799C;PINK PILLAR CANDLE SILVER FLOCK;Velas e Iluminación
72799D;BLUE PILLAR CANDLE SILVER FLOCK;Velas e Iluminación
72799E;IVORY PILLAR CANDLE SILVER FLOCK;Velas e Iluminación
72799F;IVORY PILLAR CANDLE GOLD FLOCK;Velas e Iluminación
72800A;S 4 BLACK DINNER CANDLE SILVER FLOC;Velas e Iluminación
72800B;4 PURPLE FLOCK DINNER CANDLES;Velas e Iluminación
72800C;4 PINK DINNER CANDLE SILVER FLOCK;Velas e Iluminación
72800D;4 BLUE DINNER CANDLES SILVER FLOCK;Velas e Iluminación
72800E;4 IVORY DINNER CANDLES SILVER FLOCK;Velas e Iluminación
72800F;4 IVORY DINNER CANDLES GOLD FLOCK;Velas e Iluminación
72801C;4 ROSE PINK DINNER CANDLES;Velas e Iluminación
72801D;4 SKY BLUE DINNER CANDLES;Velas e Iluminación
72801E;S 4 FESTIVE GREEN DINNER CANDLES;Velas e Iluminación
72801F;S 4 FESTIVE RED DINNER CANDLES;Velas e Iluminación
72801G;4 BURGUNDY WINE DINNER CANDLES;Velas e Iluminación
72802A;ROSE SCENT CANDLE IN JEWELLED BOX;Velas e Iluminación
72802B;OCEAN SCENT CANDLE IN JEWELLED BOX;Velas e Iluminación
72802C;VANILLA SCENT CANDLE JEWELLED BOX;Velas e Iluminación
72803A;ROSE SCENT CANDLE JEWELLED DRAWER;Velas e Iluminación
72803B;OCEAN SCENT CANDLE JEWELLED DRAWER;Velas e Iluminación
72805;VANILLA CANDLE IN EMBOSSED ZINC POT;Velas e Iluminación
72807A;SET 3 ROSE CANDLE IN JEWELLED BOX;Velas e Iluminación
72807B;SET 3 OCEAN SCENT CANDLE JEWEL BOX;Velas e Iluminación
72807C;SET 3 VANILLA SCENTED CANDLE IN BOX;Velas e Iluminación
72811;SMALL ZINC GLASS CANDLEHOLDER;Velas e Iluminación
72812;LARGE ZINC GLASS CANDLEHOLDER;Velas e Iluminación
72814;SET OF 3 CHRISTMAS BRIAR CANDLES;Navidad
72815;3 WICK CHRISTMAS BRIAR CANDLE;Navidad
72816;SET 3 CHRISTMAS DECOUPAGE CANDLES;Navidad
72817;SET OF 2 CHRISTMAS DECOUPAGE CANDLE;Navidad
72818;CHRISTMAS DECOUPAGE CANDLE;Navidad
72819;CUPID DESIGN SCENTED CANDLES;Velas e Iluminación
72821;CUPID SCENTED CANDLE IN GLASS;Velas e Iluminación
75011;BLUE DAISY MOBILE;Decoración del Hogar
75013B;STRING OF 8 BUTTERFLIES PINK;Papelería y Tarjetería
75049L;LARGE CIRCULAR MIRROR MOBILE;Espejos, Relojes y Arte de Pared
75131;METAL TUBE CHIME ON BAMBOO;Sin clasificar
75149N;STRING CRYSTALS NATURAL;Joyería y Bijouterie
75172;PAINTED SEA SHELL METAL WINDCHIME;Sin clasificar
75178;ASSTD COL BUTTERFLY CRYSTAL W CHIME;Sin clasificar
77079;DOLPHIN WINDMILL;Sin clasificar
77081;FLOWER WINDMILL;Sin clasificar
77101A;UNION FLAG WINDSOCK;Textiles del Hogar
78026;SEAGRASS S 3 SQU LAUNDRY BOX;Cajas y Almacenamiento
78027;SEAGRASS S 2 CORNER LAUNDRY;Cocina y Mesa
78033;FLAG OF ST GEORGE CHAIR;Sin clasificar
78034B;BLUE NETTING STORAGE HANGER;Cajas y Almacenamiento
78056;CAMOUFLAGE BACKPACK ON WHEELS;Bolsos y Carteras
78124;MAGAZINE RACK GEBRA ASSORTED;Sin clasificar
79000;MOROCCAN TEA GLASS;Cocina y Mesa
79026B;S 4 ICON COASTER ELVIS LIVES;Cocina y Mesa
79029;GLASS HONEYPOT WASP CATCHER;Sin clasificar
79030A;TUMBLER ENGLISH ROSE;Cocina y Mesa
79030D;TUMBLER BAROQUE;Sin clasificar
79030G;TUMBLER NEW ENGLAND;Sin clasificar
79051A;SMOKEY GREY COLOUR D O F GLASS;Sin clasificar
79062D;RETRO TIN ASHTRAY REVOLUTIONARY;Cocina y Mesa
79063C;RETRO PILL BOX KEY CHAIN THE KING;Sin clasificar
79063D;RETRO PILL BOX REVOLUTIONARY;Cajas y Almacenamiento
79065A;TEATIME ROUND CAKE TINS;Cocina y Mesa
79066K;RETRO MOD TRAY;Cocina y Mesa
79067;CORONA MEXICAN TRAY;Cocina y Mesa
79070B;ENGLISH ROSE SQUARE CAKE TINS;Cocina y Mesa
79071B;ENGLISH ROSE METAL WASTE BIN;Cocina y Mesa
79072;TEATIME CAKE TIN WITH HANDLE;Cocina y Mesa
79140;ASS WINDPROOF MARIJUANA LIGHTERS;Velas e Iluminación
79144B;PAINTED LIGHTBULB STAR MOON;Velas e Iluminación
79144C;PAINTED LIGHTBULB RAINBOW DESIGN;Velas e Iluminación
79149B;SILICON STAR BULB BLUE;Sin clasificar
79151B;SILICON CUBE 25W BLUE;Sin clasificar
79157B;UBO LIGHT TRIOBASE BLUE;Velas e Iluminación
79157V;UBO LIGHT TRIOBASE PURPLE;Velas e Iluminación
79160;HEART SHAPE WIRELESS DOORBELL;Sin clasificar
79161A;ST GEORGE SET OF 10 PARTY LIGHTS;Velas e Iluminación
79163;BLACK CHAMPAGNE GLASS;Cocina y Mesa
79164;BLACK WINE GLASS;Sin clasificar
79172D;PURPLE TINT ACRYLIC FLOWER VASE;Sin clasificar
79190A;RETRO PLASTIC 70 S TRAY;Cocina y Mesa
79190B;RETRO PLASTIC POLKA TRAY;Cocina y Mesa
79190D;RETRO PLASTIC DAISY TRAY;Cocina y Mesa
79191B;RETRO PLASTIC POLKA TRAY;Cocina y Mesa
79191C;RETRO PLASTIC ELEPHANT TRAY;Cocina y Mesa
79191D;RETRO PLASTIC DAISY TRAY;Cocina y Mesa
79192A;RETRO PLASTIC 70 S TRAY;Cocina y Mesa
79301;FEATHER HEART LIGHTS;Velas e Iluminación
79302M;ART LIGHTS FUNK MONKEY;Velas e Iluminación
79303A;WHITE ROHMBIC BLOCK TABLE LAMP;Decoración del Hogar
79303B;BLUE STAR BLOCK TABLE LAMP;Decoración del Hogar
79303D;LILAC FLOWER BLOCK TABLE LAMP;Decoración del Hogar
79308B;MOSAIC CANDLE DISH BLUE PURPLE;Velas e Iluminación
79315W;FLYING SAUCER TABLE LIGHT IN WHITE;Cocina y Mesa
79320;FLAMINGO LIGHTS;Velas e Iluminación
79321;CHILLI LIGHTS;Velas e Iluminación
79323B;BLACK CHERRY LIGHTS;Velas e Iluminación
79323G;GOLD CHERRY LIGHTS;Velas e Iluminación
79323GR;GREEN CHERRY LIGHTS;Velas e Iluminación
79323LP;LIGHT PINK CHERRY LIGHTS;Velas e Iluminación
79323P;PINK CHERRY LIGHTS;Velas e Iluminación
79323S;SILVER CHERRY LIGHTS;Velas e Iluminación
79323W;WHITE CHERRY LIGHTS;Velas e Iluminación
79328;BLUE FLOCK GLASS CANDLEHOLDER;Velas e Iluminación
79329;PINK FLOCK GLASS CANDLEHOLDER;Velas e Iluminación
79331;PINK FLOCK GLASS CANDLEHOLDER;Velas e Iluminación
79336;LIGHT PINK FLOCK GLASS CANDLEHOLDER;Velas e Iluminación
79337;BLUE FLOCK GLASS CANDLEHOLDER;Velas e Iluminación
79338;DARK PINK FLOCK GLASS CANDLEHOLDER;Velas e Iluminación
79341;WILLOW BRANCH LIGHTS;Velas e Iluminación
79342B;BROWN FLOWER LIGHTS;Velas e Iluminación
79403;FROSTED WHITE BASE;Sin clasificar
79406;FROSTED WHITE BASE;Sin clasificar
79413;GLASS WINE GLASS DECORATIONS;Decoración del Hogar
79532;MOSAIC GLASS BALL CANDLEHOLDER;Velas e Iluminación
79534;MULTICOLOUR GLASS PLATE;Cocina y Mesa
81950B;FLOWER BLUE CLOCK W SUCKER;Espejos, Relojes y Arte de Pared
81950V;FLOWER PURPLE CLOCK W SUCKER;Espejos, Relojes y Arte de Pared
81952B;ROUND BLUE CLOCK W SUCKER;Espejos, Relojes y Arte de Pared
81952V;ROUND PURPLE CLOCK WITH SUCKER;Espejos, Relojes y Arte de Pared
81953B;ROUND BLUE CLOCK WITH SUCKER;Espejos, Relojes y Arte de Pared
81953P;ROUND ARTICULATED PINK CLOCK W SUCK;Espejos, Relojes y Arte de Pared
81985A;ICON ALARM CLOCK FUSCHIA PIN UP;Espejos, Relojes y Arte de Pared
82001S;VINYL RECORD FRAME SILVER;Marcos y Fotografía
82011A;BATHROOM SCALES TROPICAL BEACH;Cocina y Mesa
82011B;BATHROOM SCALES RUBBER DUCKS;Cocina y Mesa
82011C;BATHROOM SCALES FOOTPRINTS IN SAND;Cocina y Mesa
82011E;BATHROOM SCALES FAG BREAK;Cocina y Mesa
82069;BEECH WOOD P FRAME;Marcos y Fotografía
82072;WHITE WOOD SINGLE P FRAME;Marcos y Fotografía
82076;BEECH WOOD PHOTO FRAME;Marcos y Fotografía
82081;PINK HEARTS PHOTO ALBUM;Marcos y Fotografía
82093;HEART SHAPE BUTTON FRAME;Marcos y Fotografía
82095;HEART BUTTONS JEWELLERY BOX;Joyería y Bijouterie
82482;WOODEN PICTURE FRAME WHITE FINISH;Marcos y Fotografía
82483;WOOD 2 DRAWER CABINET WHITE FINISH;Cajas y Almacenamiento
82484;WOOD BLACK BOARD ANT WHITE FINISH;Decoración del Hogar
82486;WOOD S 3 CABINET ANT WHITE FINISH;Cajas y Almacenamiento
82494L;WOODEN FRAME ANTIQUE WHITE;Marcos y Fotografía
82545A;COGNAC AUX OEUFS METAL 1 HOOK;Carteles y Señalética
82551;LAUNDRY 15C METAL SIGN;Carteles y Señalética
82552;WASHROOM METAL SIGN;Carteles y Señalética
82553;POP S GREASY SPOON METAL SIGN;Cocina y Mesa
82567;AIRLINE LOUNGE METAL SIGN;Carteles y Señalética
82578;KITCHEN METAL SIGN;Carteles y Señalética
82580;BATHROOM METAL SIGN;Carteles y Señalética
82581;TOILET METAL SIGN;Carteles y Señalética
82582;AREA PATROLLED METAL SIGN;Carteles y Señalética
82583;HOT BATHS METAL SIGN;Carteles y Señalética
82585;SWEET VALENCIA CANDLE CUP;Cocina y Mesa
82587;TEXRIO TOMATOES CANDLE CUP;Cocina y Mesa
82597;BOMBS AWAY METAL SIGN;Carteles y Señalética
82599;FANNY S REST STOPMETAL SIGN;Carteles y Señalética
82600;NO SINGING METAL SIGN;Carteles y Señalética
82605;OLD DOC RUSSEL METAL SIGN;Carteles y Señalética
82607A;GLASS BONBON JAR PARFUME AUX FLEURE;Sin clasificar
82607C;GLASS BONBON JAR SUPERFINES;Cocina y Mesa
82607E;GLASS BONBON JAR D AMANDES;Cocina y Mesa
82613A;METAL SIGN CUPCAKE SINGLE HOOK;Carteles y Señalética
82613B;METAL SIGN CUPCAKE SINGLE HOOK;Carteles y Señalética
82613C;METAL SIGN CUPCAKE SINGLE HOOK;Carteles y Señalética
82613D;METAL SIGN CUPCAKE SINGLE HOOK;Carteles y Señalética
82615;PINK MARSHMALLOW SCARF KNITTING KIT;Papelería y Tarjetería
82616A;BUBBLE GUM SCARF KNITTING KIT;Papelería y Tarjetería
82616B;FRAPPUCINO SCARF KNITTING KIT;Papelería y Tarjetería
82616C;MIDNIGHT GLAMOUR SCARF KNITTING KIT;Papelería y Tarjetería
84006;MAGIC TREE PAPER FLOWERS;Papelería y Tarjetería
84007;MAGIC GARDEN MOUNT FUJI;Jardín y Exterior
84012;MAGIC SHEEP WOOL GROWING FROM PAPER;Papelería y Tarjetería
84016;FLAG OF ST GEORGE CAR FLAG;Sin clasificar
84029C;BROWN FURRY HOT WATER BOTTLE;Botellas de Agua Caliente y Confort
84029D;LEOPARD PRINT HOT WATER BOTTLE;Botellas de Agua Caliente y Confort
84029E;RED WOOLLY HOTTIE WHITE HEART;Botellas de Agua Caliente y Confort
84029G;KNITTED UNION FLAG HOT WATER BOTTLE;Botellas de Agua Caliente y Confort
84030B;KNITTED POM POM HOT WATER BOTTLE;Botellas de Agua Caliente y Confort
84030C;KNITTED RAINBOW HOT WATER BOTTLE;Botellas de Agua Caliente y Confort
84030E;ENGLISH ROSE HOT WATER BOTTLE;Botellas de Agua Caliente y Confort
84031A;CHARLIE LOLA RED HOT WATER BOTTLE;Botellas de Agua Caliente y Confort
84031B;CHARLIE LOLA BLUE HOT WATER BOTTLE;Botellas de Agua Caliente y Confort
84032A;CHARLIE LOLA PINK HOT WATER BOTTLE;Botellas de Agua Caliente y Confort
84032B;CHARLIE LOLA RED HOT WATER BOTTLE;Botellas de Agua Caliente y Confort
84033;FLAG OF ST GEORGE;Sin clasificar
84050;PINK HEART SHAPE EGG FRYING PAN;Cocina y Mesa
84051;ASS COLOUR GLOWING TIARAS;Sin clasificar
84077;WORLD WAR 2 GLIDERS ASSTD DESIGNS;Papelería y Tarjetería
84078A;SET 4 WHITE RETRO STORAGE CUBES;Cajas y Almacenamiento
84081;WHITE CERAMIC PARTY SET 5PCS;Pascua y Fiestas
84086B;YELLOW BLUE RETRO RADIO;Cocina y Mesa
84086C;PINK PURPLE RETRO RADIO;Cocina y Mesa
84192;ASSORTED COLOUR METAL CAT;Decoración del Hogar
84199;GLOW IN DARK DOLPHINS;Decoración del Hogar
84201B;HAPPY BIRTHDAY CARD STRIPEY TEDDY;Pascua y Fiestas
84201C;HAPPY BIRTHDAY CARD TEDDY CAKE;Pascua y Fiestas
84205C;HAPPY BIRTHDAY GINGER CAT CARD;Pascua y Fiestas
84206A;3 BLACK CATS W HEARTS BLANK CARD;Papelería y Tarjetería
84206B;CAT WITH SUNGLASSES BLANK CARD;Papelería y Tarjetería
84206C;CHAMPAGNE TRAY BLANK CARD;Papelería y Tarjetería
84212;ASSORTED FLOWER COLOUR LEIS;Decoración del Hogar
84218;BOX 12 CHICK EGG IN BASKET;Cajas y Almacenamiento
84219;BOX 12 MOTHER CHICK IN BASKET BOW;Cajas y Almacenamiento
84226;HEN HOUSE W FAMILY IN BARN NEST;Sin clasificar
84227;HEN HOUSE W CHICK IN NEST;Sin clasificar
84228;HEN HOUSE W CHICK STANDING;Sin clasificar
84231;EASTER BUNNY WITH BASKET ON BACK;Pascua y Fiestas
84247C;PACK 12 BLUE REINDEER CARD;Navidad
84247E;PACK 12 XMAS FUN CARD;Navidad
84247G;DECOUPAGE GREETING CARD;Papelería y Tarjetería
84247H;PACK 12 DECOUPAGE CARD;Papelería y Tarjetería
84247J;PACK 12 RUSSIAN DOLL CARDS;Papelería y Tarjetería
84247K;FOLK ART GREETING CARD PACK 12;Papelería y Tarjetería
84247L;FAWN AND MUSHROOM GREETING CARD;Papelería y Tarjetería
84247N;PACK 12 BLUE FOLKART CARDS;Papelería y Tarjetería
84249A;GREETING CARD SQUARE DOUGHNUTS;Papelería y Tarjetería
84249D;FAIRY CAKE GREETINGS CARD;Papelería y Tarjetería
84250M;GREETING CARD BLACKPOOL ROCK;Papelería y Tarjetería
84251B;GREETING CARD STICKY GORDON;Papelería y Tarjetería
84251C;GREETING CARD TWO SISTERS;Papelería y Tarjetería
84251F;GREETING CARD RITA;Papelería y Tarjetería
84251G;GREETING CARD OVERCROWDED POOL;Papelería y Tarjetería
84251J;GREETING CARD THE BLACK CAT;Papelería y Tarjetería
84255A;PINK GLASS COCKTAIL LAMP;Sin clasificar
84255B;ORANGE COCKTAIL GLASS LAMP;Sin clasificar
84270;ASSTD DESIGN BUBBLE GUM RING;Sin clasificar
84279B;CHERRY BLOSSOM DECORATIVE FLASK;Sin clasificar
84279P;CHERRY BLOSSOM DECORATIVE FLASK;Sin clasificar
84288B;SET 2 BLUE NOODLE BASKETS;Cocina y Mesa
84292;ROSE PINK METAL FOLDING CHAIR;Sin clasificar
84292B;BLUE COL METAL FOLDING CHAIR;Sin clasificar
84306;S 3 PINK SQUARE PLANTERS ROSES;Cocina y Mesa
84311;CAMOFLAGE CUSHION COVER;Textiles del Hogar
84313A;PINK TV TRAY TABLE;Sin clasificar
84313B;BLUE TV TRAY TABLE;Sin clasificar
84313C;ORANGE TV TRAY TABLE;Sin clasificar
84327A;PINK JUMPER LARRY THE LAMB;Sin clasificar
84340;LARGE FIBRE OPTIC CHRISTMAS TREE;Navidad
84341B;SMALL PINK MAGIC CHRISTMAS TREE;Navidad
84347;ROTATING SILVER ANGELS T LIGHT HLDR;Velas e Iluminación
84352;SILVER CHRISTMAS TREE BAUBLE STAND;Navidad
84356;POMPOM CURTAIN;Textiles del Hogar
84358;FLOOR LAMP SHADE WOOD BASE;Textiles del Hogar
84360;TABLE LAMP WHITE SHADE WOOD BASE;Sin clasificar
84366;VENDETTA CANVAS PICTURE;Espejos, Relojes y Arte de Pared
84367;LA STREGA CANVAS PICTURE;Espejos, Relojes y Arte de Pared
84371;BIG PINK POODLE;Cocina y Mesa
84375;SET OF 20 KIDS COOKIE CUTTERS;Cocina y Mesa
84378;SET OF 3 HEART COOKIE CUTTERS;Cocina y Mesa
84380;SET OF 3 BUTTERFLY COOKIE CUTTERS;Sin clasificar
84387A;BIRD ON BRANCH CANVAS SCREEN;Espejos, Relojes y Arte de Pared
84388;WISE MAN STAR SHAPE EGG PAN;Cocina y Mesa
84396;6 HOOK JEWELLERY STAND BLACK DRESS;Joyería y Bijouterie
84402B;PURPLE DRESS JEWELLERY STAND;Joyería y Bijouterie
84402D;PINK DRESS JEWELLERY STAND;Joyería y Bijouterie
84405A;S 3 PINK COL METAL BASKET W HANDLE;Sin clasificar
84406B;CREAM CUPID HEARTS COAT HANGER;Cajas y Almacenamiento
84414B;FUSCHIA GREEN STRIPE WOOLLY BLANKET;Textiles del Hogar
84415A;PINK FLOCK SUEDE CUSHION COVER;Textiles del Hogar
84415B;BLUE FLOCK CUSHION COVER;Textiles del Hogar
84422;PINK BLUE DISC MIRROR STRING;Espejos, Relojes y Arte de Pared
84424A;FOUR PICTURE WHITE GLASS FRAME;Marcos y Fotografía
84425A;WHITE GLASS TV TRIPLE FRAME;Marcos y Fotografía
84427B;BLACK GLASS TV DOUBLE P FRAME 15X10;Marcos y Fotografía
84429A;MEDIUM PINK BUDDHA HEAD;Cocina y Mesa
84437A;S 6 PINK EASTER DECS IN BOX;Pascua y Fiestas
84447;6 RABBIT CHAIN EASTER;Pascua y Fiestas
84450A;PINK RABBIT SITTING EASTER;Pascua y Fiestas
84450B;PINK YELLOW RABBIT SAT EASTER;Pascua y Fiestas
84452;METAL RABBIT LADDER EASTER;Pascua y Fiestas
84454;WOBBLING METAL CHICKEN EASTER;Pascua y Fiestas
84455;SET OF 3 RABBIT CARROTS EASTER;Pascua y Fiestas
84456;SET OF 3 RABBIT EGG EASTER;Pascua y Fiestas
84457;SET 3 RABBITS FLOWER SKIPPPING ROPE;Sin clasificar
84458;S 3 RABBIT FLOWER EGG CARROT ROPE;Sin clasificar
84459A;PINK METAL CHICKEN HEART;Decoración del Hogar
84459B;YELLOW METAL CHICKEN HEART;Sin clasificar
84461;12 PINK HEN CHICKS IN BASKET;Decoración del Hogar
84462;3 PINK HEN CHICKS IN BASKET;Decoración del Hogar
84464;S 60 PINK FLUFFY CHICKS IN BOX;Sin clasificar
84465;15 PINK FLUFFY CHICKS IN BOX;Sin clasificar
84466;TOP SECRET PEN SET;Papelería y Tarjetería
84467;ENGLISH ROSE DESIGN QUILTED THROW;Textiles del Hogar
84469;ROSE DES PADDED FLOOR CUSHION;Textiles del Hogar
84472;PINK AND LILAC QUILTED THROW;Textiles del Hogar
84482;BUTTONS DESIGN JEWELLERY BOX;Joyería y Bijouterie
84493;BLUE PINK NEST STRIPE BOX;Cajas y Almacenamiento
84497;BUTTONS AND STRIPES NOTEBOOK;Papelería y Tarjetería
84499;BLACK FLOWER CANDLE PLATE;Cocina y Mesa
84507B;STRIPES DESIGN MONKEY DOLL;Papelería y Tarjetería
84507C;BLUE CIRCLES DESIGN MONKEY DOLL;Sin clasificar
84508A;CAMOUFLAGE DESIGN TEDDY;Sin clasificar
84508B;STRIPES DESIGN TEDDY;Sin clasificar
84508C;BLUE CIRCLES DESIGN TEDDY;Cocina y Mesa
84509A;SET OF 4 ENGLISH ROSE PLACEMATS;Cocina y Mesa
84509B;SET OF 4 FAIRY CAKE PLACEMATS;Cocina y Mesa
84509C;SET OF 4 POLKADOT PLACEMATS;Cocina y Mesa
84509E;SET OF 4 CAROUSEL PLACEMATS;Cocina y Mesa
84509F;SET OF 4 NEW ENGLAND PLACEMATS;Cocina y Mesa
84509G;SET OF 4 FAIRY CAKE PLACEMATS;Cocina y Mesa
84510A;SET OF 4 ENGLISH ROSE COASTERS;Cocina y Mesa
84510B;SET OF 4 FAIRY CAKES COASTERS;Cocina y Mesa
84510C;SET OF 4 POLKADOT COASTERS;Cocina y Mesa
84510E;SET OF 4 GREEN CAROUSEL COASTERS;Cocina y Mesa
84510F;SET OF 4 NEW ENGLAND COASTERS;Cocina y Mesa
84519A;TOMATO CHARLIE LOLA COASTER SET;Cocina y Mesa
84519B;CARROT CHARLIE LOLA COASTER SET;Cocina y Mesa
84520B;PACK 20 ENGLISH ROSE PAPER NAPKINS;Cocina y Mesa
84520D;PACK OF 20 FAIRY CAKE PAPER NAPKINS;Cocina y Mesa
84522;PINK PARTY SUNGLASSES;Pascua y Fiestas
84526;GIANT BLACK SUNGLASSES;Cocina y Mesa
84527;FLAMES SUNGLASSES PINK LENSES;Cocina y Mesa
84529A;PINK KNITTED KIDS RUCKSACK;Bolsos y Carteras
84529B;BLUE KNITTED KID S RUCKSACK;Bolsos y Carteras
84529C;YELLOW KNITTED KIDS RUCKSACK;Bolsos y Carteras
84531A;PINK KNITTED EGG COSY;Sin clasificar
84531B;BLUE KNITTED EGG COSY;Sin clasificar
84532B;FAIRY CAKES RECTANGLUAR BOXES;Cajas y Almacenamiento
84533B;FAIRY CAKES ROUND NESTING BOXES;Cajas y Almacenamiento
84534B;FAIRY CAKE NOTEBOOK A5 SIZE;Papelería y Tarjetería
84535A;ENGLISH ROSE NOTEBOOK A6 SIZE;Papelería y Tarjetería
84535B;FAIRY CAKES NOTEBOOK A6 SIZE;Papelería y Tarjetería
84536A;ENGLISH ROSE NOTEBOOK A7 SIZE;Papelería y Tarjetería
84536B;FAIRY CAKES NOTEBOOK A7 SIZE;Papelería y Tarjetería
84537B;FAIRY CAKES GIFT BAG;Bolsos y Carteras
84539;KNITTED RABBIT DOLL;Papelería y Tarjetería
84546;CROCHET POODLE KEYRING;Joyería y Bijouterie
84548;CROCHET BEAR RED BLUE KEYRING;Joyería y Bijouterie
84549;CROCHET WHITE RABBIT KEYRING;Joyería y Bijouterie
84550;CROCHET LILAC RED BEAR KEYRING;Joyería y Bijouterie
84551;CROCHET DOG KEYRING;Joyería y Bijouterie
84555A;YELLOW VW BEETLE CERAMIC MONEY BOX;Cajas y Almacenamiento
84558A;3D DOG PICTURE PLAYING CARDS;Papelería y Tarjetería
84559A;3D SHEET OF DOG STICKERS;Papelería y Tarjetería
84559B;3D SHEET OF CAT STICKERS;Papelería y Tarjetería
84559D;3D SHEET OF SEA WORLD STICKERS;Papelería y Tarjetería
84562A;PINK WHITE RIBBED MELAMINE JUG;Cocina y Mesa
84562B;BLUE WHITE RIBBED MELAMINE JUG;Cocina y Mesa
84563A;PINK WHITE BREAKFAST TRAY;Cocina y Mesa
84563B;BLUE WHITE BREAKFAST TRAY;Cocina y Mesa
84564;6 SEGMENT COLOURED SNACK BOWL;Cocina y Mesa
84567;FROSTED GLASS WITH SILVER SURROUND;Sin clasificar
84568;GIRLS ALPHABET IRON ON PATCHES;Sin clasificar
84569A;PACK 3 IRON ON DOG PATCHES;Cocina y Mesa
84569B;PACK 3 FIRE ENGINE CAR PATCHES;Sin clasificar
84569C;PACK 4 FLOWER BUTTERFLY PATCHES;Sin clasificar
84569D;PACK 6 HEART ICE CREAM PATCHES;Sin clasificar
84570B;WHITE SATIN DRESS JEWEL STAND;Sin clasificar
84572;6 HOOK JEWEL STAND LILAC DRESS;Sin clasificar
84575A;PINK DOG CANNISTER;Sin clasificar
84575B;BROWN DOG CANNISTER W BONE;Sin clasificar
84576;BLUE CAT BISCUIT BARREL PINK HEART;Cocina y Mesa
84578;ELEPHANT TOY WITH BLUE T SHIRT;Sin clasificar
84580;MOUSE TOY WITH PINK T SHIRT;Sin clasificar
84581;DOG TOY WITH PINK CROCHET SKIRT;Sin clasificar
84582;PINK CROCHET CAT WITH SCARF;Sin clasificar
84584;PINK GINGHAM CAT WITH SCARF;Papelería y Tarjetería
84586L;PINK ROSES GINGHAM PATCH RABBIT 8;Sin clasificar
84592;CROCHET ROSE PURSE WITH SUEDE BACK;Bolsos y Carteras
84593;CROCHET ROSE DES CLOTHES HANGER;Sin clasificar
84595B;LARGE TRIFLE DESIGN L BLUE BOWL;Cocina y Mesa
84595E;LARGE TORTILLA DESIGN RED BOWL;Cocina y Mesa
84596B;SMALL DOLLY MIX DESIGN ORANGE BOWL;Cocina y Mesa
84596E;SMALL LICORICE DES PINK BOWL;Cocina y Mesa
84596F;SMALL MARSHMALLOWS PINK BOWL;Cocina y Mesa
84596G;SMALL CHOCOLATES PINK BOWL;Cocina y Mesa
84596I;WRAP SWEETS LIGHT PINK SMALL BOWL;Cocina y Mesa
84596J;MIXED NUTS LIGHT GREEN BOWL;Cocina y Mesa
84596K;JELLY BABIES YELLOW SMALL BOWL;Cocina y Mesa
84596L;BISCUITS SMALL BOWL LIGHT BLUE;Cocina y Mesa
84597B;RETRO BROWN BALL ASHTRAY;Cocina y Mesa
84597C;RETRO PINK BALL ASHTRAY;Cocina y Mesa
84598;BOYS ALPHABET IRON ON PATCHES;Sin clasificar
84599;CANDY STRIPE ROSE FLOOR CUSHION;Textiles del Hogar
84600;NEW BAROQUE JEWELLERY BOX;Joyería y Bijouterie
84601A;NEW BAROQUE IVORY CUSHION COVER;Textiles del Hogar
84608;ORNATE EDWARDIAN CANDLE HOLDER;Velas e Iluminación
84609;TALL ROCOCO CANDLE HOLDER;Velas e Iluminación
84611B;BLACK NEW BAROQUE FLOCK BOX;Cajas y Almacenamiento
84612B;SET 4 BLACK BAROQUE FLOCK COASTER;Cocina y Mesa
84613A;PINK NEW BAROQUE FLOCK CANDLESTICK;Velas e Iluminación
84613C;BLUE NEW BAROQUE FLOCK CANDLESTICK;Velas e Iluminación
84614A;PINK BAROQUE FLOCK CANDLE HOLDER;Velas e Iluminación
84614C;BLUE BAROQUE FLOCK CANDLE HOLDER;Velas e Iluminación
84615;PINK ROUND BUTTERFLY MIRROR;Espejos, Relojes y Arte de Pared
84616;SILVER ROCCOCO CHANDELIER;Sin clasificar
84617;NEW BAROQUE BLACK BOXES;Cajas y Almacenamiento
84619;BLUE GINGHAM ROSE QUILT;Textiles del Hogar
84620;BLUE GINGHAM ROSE CUSHION COVER;Textiles del Hogar
84621;BLUE GINGHAM ROSE FLOOR CUSHION;Textiles del Hogar
84622;PINK GINGHAM ROSE CUSHION COVER;Textiles del Hogar
84623;PINK GINGHAM ROSE FLOOR CUSHION;Textiles del Hogar
84625A;PINK NEW BAROQUECANDLESTICK CANDLE;Velas e Iluminación
84625B;BLCK NEW BAROQUE CANDLESTICK CANDLE;Velas e Iluminación
84625C;BLUE NEW BAROQUE CANDLESTICK CANDLE;Velas e Iluminación
84625D;WHITE NEWBAROQUE CANDLESTICK CANDLE;Velas e Iluminación
84626;CANDY STRIPE ROSE QUILT;Textiles del Hogar
84627;CANDY STRIPE ROSE C COVER;Textiles del Hogar
84629;WHITE 3 FRAME BIRDS AND TREE;Marcos y Fotografía
84630;FLOWERS AND BIRDS WALL PLAQUE;Carteles y Señalética
84631;FRUIT TREE AND BIRDS WALL PLAQUE;Carteles y Señalética
84632;DECORATIVE HANGING SHELVING UNIT;Decoración del Hogar
84637;KITCHEN FLOWER POTS WALL PLAQUE;Carteles y Señalética
84638;SMALL KITCHEN FLOWER POTS PLAQUE;Carteles y Señalética
84648;NEW BAROQUE WALL MIRROR;Espejos, Relojes y Arte de Pared
84653;GREEN ROSE QUILT;Textiles del Hogar
84656;WHITE ROSE C COVER;Sin clasificar
84657;GREEN ROSE CUSHION COVER;Textiles del Hogar
84658;WHITE STITCHED CUSHION COVER;Textiles del Hogar
84659A;WHITE TRAVEL ALARM CLOCK;Espejos, Relojes y Arte de Pared
84660A;WHITE STITCHED WALL CLOCK;Espejos, Relojes y Arte de Pared
84660B;BLACK STITCHED WALL CLOCK;Espejos, Relojes y Arte de Pared
84660C;PINK STITCHED WALL CLOCK;Espejos, Relojes y Arte de Pared
84661A;WHITE SQUARE TABLE CLOCK;Espejos, Relojes y Arte de Pared
84661B;BLACK SQUARE TABLE CLOCK;Espejos, Relojes y Arte de Pared
84661C;PINK SQUARE TABLE CLOCK;Espejos, Relojes y Arte de Pared
84663A;GRASS HOPPER WOODEN WALL CLOCK;Espejos, Relojes y Arte de Pared
84664;CHERRY BLOSSOM BATHROOM CABINET;Cajas y Almacenamiento
84665;SQUARE CHERRY BLOSSOM CABINET;Cajas y Almacenamiento
84666;SQUARE CHERRY BLOSSOM CABINET;Cajas y Almacenamiento
84670;JAPANESE CROCHETED ANIMAL;Sin clasificar
84671B;CROCHET BEAR WITH BLUE STRIPES;Sin clasificar
84673A;PINK FLY SWAT;Cocina y Mesa
84673B;BLUE FLY SWAT;Sin clasificar
84674;FLYING PIG WATERING CAN;Jardín y Exterior
84675;FROG KING WATERING CAN;Jardín y Exterior
84676;BATH DUCK WATERING CAN;Jardín y Exterior
84678;CLASSICAL ROSE SMALL VASE;Velas e Iluminación
84679;CLASSICAL ROSE TABLE LAMP;Velas e Iluminación
84680;CLASSICAL ROSE URN;Velas e Iluminación
84682;CLASSICAL ROSE DISH;Velas e Iluminación
84683;CLASSICAL ROSE CANDLESTAND;Velas e Iluminación
84684;BEACH HUT PHOTO FRAME;Marcos y Fotografía
84685;BEACH HUT KEY CABINET;Cajas y Almacenamiento
84686;BEACH HUT MIRROR;Espejos, Relojes y Arte de Pared
84687;BEACH HUT SHELF W 3 DRAWERS;Cajas y Almacenamiento
84688;BEACH HUT DESIGN BLACKBOARD;Decoración del Hogar
84689;S 2 BEACH HUT TREASURE CHESTS;Cajas y Almacenamiento
84690;S 2 BEACH HUT STOOLS;Cajas y Almacenamiento
84691;PACK 20 DOLLY PEGS;Cocina y Mesa
84692;BOX OF 24 COCKTAIL PARASOLS;Jardín y Exterior
84705A;ENGLISH ROSE PHOTO FRAME;Marcos y Fotografía
84705B;FAIRY CAKES PHOTO FRAME;Marcos y Fotografía
84705C;PINK FLOCK PHOTO FRAME;Marcos y Fotografía
84705D;CHERRY BLOSSOM PHOTO FRAME;Marcos y Fotografía
84705F;RED PEONY PHOTO FRAME;Marcos y Fotografía
84706A;ENGLISH ROSE TABLE CLOCK;Espejos, Relojes y Arte de Pared
84706B;FAIRY CAKES TABLE CLOCK;Espejos, Relojes y Arte de Pared
84706C;PINK FLOCK TABLE CLOCK;Espejos, Relojes y Arte de Pared
84706D;CHERRY BLOSSOM TABLE CLOCK;Espejos, Relojes y Arte de Pared
84706F;RED PEONY TABLE CLOCK;Espejos, Relojes y Arte de Pared
84707A;SILVER JEWELLED MIRROR TRINKET TRAY;Espejos, Relojes y Arte de Pared
84707B;PINK JEWELLED MIRROR TRINKET TRAY;Espejos, Relojes y Arte de Pared
84708B;PINK JEWELLED PHOTO FRAME;Marcos y Fotografía
84709A;SILVER OVAL JEWELLED MIRROR;Espejos, Relojes y Arte de Pared
84709B;PINK OVAL JEWELLED MIRROR;Espejos, Relojes y Arte de Pared
84711A;SILVER OVAL SHAPE TRINKET BOX;Cajas y Almacenamiento
84711B;PINK OVAL SHAPE TRINKET BOX;Cajas y Almacenamiento
84712B;PINK JEWELLED PHOTO FRAME;Marcos y Fotografía
84715;SET OF 6 ICE CREAM SKITTLES;Sin clasificar
84720;DOT MATRIX CANVAS ART PICTURE;Espejos, Relojes y Arte de Pared
84721;MANHATTAN CANVAS ART PICTURE;Espejos, Relojes y Arte de Pared
84723;CHERRY BLOSSOM CANVAS ART PICTURE;Espejos, Relojes y Arte de Pared
84725;FREESTYLE CANVAS ART PICTURE;Espejos, Relojes y Arte de Pared
84726;LILLIES CANVAS PICTURE;Espejos, Relojes y Arte de Pared
84731;3 BIRDS CANVAS SCREEN;Espejos, Relojes y Arte de Pared
84732B;CUTE BIRD CEATURE SCREEN;Espejos, Relojes y Arte de Pared
84732D;CUTE RABBIT CEATURE SCREEN;Sin clasificar
84741C;CITRUS GARLAND FELT FLOWERS;Decoración del Hogar
84743C;ORANGE FELT VASE FLOWERS;Decoración del Hogar
84744;S 6 SEW ON CROCHET FLOWERS;Sin clasificar
84745A;PINK HANGING GINGHAM EASTER HEN;Pascua y Fiestas
84745B;BLUE HANGING GINGHAM EASTER HEN;Pascua y Fiestas
84746;PINK EASTER HENS FLOWER;Pascua y Fiestas
84748;FOLK FELT HANGING MULTICOL GARLAND;Decoración del Hogar
84750A;PINK SMALL GLASS CAKE STAND;Cocina y Mesa
84750B;BLACK SMALL GLASS CAKE STAND;Cocina y Mesa
84751B;BLACK MEDIUM GLASS CAKE STAND;Cocina y Mesa
84753A;PINK EAU DE COLOGNE BOTTLE;Sin clasificar
84754;S 15 SILVER GLASS BAUBLES IN BAG;Navidad
84755;COLOUR GLASS T LIGHT HOLDER HANGING;Velas e Iluminación
84757;ENCHANTED GARDEN WROUGHT IRON TABLE;Jardín y Exterior
84760L;LARGE HANGING GLASS ZINC LANTERN;Velas e Iluminación
84760S;SMALL HANGING GLASS ZINC LANTERN;Velas e Iluminación
84761;IVORY HANGING BIRD PLANTER;Decoración del Hogar
84762A;WHITE PICNIC BARBECUE BUCKET;Sin clasificar
84762B;PINK PICNIC BARBECUE BUCKET;Sin clasificar
84762C;GREEN PICNIC BARBECUE BUCKET;Sin clasificar
84763;ZINC FINISH 15CM PLANTER POTS;Sin clasificar
84765;SILVER ROCOCO CANDELABRA;Velas e Iluminación
84766;SILVER ROCOCO CANDLE STICK;Velas e Iluminación
84767;ZINC POLICE BOX LANTERN;Velas e Iluminación
84770;ROUND GEORGIAN SILVER MIRROR;Espejos, Relojes y Arte de Pared
84773;RED ROSE AND LACE C COVER;Sin clasificar
84782A;PINK 3 TIER GLASS PLATE STAND;Cocina y Mesa
84782B;BLACK 3 TIER GLASS PLATE STAND;Cocina y Mesa
84782C;GREEN 3 TIER GLASS PLATE STAND;Cocina y Mesa
84789;ENCHANTED BIRD PLANT CAGE;Jardín y Exterior
84791;GINGHAM HEART DECORATION;Decoración del Hogar
84792;ENCHANTED BIRD COATHANGER 5 HOOK;Sin clasificar
84795A;PASTEL STRIPE HAMMOCK;Sin clasificar
84795B;SUNSET CHECK HAMMOCK;Sin clasificar
84795C;OCEAN STRIPE HAMMOCK;Sin clasificar
84795D;SEASIDE STRIPE HAMMOCK;Sin clasificar
84795E;RIO PINK STRIPE HAMMOCK;Sin clasificar
84796A;PINK HAWAIIAN PICNIC HAMPER FOR 2;Sin clasificar
84796B;BLUE SAVANNAH PICNIC HAMPER FOR 2;Cocina y Mesa
84797A;PINK HAWAIIAN PICNIC HAMPER FOR 4;Sin clasificar
84797B;BLUE SAVANNAH PICNIC HAMPER FOR 4;Cocina y Mesa
84798A;PINK FOXGLOVE ARTIIFCIAL FLOWER;Sin clasificar
84798B;PURPLE FOXGLOVE ARTIIFCIAL FLOWER;Sin clasificar
84798C;WHITE FOXGLOVE ARTIIFCIAL FLOWER;Sin clasificar
84799;SPRIG LAVENDER ARTIFICIAL FLOWER;Velas e Iluminación
84800L;LARGE WHITE PINK ROSE ART FLOWER;Sin clasificar
84800M;MEDIUM WHITE PINK ROSE ART FLOWER;Sin clasificar
84800S;SMALL WHITE PINK ROSE ART FLOWER;Sin clasificar
84801A;PINK HYDRANGEA ART FLOWER;Espejos, Relojes y Arte de Pared
84801B;WHITE HYDRANGEA ART FLOWER;Espejos, Relojes y Arte de Pared
84802A;WHITE ANEMONE ARTIFICIAL FLOWER;Sin clasificar
84802B;PURPLE ANEMONE ARTIFICIAL FLOWER;Sin clasificar
84803A;PINK ALLIUM ARTIFICIAL FLOWER;Sin clasificar
84803B;WHITE ALLIUM ARTIFICIAL FLOWER;Sin clasificar
84804A;CREAM DELPHINIUM ARTIFICIAL FLOWER;Cocina y Mesa
84804B;BLUE DELPHINIUM ARTIFICIAL FLOWER;Sin clasificar
84805A;CREAM CLIMBING HYDRANGA ART FLOWER;Espejos, Relojes y Arte de Pared
84805B;BLUE CLIMBING HYDRANGA ART FLOWER;Espejos, Relojes y Arte de Pared
84806A;PINK CANDYSTUFT ARTIFICIAL FLOWER;Sin clasificar
84806B;WHITE CANDYSTUFT ARTIFICIAL FLOWER;Sin clasificar
84807;RED POPPY ARTIFICIAL FLOWER;Sin clasificar
84809A;WHITE CHRYSANTHEMUMS ART FLOWER;Espejos, Relojes y Arte de Pared
84809B;PINK CHRYSANTHEMUMS ART FLOWER;Espejos, Relojes y Arte de Pared
84813;SET OF 4 DIAMOND NAPKIN RINGS;Cocina y Mesa
84814A;HEXAGONAL CRYSTAL PERFUME BOTTLE;Sin clasificar
84814B;RHOMBUS CRYSTAL PERFUME BOTTLE;Sin clasificar
84815;SET OF 3 DANISH ROSE PLANTERS;Cocina y Mesa
84816;DANISH ROSE BEDSIDE CABINET;Cajas y Almacenamiento
84817;DANISH ROSE DECORATIVE PLATE;Cocina y Mesa
84818;DANISH ROSE PHOTO FRAME;Marcos y Fotografía
84819;DANISH ROSE ROUND SEWING BOX;Cajas y Almacenamiento
84820;DANISH ROSE TRINKET TRAYS;Cajas y Almacenamiento
84821;DANISH ROSE DELUXE COASTER;Cocina y Mesa
84823;DANISH ROSE FOLDING CHAIR;Cocina y Mesa
84824;DANISH ROSE UMBRELLA STAND;Cocina y Mesa
84826;ASSTD DESIGN 3D PAPER STICKERS;Papelería y Tarjetería
84827;ASS DES PHONE SPONGE CRAFT STICKER;Papelería y Tarjetería
84828;JUNGLE POPSICLES ICE LOLLY HOLDERS;Sin clasificar
84830;LARGE ENGLISH ARBORETUM;Cocina y Mesa
84832;ZINC WILLIE WINKIE CANDLE STICK;Velas e Iluminación
84836;ZINC METAL HEART DECORATION;Decoración del Hogar
84837;WHITE SWEETHEARTS CABINET 4 DRAWERS;Cajas y Almacenamiento
84838;ANT WHITE HIGH RISE BIRD BOX;Cajas y Almacenamiento
84839;SWEETHEART KEY CABINET;Cajas y Almacenamiento
84840;SWEETHEART CARRY ALL BASKET;Sin clasificar
84842;HELLO SAILOR BATHROOM SET;Sin clasificar
84843;WHITE SOAP RACK WITH 2 BOTTLES;Sin clasificar
84845A;HOLLYHOCK SQUARE HANDY TIN;Navidad
84845C;CARNATION SQUARE HANDY TIN;Sin clasificar
84845D;GERANIUM SQUARE HANDY TIN;Cocina y Mesa
84846A;SCENTED CANDLE IN DIGITALIS TIN;Velas e Iluminación
84847;FLORAL BATHROOM SET;Sin clasificar
84849A;HELLO SAILOR BLUE SOAP HOLDER;Sin clasificar
84849B;FAIRY SOAP SOAP HOLDER;Velas e Iluminación
84849D;HOT BATHS SOAP HOLDER;Botellas de Agua Caliente y Confort
84854;GIRLY PINK TOOL SET;Cocina y Mesa
84855;BLOKEY SILVER TOOL SET;Cocina y Mesa
84856L;LARGE TAHITI BEACH BAG;Bolsos y Carteras
84856S;SMALL TAHITI BEACH BAG;Bolsos y Carteras
84857A;SILVER MONTE CARLO HANDBAG;Bolsos y Carteras
84857B;BLUE MONTE CARLO HANDBAG;Bolsos y Carteras
84857C;PINK MONTE CARLO HANDBAG;Bolsos y Carteras
84858A;NATURAL RIVIERA HANDBAG;Bolsos y Carteras
84858B;BLUE RIVIERA HANDBAG;Bolsos y Carteras
84858C;PINK RIVIERA HANDBAG;Bolsos y Carteras
84859A;SILVER DISCO HANDBAG;Bolsos y Carteras
84859B;BLUE DISCO HANDBAG;Bolsos y Carteras
84859C;PINK DISCO HANDBAG;Bolsos y Carteras
84864A;PINK PAISLEY PHOTO ALBUM;Marcos y Fotografía
84865;NEW BAROQUE BLACK PHOTO ALBUM;Marcos y Fotografía
84867A;PINK BABY GIRLS PHOTO ALBUM;Marcos y Fotografía
84867B;BLUE BABY BOY S PHOTO ALBUM;Marcos y Fotografía
84868A;PINK BABY GIRL S MEMORY BOX;Cajas y Almacenamiento
84868B;BLUE BABY BOY S MEMORY BOX;Cajas y Almacenamiento
84869;CANDY BUTTON PHOTO ALBUM;Marcos y Fotografía
84870B;BLUE GEISHA GIRL;Cocina y Mesa
84870C;GREEN GEISHA GIRL;Cocina y Mesa
84872A;TEATIME FUNKY FLOWER BACKPACK FOR 2;Bolsos y Carteras
84873A;FUNKY FLOWER PICNIC BAG FOR 4;Bolsos y Carteras
84874B;BLUE TRAVEL FIRST AID KIT;Bolsos y Carteras
84875A;PINK SQUARE COMPACT MIRROR;Espejos, Relojes y Arte de Pared
84875B;GREEN SQUARE COMPACT MIRROR;Espejos, Relojes y Arte de Pared
84875D;BLUE SQUARE COMPACT MIRROR;Espejos, Relojes y Arte de Pared
84876B;GREEN HEART COMPACT MIRROR;Espejos, Relojes y Arte de Pared
84876C;SILVER HEART COMPACT MIRROR;Espejos, Relojes y Arte de Pared
84876D;BLUE HEART COMPACT MIRROR;Espejos, Relojes y Arte de Pared
84877A;PINK ROUND COMPACT MIRROR;Espejos, Relojes y Arte de Pared
84877B;GREEN ROUND COMPACT MIRROR;Espejos, Relojes y Arte de Pared
84877D;BLUE ROUND COMPACT MIRROR;Espejos, Relojes y Arte de Pared
84879;ASSORTED COLOUR BIRD ORNAMENT;Decoración del Hogar
84880;WHITE WIRE EGG HOLDER;Sin clasificar
84881;BLUE WIRE SPIRAL CANDLE HOLDER;Velas e Iluminación
84882;GREEN WIRE STANDING CANDLE HOLDER;Velas e Iluminación
84884A;ANT WHITE WIRE HEART SPIRAL;Decoración del Hogar
84886;BLUE METAL WALL SHELF;Sin clasificar
84891B;GREEN WIRE GOBLET CANDLEHOLDER;Velas e Iluminación
84893;ANT WHITE IRON BASKET;Decoración del Hogar
84898F;YELLOW FLOWERS FELT HANDBAG KIT;Bolsos y Carteras
84899E;YELLOW BROWN BEAR FELT PURSE KIT;Bolsos y Carteras
84899F;YELLOW PURPLE DAISY FELT PURSE KIT;Bolsos y Carteras
84901;BLACK FACE LAMB WITH PANTS;Cocina y Mesa
84902;PINK KNITTED COW STUFFED TOY;Bolsos y Carteras
84905;PINK BUTTERFLY CUSHION COVER;Textiles del Hogar
84906;PINK B FLY C COVER W BOBBLES;Sin clasificar
84907;PINK YELLOW PATCH CUSHION COVER;Textiles del Hogar
84908A;PINK 5 PATCH FLOWER CUSHION COVER;Textiles del Hogar
84908B;BLUE 5 PATCH FLOWER CUSHION COVER;Textiles del Hogar
84909A;PINK PAISLEY QUILT;Textiles del Hogar
84910A;PINK PAISLEY CUSHION COVER;Textiles del Hogar
84912A;PINK ROSE WASHBAG;Bolsos y Carteras
84912B;GREEN ROSE WASHBAG;Bolsos y Carteras
84913A;SOFT PINK ROSE TOWEL;Cocina y Mesa
84913B;MINT GREEN ROSE TOWEL;Cocina y Mesa
84914A;PINK ROSE PICNIC RUG;Cocina y Mesa
84915;HAND TOWEL PINK FLOWER AND DAISY;Cocina y Mesa
84916;HAND TOWEL PALE BLUE W FLOWERS;Cocina y Mesa
84917;WHITE HAND TOWEL WITH BUTTERFLY;Cocina y Mesa
84918;CREAM CUSHION COVER WITH FLOWERS;Textiles del Hogar
84919;BLUE CUSHION COVER WITH FLOWER;Textiles del Hogar
84920;PINK FLOWER FABRIC PONY;Sin clasificar
84921;CREAM AND PINK FLOWERS PONY;Cocina y Mesa
84922;PINK BUTTERFLY WASHBAG;Bolsos y Carteras
84923;PINK BUTTERFLY HANDBAG W BOBBLES;Bolsos y Carteras
84924A;WAKE UP COCKEREL CALENDAR SIGN;Carteles y Señalética
84924D;LA PALMIERA METAL SIGN CALENDAR;Carteles y Señalética
84924F;PSYCHEDELIC METAL SIGN CALENDAR;Carteles y Señalética
84925A;WAKE UP COCKEREL WALL THERMOMETER;Espejos, Relojes y Arte de Pared
84925C;FAIRY CAKES WALL THERMOMETER;Sin clasificar
84925D;LA PALMIERA WALL THERMOMETER;Espejos, Relojes y Arte de Pared
84925E;FLOWERS WALL THERMOMETER;Espejos, Relojes y Arte de Pared
84925F;PSYCHEDELIC WALL THERMOMETER;Sin clasificar
84926A;WAKE UP COCKEREL TILE COASTER;Cocina y Mesa
84926B;SCOTTS ROSES TILE COASTER;Cocina y Mesa
84926C;FAIRY CAKES TILE COASTER;Cocina y Mesa
84926D;LA PALMIERA TILE COASTER;Cocina y Mesa
84926E;FLOWERS TILE COASTER;Cocina y Mesa
84926F;PSYCHEDELIC TILE COASTER;Cocina y Mesa
84927A;WAKE UP COCKEREL TILE HOOK;Cocina y Mesa
84927D;LA PALMIERA TILE HOOK;Cocina y Mesa
84927E;FLOWERS TILE HOOK;Cocina y Mesa
84927F;PSYCHEDELIC TILE HOOK;Cocina y Mesa
84929;ASSTD FRUIT FLOWERS FRIDGE MAGNETS;Sin clasificar
84931A;PINK SCOTTIE DOG W FLOWER PATTERN;Sin clasificar
84931B;BLUE SCOTTIE DOG W FLOWER PATTERN;Sin clasificar
84932A;SMALL GREEN PEONY FOLDING STOOL;Sin clasificar
84932B;SMALL PINK PEONY FOLDING STOOL;Sin clasificar
84932C;SMALL ORIENTAL BLUE FOLDING STOOL;Sin clasificar
84932D;SMALL ORIENTAL RED FOLDING STOOL;Sin clasificar
84933A;LARGE GREEN PEONY FOLDING STOOL;Sin clasificar
84933B;LARGE PINK PEONY FOLDING STOOL;Sin clasificar
84933C;LARGE BLUE ORIENTAL FOLDING STOOL;Sin clasificar
84934;ASSTD DESIGN POP ART SLIM PEN;Papelería y Tarjetería
84937;KASHMIR FOLKART TUMBLERS;Papelería y Tarjetería
84942;KASHMIR FOLKART HEART DISHES;Sin clasificar
84944;SET OF 6 KASHMIR FOLKART BAUBLES;Navidad
84945;MULTI COLOUR SILVER T LIGHT HOLDER;Velas e Iluminación
84946;ANTIQUE SILVER TEA GLASS ETCHED;Cocina y Mesa
84947;ANTIQUE SILVER TEA GLASS ENGRAVED;Cocina y Mesa
84948;SILVER HANGING T LIGHT HOLDER DOME;Velas e Iluminación
84949;SILVER HANGING T LIGHT HOLDER;Velas e Iluminación
84950;ASSORTED COLOUR T LIGHT HOLDER;Velas e Iluminación
84951A;SET OF 4 PISTACHIO LOVEBIRD COASTER;Cocina y Mesa
84951B;SET OF 4 BLACK LOVEBIRD COASTERS;Cocina y Mesa
84952A;CLEAR LOVE BIRD T LIGHT HOLDER;Velas e Iluminación
84952B;BLACK LOVE BIRD T LIGHT HOLDER;Velas e Iluminación
84952C;MIRROR LOVE BIRD T LIGHT HOLDER;Espejos, Relojes y Arte de Pared
84962;SET 3 COLOUR PAINTED KASHMIRI STOOL;Papelería y Tarjetería
84963A;PINK PAINTED KASHMIRI CHAIR;Sin clasificar
84963B;BLUE PAINTED KASHMIRI CHAIR;Sin clasificar
84964A;PINK PAINTED KASHMIRI TABLE;Espejos, Relojes y Arte de Pared
84964B;BLUE PAINTED KASHMIRI TABLE;Sin clasificar
84965A;PINK KASHMIRI COFFEE TABLE;Cocina y Mesa
84965B;BLUE KASHMIRI COFFEE TABLE;Cocina y Mesa
84966A;PINK KASHMIRI BOXED MIRROR;Espejos, Relojes y Arte de Pared
84966B;BLUE KASHMIRI BOXED MIRROR;Espejos, Relojes y Arte de Pared
84966C;GREEN KASHMIRI BOXED MIRROR;Espejos, Relojes y Arte de Pared
84967A;PINK KASHMIRI OCCASIONAL TABLE;Sin clasificar
84967B;BLUE KASHMIRI OCCASIONAL TABLE;Sin clasificar
84967C;GREEN KASHMIRI OCCASIONAL TABLE;Sin clasificar
84968A;SET OF 16 VINTAGE ROSE CUTLERY;Cocina y Mesa
84968B;S 16 VINTAGE IVORY CUTLERY;Cocina y Mesa
84968C;SET OF 16 VINTAGE PISTACHIO CUTLERY;Cocina y Mesa
84968D;SET OF 16 VINTAGE RED CUTLERY;Cocina y Mesa
84968E;SET OF 16 VINTAGE BLACK CUTLERY;Cocina y Mesa
84968F;SET OF 16 VINTAGE SKY BLUE CUTLERY;Cocina y Mesa
84969;BOX OF 6 ASSORTED COLOUR TEASPOONS;Decoración del Hogar
84970L;SINGLE HEART ZINC T LIGHT HOLDER;Velas e Iluminación
84970S;HANGING HEART ZINC T LIGHT HOLDER;Velas e Iluminación
84971L;LARGE HEART FLOWERS HOOK;Sin clasificar
84971S;SMALL HEART FLOWERS HOOK;Sin clasificar
84972L;GIANT PINK HEART MEMO HOLDER;Decoración del Hogar
84974;S 2 ZINC HEART DESIGN PLANTERS;Sin clasificar
84975;HEART SHAPED MIRROR;Espejos, Relojes y Arte de Pared
84976;RECTANGULAR SHAPED MIRROR;Espejos, Relojes y Arte de Pared
84977;WIRE FLOWER T LIGHT HOLDER;Velas e Iluminación
84978;HANGING HEART JAR T LIGHT HOLDER;Velas e Iluminación
84984A;GREEN PEONY CUSHION COVER;Textiles del Hogar
84984B;RED PEONY CUSHION COVER;Textiles del Hogar
84984C;ORIENTAL BLUE CUSHION COVER;Textiles del Hogar
84984D;ORIENTAL RED C COVER;Textiles del Hogar
84985A;SET OF 72 GREEN PAPER DOILIES;Papelería y Tarjetería
84985B;SET OF 72 BLACK PAPER DOILIES;Papelería y Tarjetería
84986B;SET OF 36 SILVER PAPER DOILIES;Papelería y Tarjetería
84987;SET OF 36 TEATIME PAPER DOILIES;Papelería y Tarjetería
84988;SET OF 72 PINK HEART PAPER DOILIES;Papelería y Tarjetería
84989A;75 GREEN FAIRY CAKE CASES;Cocina y Mesa
84989B;75 BLACK FAIRY CAKE CASES;Cocina y Mesa
84990;60 GOLD AND SILVER FAIRY CAKE CASES;Cocina y Mesa
84991;60 TEATIME FAIRY CAKE CASES;Cocina y Mesa
84992;72 SWEETHEART FAIRY CAKE CASES;Cocina y Mesa
84993A;75 GREEN PETIT FOUR CASES;Cocina y Mesa
84993B;75 BLACK PETIT FOUR CASES;Cocina y Mesa
84997A;GREEN 3 PIECE MINI DOTS CUTLERY SET;Cocina y Mesa
84997B;RED 3 PIECE MINI DOTS CUTLERY SET;Cocina y Mesa
84997C;BLUE 3 PIECE MINI DOTS CUTLERY SET;Cocina y Mesa
84997D;PINK 3 PIECE MINI DOTS CUTLERY SET;Cocina y Mesa
85006;SET 4 NURSERY DES ROUND BOXES;Cajas y Almacenamiento
85007;SET OF 3 VINTAGE TEA TIME BOXES;Cajas y Almacenamiento
85008;SET OF 3 CONEY ISLAND OVAL BOXES;Sin clasificar
85014A;BLACK BLUE POLKADOT UMBRELLA;Cocina y Mesa
85014B;RED RETROSPOT UMBRELLA;Sin clasificar
85014C;BLUE BROWN DOTS RUFFLED UMBRELLA;Cocina y Mesa
85014D;PINK BROWN DOTS RUFFLED UMBRELLA;Cocina y Mesa
85015;SET OF 12 VINTAGE POSTCARD SET;Papelería y Tarjetería
85016;SET OF 6 VINTAGE NOTELETS KIT;Papelería y Tarjetería
85017A;ENVELOPE 50 ROMANTIC IMAGES;Papelería y Tarjetería
85017B;ENVELOPE 50 BLOSSOM IMAGES;Papelería y Tarjetería
85017C;ENVELOPE 50 CURIOUS IMAGES;Papelería y Tarjetería
85018A;S 6 PAPER BOXES ROMANTIC IMAGES;Sin clasificar
85018B;S 6 PAPER BOXES BLOSSOM IMAGES;Sin clasificar
85018C;S 6 PAPER BOXES CURIOUS IMAGES;Sin clasificar
85018D;YULETIDE IMAGES S 6 PAPER BOXES;Cajas y Almacenamiento
85019A;ROMANTIC IMAGES NOTEBOOK SET;Papelería y Tarjetería
85019B;BLOSSOM IMAGES NOTEBOOK SET;Papelería y Tarjetería
85019C;CURIOUS IMAGES NOTEBOOK SET;Papelería y Tarjetería
85020;ROUND PINK HEART MIRROR;Espejos, Relojes y Arte de Pared
85023A;CRYSTAL LARGE JEWELLED PHOTO FRAME;Marcos y Fotografía
85023B;EAU DE NILE JEWELLED PHOTOFRAME;Marcos y Fotografía
85023C;PINK LARGE JEWELED PHOTOFRAME;Marcos y Fotografía
85024A;CRYSTAL SMALL JEWELLED PHOTOFRAME;Marcos y Fotografía
85024B;EAU DE NILE JEWELLED PHOTOFRAME;Marcos y Fotografía
85024C;PINK SMALL JEWELLED PHOTOFRAME;Marcos y Fotografía
85025B;EAU DE NILE HEART SHAPE PHOTO FRAME;Marcos y Fotografía
85025C;PINK HEART SHAPE PHOTO FRAME;Marcos y Fotografía
85026B;EAU DE NILE JEWELLED T LIGHT HOLDER;Velas e Iluminación
85027L;FRENCH CHATEAU LARGE PLATTER;Cocina y Mesa
85028L;FRENCH CHATEAU LARGE FRUIT BOWL;Cocina y Mesa
85028S;FRENCH CHATEAU SMALL FRUITBOWL;Cocina y Mesa
85030;FRENCH CHATEAU OVAL PLATTER;Sin clasificar
85031A;ROMANTIC IMAGES SCRAP BOOK SET;Papelería y Tarjetería
85031B;BLOSSOM IMAGES SCRAP BOOK SET;Papelería y Tarjetería
85031C;CURIOUS IMAGES SCRAP BOOK SET;Papelería y Tarjetería
85032A;ROMANTIC IMAGES GIFT WRAP SET;Papelería y Tarjetería
85032B;BLOSSOM IMAGES GIFT WRAP SET;Papelería y Tarjetería
85032C;CURIOUS IMAGES GIFT WRAP SET;Papelería y Tarjetería
85032D;YULETIDE IMAGES GIFT WRAP SET;Papelería y Tarjetería
85033G;SET 6 GOLD REINDEER T LIGHT CANDLES;Navidad
85033S;SET 6 SILVER REINDEER T LIGHTS;Navidad
85034A;3 GARDENIA MORRIS BOXED CANDLES;Jardín y Exterior
85034B;3 WHITE CHOC MORRIS BOXED CANDLES;Velas e Iluminación
85034C;3 ROSE MORRIS BOXED CANDLES;Velas e Iluminación
85035A;GARDENIA 3 WICK MORRIS BOXED CANDLE;Jardín y Exterior
85035B;CHOCOLATE 3 WICK MORRIS BOX CANDLE;Velas e Iluminación
85035C;ROSE 3 WICK MORRIS BOX CANDLE;Velas e Iluminación
85036A;GARDENIA 1 WICK MORRIS BOXED CANDLE;Jardín y Exterior
85036B;CHOCOLATE 1 WICK MORRIS BOX CANDLE;Velas e Iluminación
85036C;ROSE 1 WICK MORRIS BOXED CANDLE;Velas e Iluminación
85038;6 CHOCOLATE LOVE HEART T LIGHTS;Velas e Iluminación
85039A;SET 4 RED MINI ROSE CANDLE IN BOWL;Cocina y Mesa
85039B;S 4 IVORY MINI ROSE CANDLE IN BOWL;Cocina y Mesa
85039C;S 4 BLACK MINI ROSE CANDLE IN BOWL;Cocina y Mesa
85040A;S 4 PINK FLOWER CANDLES IN BOWL;Cocina y Mesa
85040B;SET 4 BLUE FLOWER CANDLES IN BOWL;Cocina y Mesa
85041;SET 4 PINK ORCHID CANDLES IN BOWL;Cocina y Mesa
85042;ANTIQUE LILY FAIRY LIGHTS;Velas e Iluminación
85043;RED HEART CANDY POP LIGHTS;Velas e Iluminación
85044;RED REINDEER STRING OF 20 LIGHTS;Navidad
85045;GREEN CHRISTMAS TREE STRING 20LIGHT;Navidad
85047;WHITE BEADED GARLAND STRING 20LIGHT;Decoración del Hogar
85048;15CM CHRISTMAS GLASS BALL 20 LIGHTS;Navidad
85049A;TRADITIONAL CHRISTMAS RIBBONS;Navidad
85049B;LUSH GREENS RIBBONS;Papelería y Tarjetería
85049C;ROMANTIC PINKS RIBBONS;Papelería y Tarjetería
85049D;BRIGHT BLUES RIBBONS;Papelería y Tarjetería
85049E;SCANDINAVIAN REDS RIBBONS;Papelería y Tarjetería
85049F;BABY BOOM RIBBONS;Papelería y Tarjetería
85049G;CHOCOLATE BOX RIBBONS;Papelería y Tarjetería
85049H;URBAN BLACK RIBBONS;Papelería y Tarjetería
85050;FRENCH ENAMEL SOAP DISH WITH LID;Cocina y Mesa
85053;FRENCH ENAMEL CANDLEHOLDER;Velas e Iluminación
85054;FRENCH ENAMEL POT W LID;Sin clasificar
85055;FRENCH ENAMEL UTENSIL HOLDER;Sin clasificar
85059;FRENCH ENAMEL WATER BASIN;Botellas de Agua Caliente y Confort
85060;WOOD FAN WITH FLOWER DESIGN;Decoración del Hogar
85061W;WHITE JEWELLED HEART DECORATION;Decoración del Hogar
85062;PEARL CRYSTAL PUMPKIN T LIGHT HLDR;Velas e Iluminación
85063;CREAM SWEETHEART MAGAZINE RACK;Cajas y Almacenamiento
85064;CREAM SWEETHEART LETTER RACK;Cajas y Almacenamiento
85065;CREAM SWEETHEART TRAYS;Sin clasificar
85066;CREAM SWEETHEART MINI CHEST;Cajas y Almacenamiento
85067;CREAM SWEETHEART WALL CABINET;Cajas y Almacenamiento
85068;CREAM SWEETHEART SHELF HOOKS;Sin clasificar
85069;CREAM SWEETHEART DOUBLE SHELF;Sin clasificar
85070;ANT WHITE SWEETHEART TABLE W 3 DRAW;Sin clasificar
85071A;BLUE CHARLIE LOLA PERSONAL DOORSIGN;Carteles y Señalética
85071B;RED CHARLIE LOLA PERSONAL DOORSIGN;Carteles y Señalética
85071C;CHARLIE LOLA EXTREMELY BUSY SIGN;Carteles y Señalética
85071D;CHARLIE LOLA MY ROOM DOOR SIGN;Carteles y Señalética
85072;OCCASIONS GIFT CARD ASSORTMENT;Papelería y Tarjetería
85077;KISSING REINDEER TABLE RUNNER;Navidad
85078;SCANDINAVIAN 3 HEARTS NAPKIN RING;Cocina y Mesa
85079;EMBROIDERED REINDEER DECORATION;Navidad
85080;PADDED RED HEART DECORATION;Decoración del Hogar
85081;PADDED HOLLY CHRISTMAS DECORATION;Navidad
85083;KISS REINDEER SCANDINAVIAN STOCKING;Navidad
85084;HOLLY TOP CHRISTMAS STOCKING;Navidad
85086A;CANDY SPOT HEART DECORATION;Decoración del Hogar
85087;CANDY SPOT CUSHION COVER;Textiles del Hogar
85088;CANDY SPOT HAND BAG;Bolsos y Carteras
85089;CANDY SPOT BUNNY;Pascua y Fiestas
85090;CANDY SPOT APRON;Cocina y Mesa
85091;CANDY SPOT BREAD BASKETS;Cocina y Mesa
85092;CANDY SPOT TEA COSY;Cocina y Mesa
85093;CANDY SPOT EGG WARMER HARE;Sin clasificar
85094;CANDY SPOT EGG WARMER RABBIT;Sin clasificar
85095;THREE CANVAS LUGGAGE TAGS;Espejos, Relojes y Arte de Pared
85096;HILDA CANDY SPOT RABBIT;Sin clasificar
85097B;BLUE ROCKING SINGING CANARY;Navidad
85098B;BLUE FLYING SINGING CANARY;Cocina y Mesa
85099B;JUMBO BAG RED RETROSPOT;Bolsos y Carteras
85099C;JUMBO BAG BAROQUE BLACK WHITE;Bolsos y Carteras
85099F;JUMBO BAG STRAWBERRY;Bolsos y Carteras
85103;SILVER T LIGHT SETTING;Velas e Iluminación
85104;SILVER GLASS T LIGHT SET;Velas e Iluminación
85106;CUT GLASS HEXAGON T LIGHT HOLDER;Velas e Iluminación
85107;CUT GLASS T LIGHT HOLDER OCTAGON;Velas e Iluminación
85109;PINK BOUDOIR T LIGHT HOLDER;Velas e Iluminación
85110;BLACK SILVER FLOWER T LIGHT HOLDER;Velas e Iluminación
85111;SILVER GLITTER FLOWER VOTIVE HOLDER;Velas e Iluminación
85112;S 3 TEAR DROP CUT GLASS DECORATION;Decoración del Hogar
85113;POLKA DOT PISTACHIO PAIL;Cocina y Mesa
85114A;BLACK ENCHANTED FOREST PLACEMAT;Cocina y Mesa
85114B;IVORY ENCHANTED FOREST PLACEMAT;Cocina y Mesa
85114C;RED ENCHANTED FOREST PLACEMAT;Cocina y Mesa
85115B;S 4 BLACK DISCO PARTITION PANEL;Cocina y Mesa
85116;BLACK CANDELABRA T LIGHT HOLDER;Velas e Iluminación
85117;NIGHTINGALE COATHOOK WHITE;Sin clasificar
85118;HEART T LIGHT HOLDER;Velas e Iluminación
85119;WATERING CAN SINGLE HOOK PISTACHIO;Jardín y Exterior
85121B;RETRO LAUNDRY TUB PINK;Cocina y Mesa
85121C;RETRO LAUNDRY TUB PISTACHIO;Cocina y Mesa
85123A;WHITE HANGING HEART T LIGHT HOLDER;Velas e Iluminación
85123B;ZINC HANGING HEART T LITE HLDR;Decoración del Hogar
85124A;PINK JUICY FRUIT PHOTO FRAME;Marcos y Fotografía
85124B;BLUE JUICY FRUIT PHOTO FRAME;Marcos y Fotografía
85124C;GREEN JUICY FRUIT PHOTO FRAME;Marcos y Fotografía
85125;SMALL ROUND CUT GLASS CANDLESTICK;Velas e Iluminación
85126;LARGE ROUND CUTGLASS CANDLESTICK;Velas e Iluminación
85127;SMALL SQUARE CUT GLASS CANDLESTICK;Velas e Iluminación
85128;PLANTPOT SINGLE HOOK PISTACHIO;Jardín y Exterior
85129A;WHITE PEARL BEADED HEART SMALL;Decoración del Hogar
85129B;BEADED CRYSTAL HEART GREEN SMALL;Sin clasificar
85129C;BEADED CRYSTAL HEART BLUE SMALL;Sin clasificar
85129D;BEADED CRYSTAL HEART PINK SMALL;Sin clasificar
85130A;BEADED PEARL HEART WHITE LARGE;Decoración del Hogar
85130B;BEADED CRYSTAL HEART GREEN LARGE;Sin clasificar
85130C;BEADED CRYSTAL HEART BLUE LARGE;Sin clasificar
85130D;BEADED CRYSTAL HEART PINK LARGE;Sin clasificar
85131A;BEADED PEARL HEART WHITE ON STICK;Sin clasificar
85131B;BEADED CRYSTAL HEART GREEN ON STICK;Sin clasificar
85131C;BEADED CRYSTAL HEART BLUE ON STICK;Sin clasificar
85131D;BEADED CRYSTAL HEART PINK ON STICK;Sin clasificar
85132A;CHARLIE LOLA BISCUITS TINS;Cocina y Mesa
85132B;CHARLIE AND LOLA TABLE TINS;Cocina y Mesa
85132C;CHARLIE AND LOLA FIGURES TINS;Cocina y Mesa
85135A;YELLOW DRAGONFLY HELICOPTER;Cocina y Mesa
85135B;BLUE DRAGONFLY HELICOPTER;Sin clasificar
85135C;RED DRAGONFLY HELICOPTER;Sin clasificar
85136A;YELLOW SHARK HELICOPTER;Cocina y Mesa
85136B;BLUE SHARK HELICOPTER;Sin clasificar
85136C;RED SHARK HELICOPTER;Sin clasificar
85141;JARDIN ETCHED GLASS FRUITBOWL;Cocina y Mesa
85142;JARDIN ETCHED GLASS GINGER JAR;Sin clasificar
85144;JARDIN ETCHED GLASS CHEESE DISH;Velas e Iluminación
85145;JARDIN ETCHED GLASS LARGE BELL JAR;Sin clasificar
85146;JARDIN ETCHED GLASS SMALL BELL JAR;Sin clasificar
85147;JARDIN ETCHED GLASS CANDLEHLDR LONG;Velas e Iluminación
85150;LADIES GENTLEMEN METAL SIGN;Carteles y Señalética
85151;WELCOME METAL SIGN;Carteles y Señalética
85152;HAND OVER THE CHOCOLATE SIGN;Carteles y Señalética
85157;SET OF 2 CHESTS CHOCOLAT AU LAIT;Cajas y Almacenamiento
85159A;BLACK TEA COFFEE SUGAR JARS;Cocina y Mesa
85159B;WHITE TEA COFFEE SUGAR JARS;Cocina y Mesa
85160A;WHITE BIRD GARDEN DESIGN MUG;Jardín y Exterior
85160B;BLACK BIRD GARDEN DESIGN MUG;Jardín y Exterior
85161;ACRYLIC GEOMETRIC LAMP;Sin clasificar
85162A;SILVER RETRODISC LAMPSHADE;Sin clasificar
85162B;BLACK RETRODISC LAMPSHADE;Sin clasificar
85162C;WHITE RETRODISC LAMPSHADE;Sin clasificar
85163A;WHITE BAROQUE WALL CLOCK;Espejos, Relojes y Arte de Pared
85163B;BLACK BAROQUE WALL CLOCK;Espejos, Relojes y Arte de Pared
85164B;BLACK BAROQUE CUCKOO CLOCK;Espejos, Relojes y Arte de Pared
85165;CANDY PINK FRENCH BOUDOIR CLOCK;Espejos, Relojes y Arte de Pared
85166A;WHITE METAL BAROQUE PHOTO FRAME;Marcos y Fotografía
85166B;BLACK METAL BAROQUE PHOTO FRAME;Marcos y Fotografía
85167A;WHITE GRAND BAROQUE PHOTO FRAME;Marcos y Fotografía
85167B;BLACK GRAND BAROQUE PHOTO FRAME;Marcos y Fotografía
85168A;WHITE BAROQUE CARRIAGE CLOCK;Espejos, Relojes y Arte de Pared
85168B;BLACK BAROQUE CARRIAGE CLOCK;Espejos, Relojes y Arte de Pared
85169A;IVORY LOVE BIRD CANDLE;Velas e Iluminación
85169B;BLACK LOVE BIRD CANDLE;Velas e Iluminación
85169C;EAU DE NIL LOVE BIRD CANDLE;Velas e Iluminación
85169D;PINK LOVE BIRD CANDLE;Velas e Iluminación
85170A;SET 6 IVORY BIRD T LIGHT CANDLES;Velas e Iluminación
85170B;SET 6 BLACK BIRD T LIGHT CANDLES;Velas e Iluminación
85170C;SET 6 EAU DE NIL BIRD T LIGHTS;Velas e Iluminación
85170D;SET 6 PINK BIRD T LIGHT CANDLES;Velas e Iluminación
85171;S 2 HYACINTH BULB CANDLES;Velas e Iluminación
85172;HYACINTH BULB T LIGHT CANDLES;Velas e Iluminación
85173;SET 6 FROG PRINCE T LIGHT CANDLES;Velas e Iluminación
85174;S 4 CACTI CANDLES;Velas e Iluminación
85175;CACTI T LIGHT CANDLES;Velas e Iluminación
85176;SEWING SUSAN 21 NEEDLE SET;Cajas y Almacenamiento
85177;BASKET OF FLOWERS SEWING KIT;Papelería y Tarjetería
85178;VICTORIAN SEWING KIT;Sin clasificar
85179A;GREEN BITTY LIGHT CHAIN;Velas e Iluminación
85179B;WHITE BITTY LIGHT CHAIN;Velas e Iluminación
85179C;PINK BITTY LIGHT CHAIN;Velas e Iluminación
85180A;RED HEARTS LIGHT CHAIN;Velas e Iluminación
85180B;PINK HEARTS LIGHT CHAIN;Velas e Iluminación
85183A;CHARLIE LOLA WASTEPAPER BIN BLUE;Cocina y Mesa
85183B;CHARLIE LOLA WASTEPAPER BIN FLORA;Cocina y Mesa
85184B;SET 4 EASTER DECOUPAGE OVAL BOXES;Pascua y Fiestas
85184C;S 4 VALENTINE DECOUPAGE HEART BOX;Cajas y Almacenamiento
85184D;S 4 BLUE ROUND DECOUPAGE BOXES;Cajas y Almacenamiento
85185B;PINK HORSE SOCK PUPPET;Sin clasificar
85185C;COW SOCK PUPPET;Sin clasificar
85185D;FROG SOCK PUPPET;Sin clasificar
85185E;DUCK SOCK PUPPET;Sin clasificar
85185F;LION SOCK PUPPET;Sin clasificar
85186A;EASTER BUNNY GARLAND OF FLOWERS;Pascua y Fiestas
85186B;BUNNY BUNCH OF FLOWERS;Pascua y Fiestas
85186C;BUNNY EGG GARLAND;Pascua y Fiestas
85187;S 12 MINI RABBIT EASTER;Pascua y Fiestas
85188A;GREEN METAL SWINGING BUNNY;Pascua y Fiestas
85188B;PINK METAL SWINGING BUNNY;Pascua y Fiestas
85189;HANGING BUTTERFLY EGG;Decoración del Hogar
85190;PINK FLOWER HANGING HEART;Decoración del Hogar
85192S;HANGING SPRING FLOWER HEART SMALL;Decoración del Hogar
85194L;HANGING SPRING FLOWER EGG LARGE;Decoración del Hogar
85194S;HANGING SPRING FLOWER EGG SMALL;Decoración del Hogar
85195;HANGING HEART BASKET;Decoración del Hogar
85196;EASTER BUNNIES ON A STICK;Pascua y Fiestas
85197;SET OF 12 MINI BUNNIES IN A BUCKET;Pascua y Fiestas
85198;ASSORTED FARMYARD ANIMALS IN BUCKET;Sin clasificar
85199L;LARGE HANGING IVORY RED WOOD BIRD;Decoración del Hogar
85199S;SMALL HANGING IVORY RED WOOD BIRD;Decoración del Hogar
85200;BUNNY EGG BOX;Pascua y Fiestas
85202;HANGING WOOD AND FELT HEART;Decoración del Hogar
85203;HANGING WOOD AND FELT BUTTERFLY;Decoración del Hogar
85204;HANGING WOOD AND FELT FLOWER;Decoración del Hogar
85205A;IVORY FELT EASTER RABBIT GARLAND;Pascua y Fiestas
85205B;PINK FELT EASTER RABBIT GARLAND;Pascua y Fiestas
85206A;CREAM FELT EASTER EGG BASKET;Pascua y Fiestas
85206B;PINK FELT EASTER EGG BASKET;Pascua y Fiestas
85208;SET 12 FUNKY FELT FLOWER PEG IN BAG;Bolsos y Carteras
85211;S 4 GROOVY CAT MAGNETS;Sin clasificar
85212;MINI PAINTED GARDEN DECORATION;Jardín y Exterior
85213;MINI ZINC GARDEN DECORATIONS;Jardín y Exterior
85214;TUB 24 PINK FLOWER PEGS;Cocina y Mesa
85215;ASSORTED CHEESE FRIDGE MAGNETS;Sin clasificar
85216;ASSORTED CAKES FRIDGE MAGNETS;Sin clasificar
85217;ASSORTED ICE CREAM FRIDGE MAGNETS;Sin clasificar
85218;S 5 MINI ICE CREAM FRIDGE MAGNETS;Papelería y Tarjetería
85220;SMALL FAIRY CAKE FRIDGE MAGNETS;Cocina y Mesa
85221;ASSORTED COLOUR SILK COIN PURSE;Bolsos y Carteras
85222;ASSORTED COLOUR SILK COSMETIC PURSE;Bolsos y Carteras
85224;ASSORTED COLOUR SILK GLASSES CASE;Decoración del Hogar
85225;BLING KEY RING STAND;Joyería y Bijouterie
85226A;WHITE BLUE PULL BACK RACING CAR;Bolsos y Carteras
85226C;BLUE PULL BACK RACING CAR;Bolsos y Carteras
85227;SET OF 6 3D KIT CARDS FOR KIDS;Papelería y Tarjetería
85230A;OPIUM SCENTED VOTIVE CANDLE;Velas e Iluminación
85230B;CINNAMON SCENTED VOTIVE CANDLE;Velas e Iluminación
85230C;ROSE SCENTED VOTIVE CANDLE;Velas e Iluminación
85230D;VANILLA SCENTED VOTIVE CANDLE;Velas e Iluminación
85230E;STRAWBRY SCENTED VOTIVE CANDLE;Velas e Iluminación
85230F;JASMINE VOTIVE CANDLE;Velas e Iluminación
85230G;ORANGE VOTIVE CANDLE;Velas e Iluminación
85231B;CINAMMON SET OF 9 T LIGHTS;Velas e Iluminación
85231E;STRAWBERRY SCENTED SET 9 T LIGHTS;Velas e Iluminación
85231G;ORANGE SCENTED SET 9 T LIGHTS;Velas e Iluminación
85231L;LAVENDER SCENTED SET 9 T LIGHTS;Velas e Iluminación
85232A;SET 3 POLKA DOT STACKING TINS;Cocina y Mesa
85232B;SET 3 RUSSIAN DOLL STACKING TINS;Cocina y Mesa
85232C;RUSSIAN FOLKART STACKING TINS;Cocina y Mesa
85232D;SET 3 DECOUPAGE STACKING TINS;Cocina y Mesa
90000A;RASPBERRY ANT COPPER FLOWER NECKLAC;Joyería y Bijouterie
90000B;MIDNIGHT BLUE COPPER FLOWER NECKLAC;Joyería y Bijouterie
90000C;OPAL WHITE SILVER FLOWER NECKLACE;Joyería y Bijouterie
90000D;COPPER OLIVE GREEN FLOWER NECKLACE;Joyería y Bijouterie
90001A;ANTIQUE RASPBERRY FLOWER EARRINGS;Joyería y Bijouterie
90001B;ANTIQUE MID BLUE FLOWER EARRINGS;Joyería y Bijouterie
90001C;ANTIQUE OPAL WHITE FLOWER EARRINGS;Joyería y Bijouterie
90001D;ANTIQUE OLIVE GREEN FLOWER EARRINGS;Joyería y Bijouterie
90002A;FLOWER BURST SILVER RING OPAL;Joyería y Bijouterie
90002B;FLOWER BURST SILVER RING ROSE;Sin clasificar
90002C;FLOWER BURST SILVER RING MIDN T BLU;Joyería y Bijouterie
90002D;FLOWER BURST SILVER RING CRYSTAL;Joyería y Bijouterie
90002E;FLOWER BURST SILVER RING GREEN;Sin clasificar
90003B;ROSE COLOUR PAIR HEART HAIR SLIDES;Decoración del Hogar
90003C;MIDNIGHT BLUE PAIR HEART HAIR SLIDE;Sin clasificar
90003D;CRYSTAL PAIR HEART HAIR SLIDES;Sin clasificar
90003E;GREEN PAIR HEART HAIR SLIDES;Sin clasificar
90004A;JADE GREEN PAIR ENAMEL HAIR SLIDES;Cocina y Mesa
90005A;JADE GREEN ENAMEL HAIR COMB;Cocina y Mesa
90010A;MIDNIGHT BLUE GLASS SILVER BRACELET;Joyería y Bijouterie
90010B;BLACK WHITE GLASS SILVER BRACELET;Joyería y Bijouterie
90010E;AMBER GLASS SILVER BRACELET;Joyería y Bijouterie
90011A;MIDNIGHT BLUE CRYSTAL DROP EARRINGS;Joyería y Bijouterie
90011B;BLACK CRYSTAL DROP EARRINGS;Joyería y Bijouterie
90011C;GREEN CRYSTAL DROP EARRINGS;Joyería y Bijouterie
90011D;PURPLE CRYSTAL DROP EARRINGS;Joyería y Bijouterie
90011E;AMBER CRYSTAL DROP EARRINGS;Joyería y Bijouterie
90012A;MIDNIGHT BLUE DROP CRYSTAL NECKLACE;Joyería y Bijouterie
90012B;BLACK DROP CRYSTAL NECKLACE;Joyería y Bijouterie
90013A;MIDNIGHT BLUE VINTAGE EARRINGS;Joyería y Bijouterie
90013B;BLACK VINTAGE EARRINGS;Joyería y Bijouterie
90013C;GREEN VINTAGE EARRINGS;Joyería y Bijouterie
90013D;PURPLE VINTAGE EARRINGS;Joyería y Bijouterie
90013E;AMBER VINTAGE EARRINGS;Joyería y Bijouterie
90014A;SILVER MOP ORBIT NECKLACE;Joyería y Bijouterie
90014B;GOLD M PEARL ORBIT NECKLACE;Joyería y Bijouterie
90014C;SILVER BLACK ORBIT NECKLACE;Joyería y Bijouterie
90016A;SILVER M O P PENDANT ORBIT NECKLACE;Joyería y Bijouterie
90016B;GOLD M O P PENDANT ORBIT NECKLACE;Joyería y Bijouterie
90016C;SILVER BLACK PENDANT ORBIT NECKLACE;Joyería y Bijouterie
90018A;SILVER M O P ORBIT DROP EARRINGS;Joyería y Bijouterie
90018B;GOLD M O P ORBIT DROP EARRINGS;Joyería y Bijouterie
90018C;SILVER BLACK ORBIT DROP EARRINGS;Joyería y Bijouterie
90019A;SILVER M O P ORBIT BRACELET;Joyería y Bijouterie
90019B;GOLD M O P ORBIT BRACELET;Joyería y Bijouterie
90019C;SILVER BLACK ORBIT BRACELET;Joyería y Bijouterie
90020;FILIGREE DIAMANTE CHAIN;Sin clasificar
90021;LASER CUT MULTI STRAND NECKLACE;Joyería y Bijouterie
90022;EDWARDIAN DROP EARRINGS JET BLACK;Joyería y Bijouterie
90023;FILIGREE DIAMANTE EARRINGS;Joyería y Bijouterie
90024A;NEW BAROQUE B FLY NECKLACE BLACK;Joyería y Bijouterie
90024B;NEW BAROQUE B FLY NECKLACE RED;Joyería y Bijouterie
90024C;NEW BAROQUE B FLY NECKLACE GREEN;Joyería y Bijouterie
90024D;NEW BAROQUE B FLY NECKLACE PINK;Joyería y Bijouterie
90024E;NEW BAROQUE B FLY NECKLACE MONTANA;Joyería y Bijouterie
90024F;NEW BAROQUE B FLY NECKLACE CRYSTAL;Joyería y Bijouterie
90025A;BAROQUE BUTTERFLY EARRINGS BLACK;Joyería y Bijouterie
90025B;BAROQUE BUTTERFLY EARRINGS RED;Joyería y Bijouterie
90025C;BAROQUE BUTTERFLY EARRINGS GREEN;Joyería y Bijouterie
90025D;BAROQUE BUTTERFLY EARRINGS PINK;Joyería y Bijouterie
90025E;BAROQUE BUTTERFLY EARRINGS MONTANA;Joyería y Bijouterie
90025F;BAROQUE BUTTERFLY EARRINGS CRYSTAL;Joyería y Bijouterie
90026A;GLASS BEAD HOOP NECKLACE BLACK;Joyería y Bijouterie
90026B;GLASS BEAD HOOP NECKLACE MONTANA;Joyería y Bijouterie
90026C;GLASS BEAD HOOP NECKLACE GREEN;Joyería y Bijouterie
90026D;GLASS BEAD HOOP NECKLACE AMETHYST;Joyería y Bijouterie
90027A;GLASS BEAD HOOP EARRINGS BLACK;Joyería y Bijouterie
90027B;GLASS BEAD HOOP EARRINGS MONTANA;Joyería y Bijouterie
90027C;GLASS BEAD HOOP EARRINGS GREEN;Joyería y Bijouterie
90027D;GLASS BEAD HOOP EARRINGS AMETHYST;Joyería y Bijouterie
90028;NEW BAROQUE LARGE NECKLACE BLK WHIT;Joyería y Bijouterie
90029;NEW BAROQUE SMALL NECKLACE BLACK;Joyería y Bijouterie
90030A;SPOTTED WHITE NATURAL SEED NECKLACE;Joyería y Bijouterie
90030B;RED KUKUI COCONUT SEED NECKLACE;Joyería y Bijouterie
90030C;BROWN KUKUI COCONUT SEED NECKLACE;Joyería y Bijouterie
90031;BILI NUT AND WOOD NECKLACE;Joyería y Bijouterie
90032;IVORY SHELL HEART NECKLACE;Joyería y Bijouterie
90033;IVORY SHELL HEART EARRINGS;Joyería y Bijouterie
90034;WHITE SILVER NECKLACE SHELL GLASS;Joyería y Bijouterie
90035A;PEARL SHELL 42 NECKL GREEN;Joyería y Bijouterie
90035B;PEARL SHELL 42 NECKL PINK;Joyería y Bijouterie
90035C;PEARL SHELL 42 NECKL IVORY;Joyería y Bijouterie
90036A;FLOWER GARLAND NECKLACE RED;Joyería y Bijouterie
90036B;FLOWER GLASS GARLAND NECKL 36 GREEN;Decoración del Hogar
90036C;FLOWER GLASS GARLAND NECKL 36 BLUE;Decoración del Hogar
90036D;FLOWER GLASS GARLAND NECKL 36 BLACK;Decoración del Hogar
90036E;FLOWER GLASS GARLD NECKL36 AMETHYST;Joyería y Bijouterie
90036F;FLOWER GLASS GARLD NECKL36 TURQUOIS;Sin clasificar
90037A;TINY CRYSTAL BRACELET RED;Joyería y Bijouterie
90037B;TINY CRYSTAL BRACELET GREEN;Joyería y Bijouterie
90037C;TINY CRYSTAL BRACELET BLUE;Joyería y Bijouterie
90037D;TINY CRYSTALS BRACELET BLACK;Joyería y Bijouterie
90038A;GLASS AND PAINTED BEADS BRACELET TO;Joyería y Bijouterie
90038B;GLASS AND PAINTED BEADS BRACELET OL;Joyería y Bijouterie
90038C;GLASS AND BEADS BRACELET IVORY;Joyería y Bijouterie
90039A;FIRE POLISHED GLASS BRACELET RED;Joyería y Bijouterie
90039B;FIRE POLISHED GLASS BRACELET MONTAN;Joyería y Bijouterie
90039C;FIRE POLISHED GLASS BRACELET BLACK;Joyería y Bijouterie
90039D;FIRE POLISHED GLASS BRACELET GREEN;Joyería y Bijouterie
90040A;MURANO STYLE GLASS BRACELET RED;Joyería y Bijouterie
90040B;MURANO STYLE GLASS BRACELET BLACK;Joyería y Bijouterie
90040C;MURANO STYLE GLASS BRACELET GOLD;Joyería y Bijouterie
90040D;MURANO STYLE GLASS BRACELET PINK;Joyería y Bijouterie
90041;PEARL AND CHERRY QUARTZ BRACLET;Sin clasificar
90042A;FRESHWATER PEARL BRACELET GOLD;Joyería y Bijouterie
90042B;FRESHWATER PEARL BRACELET PINK;Joyería y Bijouterie
90042C;FRESHWATER PEARL BRACELET IVORY;Joyería y Bijouterie
90043;COPPER AND BRASS BAG CHARM;Joyería y Bijouterie
90046;WHITE WITH METAL BAG CHARM;Joyería y Bijouterie
90048;GREEN WITH METAL BAG CHARM;Joyería y Bijouterie
90049;IVORY GOLD METAL BAG CHARM;Joyería y Bijouterie
90050;CRACKED GLAZE NECKLACE IVORY;Joyería y Bijouterie
90051;CRACKED GLAZE NECKLACE RED;Joyería y Bijouterie
90052;CRACKED GLAZE NECKLACE BROWN;Joyería y Bijouterie
90053;CRACKED GLAZE EARRINGS IVORY;Joyería y Bijouterie
90054;CRACKED GLAZE EARRINGS RED;Joyería y Bijouterie
90055;CRACKED GLAZE EARRINGS BROWN;Joyería y Bijouterie
90056;CHUNKY CRACKED GLAZE NECKLACE IVORY;Joyería y Bijouterie
90057;DIAMANTE RING ASSORTED IN BOX;Joyería y Bijouterie
90058A;CRYSTAL STUD EARRINGS CLEAR DISPLAY;Joyería y Bijouterie
90058B;CRYSTAL STUD EARRINGS ASSORTED COL;Joyería y Bijouterie
90059A;DIAMANTE HAIR GRIP PACK 2 CRYSTAL;Joyería y Bijouterie
90059B;DIAMANTE HAIR GRIP PACK 2 BLACK DIA;Cocina y Mesa
90059C;DIAMANTE HAIR GRIP PACK 2 MONTANA;Sin clasificar
90059D;DIAMANTE HAIR GRIP PACK 2 PERIDOT;Sin clasificar
90059E;DIAMANTE HAIR GRIP PACK 2 RUBY;Sin clasificar
90059F;DIAMANTE HAIR GRIP PACK 2 LT ROSE;Sin clasificar
90060B;FIRE POLISHED GLASS NECKL GOLD;Joyería y Bijouterie
90060C;FIRE POLISHED GLASS NECKL SILVER;Joyería y Bijouterie
90060D;FIRE POLISHED GLASS NECKL BRONZE;Joyería y Bijouterie
90060F;FIRE POLISHED GLASS NECKL GREEN;Joyería y Bijouterie
90062;CARNIVAL BRACELET;Joyería y Bijouterie
90063A;WHITE VINT ART DECO CRYSTAL NECKLAC;Joyería y Bijouterie
90063B;BLACK VINT ART DEC CRYSTAL NECKLACE;Joyería y Bijouterie
90064A;WHITE VINTAGE CRYSTAL EARRINGS;Joyería y Bijouterie
90064B;BLACK VINTAGE CRYSTAL EARRINGS;Joyería y Bijouterie
90065A;WHITE VINTAGE CRYSTAL BRACELET;Joyería y Bijouterie
90065B;BLACK VINT ART DEC CRYSTAL BRACELET;Joyería y Bijouterie
90066A;PINK VINTAGE VICTORIAN CHOKER;Sin clasificar
90067A;PINK VINTAGE VICTORIAN EARRINGS;Joyería y Bijouterie
90067B;BROWN VINTAGE VICTORIAN EARRINGS;Joyería y Bijouterie
90068;RUBY GLASS NECKLACE 42;Joyería y Bijouterie
90069;RUBY GLASS CLUSTER NECKLACE;Joyería y Bijouterie
90070;RUBY GLASS CLUSTER BRACELET;Joyería y Bijouterie
90071;RUBY GLASS CLUSTER EARRINGS;Joyería y Bijouterie
90072;RUBY DROP CHANDELIER EARRINGS;Joyería y Bijouterie
90073;VINTAGE ENAMEL CRYSTAL EARRINGS;Joyería y Bijouterie
90074;BLACK DIAMOND CLUSTER NECKLACE;Joyería y Bijouterie
90075;MONTANA DIAMOND CLUSTER NECKLACE;Joyería y Bijouterie
90076;MONTANA DIAMOND CLUSTER EARRINGS;Joyería y Bijouterie
90077;BLACK DIAMOND CLUSTER EARRINGS;Joyería y Bijouterie
90078;PINK WHITE GLASS DEMI CHOKER;Sin clasificar
90079;VINTAGE ENAMEL CRYSTAL NECKLACE;Joyería y Bijouterie
90081A;LILY BROOCH AMETHYST COLOUR;Sin clasificar
90081B;LILY BROOCH WHITE SILVER COLOUR;Sin clasificar
90081C;LILY BROOCH OLIVE COLOUR;Sin clasificar
90082A;DIAMANTE BOW BROOCH GREEN COLOUR;Sin clasificar
90082B;DIAMANTE BOW BROOCH RED COLOUR;Sin clasificar
90082C;DIAMANTE BOW BROOCH WHITE COLOUR;Sin clasificar
90082D;DIAMANTE BOW BROOCH BLACK COLOUR;Cocina y Mesa
90083;CRYSTAL CZECH CROSS PHONE CHARM;Joyería y Bijouterie
90084;PINK CRYSTAL GUITAR PHONE CHARM;Joyería y Bijouterie
90085;CRYSTAL STILETTO PHONE CHARM;Joyería y Bijouterie
90086;CRYSTAL FROG PHONE CHARM;Joyería y Bijouterie
90087;CRYSTAL SEA HORSE PHONE CHARM;Joyería y Bijouterie
90088;CRYSTAL KEY LOCK PHONE CHARM;Joyería y Bijouterie
90089;PINK CRYSTAL SKULL PHONE CHARM;Joyería y Bijouterie
90090;PINK CRYSTAL HEART PHONE CHARM;Joyería y Bijouterie
90091;CRYSTAL DRAGONFLY PHONE CHARM;Joyería y Bijouterie
90092;BLUE CRYSTAL BOOT PHONE CHARM;Joyería y Bijouterie
90093;CLEAR CRYSTAL STAR PHONE CHARM;Joyería y Bijouterie
90094;NECKLACE BRACELET SET FRUIT SALAD;Joyería y Bijouterie
90095;NECKLACE BRACELET SET PINK BLOSSOM;Joyería y Bijouterie
90096;NECKLACE BRACELET SET BLUE BLOSSOM;Joyería y Bijouterie
90098;NECKLACE BRACELET PINK BUTTERFLY;Joyería y Bijouterie
90099;NECKLACE BRACELET SET BLUE HIBISCUS;Joyería y Bijouterie
90100;NECKLACE BRACELET SET PINK DAISY;Joyería y Bijouterie
90101;WHITE FRANGIPANI NECKLACE;Joyería y Bijouterie
90102;WHITE FRANGIPANI HAIR CLIP;Sin clasificar
90103;PURPLE FRANGIPANI NECKLACE;Joyería y Bijouterie
90104;PURPLE FRANGIPANI HAIRCLIP;Sin clasificar
90108;BLUE BLOSSOM HAIR CLIP;Papelería y Tarjetería
90111;BLUE HIBISCUS HAIR CLIP;Sin clasificar
90112;PINK DOLLY HAIR CLIPS;Sin clasificar
90114;SUMMER DAISIES BAG CHARM;Joyería y Bijouterie
90115;SUMMER BUTTERFLIES BAG CHARM;Joyería y Bijouterie
90116;FRUIT SALAD BAG CHARM;Joyería y Bijouterie
90118;PINK DAISY BAG CHARM;Joyería y Bijouterie
90119;METALIC LEAVES BAG CHARMS;Joyería y Bijouterie
90120A;PINK MURANO TWIST BRACELET;Joyería y Bijouterie
90120B;BLUE MURANO TWIST BRACELET;Joyería y Bijouterie
90120C;GREEN MURANO TWIST BRACELET;Joyería y Bijouterie
90120D;WHITE MURANO TWIST BRACELET;Joyería y Bijouterie
90121B;VINTAGE ROSE BEAD BRACELET BLUE;Joyería y Bijouterie
90122A;PINK CRYSTAL GLASS BRACELET;Joyería y Bijouterie
90122B;JADE CRYSTAL GLASS BRACELET;Joyería y Bijouterie
90122C;TURQUOISE CRYSTAL GLASS BRACELET;Joyería y Bijouterie
90123A;PINK HEART OF GLASS BRACELET;Joyería y Bijouterie
90123B;TURQUOISE HEART OF GLASS BRACELET;Joyería y Bijouterie
90123C;GREEN HEART OF GLASS BRACELET;Joyería y Bijouterie
90123D;WHITE HEART OF GLASS BRACELET;Joyería y Bijouterie
90124A;PINK MURANO TWIST NECKLACE;Joyería y Bijouterie
90124B;BLUE MURANO TWIST NECKLACE;Joyería y Bijouterie
90124C;GREEN MURANO TWIST NECKLACE;Joyería y Bijouterie
90125A;PINK BERTIE GLASS BEAD BAG CHARM;Joyería y Bijouterie
90125B;AQUA BERTIE GLASS BEAD BAG CHARM;Joyería y Bijouterie
90125C;TURQUOISE BERTIE GLASS BEAD CHARM;Joyería y Bijouterie
90125D;PURPLE BERTIE GLASS BEAD BAG CHARM;Joyería y Bijouterie
90125E;AMBER BERTIE GLASS BEAD BAG CHARM;Joyería y Bijouterie
90126A;PINK BERTIE MOBILE PHONE CHARM;Joyería y Bijouterie
90126B;BLUE BERTIE MOBILE PHONE CHARM;Joyería y Bijouterie
90126C;AMBER BERTIE MOBILE PHONE CHARM;Joyería y Bijouterie
90127A;PINK BEADS HAND PHONE CHARM;Joyería y Bijouterie
90127B;BLUE BEADS HAND PHONE CHARM;Joyería y Bijouterie
90128A;PINK LEAVES AND BEADS PHONE CHARM;Joyería y Bijouterie
90128B;BLUE LEAVES AND BEADS PHONE CHARM;Joyería y Bijouterie
90128C;GREEN LEAVES AND BEADS PHONE CHARM;Joyería y Bijouterie
90128D;PURPLE LEAVES AND BEADS PHONE CHAR;Joyería y Bijouterie
90129A;PINK GLASS TASSLE BAG CHARM;Joyería y Bijouterie
90129B;TURQUOISE GLASS TASSLE BAG CHARM;Joyería y Bijouterie
90129C;GREEN GLASS TASSLE BAG CHARM;Joyería y Bijouterie
90129D;AMBER GLASS TASSLE BAG CHARM;Joyería y Bijouterie
90129E;PURPLE GLASS TASSLE BAG CHARM;Joyería y Bijouterie
90129F;RED GLASS TASSLE BAG CHARM;Joyería y Bijouterie
90130A;WHITE STONE CRYSTAL EARRINGS;Joyería y Bijouterie
90130B;TURQ STONE CRYSTAL EARRINGS;Joyería y Bijouterie
90130C;GREEN STONE CRYSTAL EARRINGS;Joyería y Bijouterie
90130D;RED STONE CRYSTAL EARRINGS;Joyería y Bijouterie
90131;PINK AMETHYST GOLD NECKLACE;Joyería y Bijouterie
90132;LIGHT TOPAZ TEAL AQUA COL NECKLACE;Joyería y Bijouterie
90133;TEAL FUSCHIA COL BEAD NECKLACE;Joyería y Bijouterie
90134;OLD ROSE COMBO BEAD NECKLACE;Joyería y Bijouterie
90135;ORANGE WHT FUSCHIA STONES NECKLACE;Joyería y Bijouterie
90135A;ORANGE FUSCHIA STONES NECKLACE;Joyería y Bijouterie
90136;PALE PINK AMETHYST STONE NECKLACE;Joyería y Bijouterie
90137;PINK COMBO MINI CRYSTALS NECKLACE;Joyería y Bijouterie
90138;WHITE PINK MINI CRYSTALS NECKLACE;Joyería y Bijouterie
90139;FLOWER BROOCH 4 ASSORTED COLOURS;Decoración del Hogar
90140;PINK SWEETIE NECKLACE;Joyería y Bijouterie
90141A;GREEN PENDANT TRIPLE SHELL NECKLACE;Joyería y Bijouterie
90141B;IVORY PENDANT TRIPLE SHELL NECKLACE;Joyería y Bijouterie
90141C;TURQ PENDANT TRIPLE SHELL NECKLACE;Joyería y Bijouterie
90141D;ROSE PENDANT TRIPLE SHELL NECKLACE;Joyería y Bijouterie
90141E;ORANGE PENDANT TRIPLE SHELL NECKLAC;Joyería y Bijouterie
90142A;GREEN PENDANT SHELL NECKLACE;Joyería y Bijouterie
90142B;IVORY PENDANT SHELL NECKLACE;Joyería y Bijouterie
90142C;ROSE PINK PENDANT SHELL NECKLACE;Joyería y Bijouterie
90142D;MOP PENDANT SHELL NECKLACE;Joyería y Bijouterie
90143;SILVER BRACELET W PASTEL FLOWER;Joyería y Bijouterie
90144;SILVER DROP EARRINGS WITH FLOWER;Joyería y Bijouterie
90145;SILVER HOOP EARRINGS WITH FLOWER;Joyería y Bijouterie
90146;FINE SILVER NECKLACE W PASTEL FLOWE;Joyería y Bijouterie
90147;CHUNKY SILVER NECKLACE PASTEL FLOWE;Joyería y Bijouterie
90148;LONG SILVER NECKLACE PASTEL FLOWER;Joyería y Bijouterie
90149;SILVER FLOWR PINK SHELL NECKLACE;Joyería y Bijouterie
90150;BLUE SHELL SILVER NECKLACE;Joyería y Bijouterie
90151;SILVER NATURAL SHELL NECKLACE;Joyería y Bijouterie
90152A;SILVER NAT SHELL NECKLACE W PENDANT;Joyería y Bijouterie
90152B;BLUE GREEN SHELL NECKLACE W PENDANT;Joyería y Bijouterie
90152C;BLUE NAT SHELL NECKLACE W PENDANT;Joyería y Bijouterie
90154;LAZER CUT NECKLACE W PASTEL BEADS;Joyería y Bijouterie
90155;RESIN NECKLACE W PASTEL BEADS;Joyería y Bijouterie
90156;RESIN BRACELET W PASTEL BEADS;Joyería y Bijouterie
90157;RIVIERA NECKLACE;Joyería y Bijouterie
90158;ST TROPEZ NECKLACE;Joyería y Bijouterie
90159;COTE D AZURE NECKLACE;Joyería y Bijouterie
90160A;PURPLE BOUDICCA LARGE BRACELET;Joyería y Bijouterie
90160B;RED BOUDICCA LARGE BRACELET;Joyería y Bijouterie
90160C;TURQ RED BOUDICCA LARGE BRACELET;Joyería y Bijouterie
90160D;PINK BOUDICCA LARGE BRACELET;Joyería y Bijouterie
90161A;ANT COPPER RED BOUDICCA BRACELET;Joyería y Bijouterie
90161B;ANT COPPER TURQ BOUDICCA BRACELET;Joyería y Bijouterie
90161C;ANT COPPER LIME BOUDICCA BRACELET;Joyería y Bijouterie
90161D;ANT COPPER PINK BOUDICCA BRACELET;Joyería y Bijouterie
90162A;ANT SILVER TURQUOISE BOUDICCA RING;Joyería y Bijouterie
90162B;ANT SILVER LIME GREEN BOUDICCA RING;Joyería y Bijouterie
90162C;ANT SILVER FUSCHIA BOUDICCA RING;Joyería y Bijouterie
90162D;ANT SILVER PURPLE BOUDICCA RING;Joyería y Bijouterie
90163A;PINK ROSEBUD PEARL NECKLACE;Joyería y Bijouterie
90163B;WHITE ROSEBUD PEARL NECKLACE;Joyería y Bijouterie
90164A;PINK ROSEBUD PEARL BRACELET;Joyería y Bijouterie
90164B;WHITE ROSEBUD PEARL BRACELET;Joyería y Bijouterie
90165A;PINK ROSEBUD PEARL EARRINGS;Joyería y Bijouterie
90165B;WHITE ROSEBUD PEARL EARRINGS;Joyería y Bijouterie
90166;PINK WHITE ROSEBUD RING;Joyería y Bijouterie
90167;BEADED LOVE HEART JEWELLERY SET;Joyería y Bijouterie
90168;2 DAISIES HAIR COMB;Sin clasificar
90169;DAISY HAIR COMB;Sin clasificar
90170;DAISY HAIR BAND;Sin clasificar
90171;DAISY RING;Joyería y Bijouterie
90173;PAIR BUTTERFLY HAIR CLIPS;Papelería y Tarjetería
90174;BUTTERFLY HAIR BAND;Papelería y Tarjetería
90175A;WHITE GLASS CHUNKY CHARM BRACELET;Joyería y Bijouterie
90175B;PINK GLASS CHUNKY CHARM BRACELET;Joyería y Bijouterie
90175C;BLUE GLASS CHUNKY CHARM BRACELET;Joyería y Bijouterie
90175D;TIGRIS EYE CHUNKY CHARM BRACELET;Joyería y Bijouterie
90176A;CLASSIC DIAMANTE NECKLACE JET;Joyería y Bijouterie
90176B;DIAMANTE NECKLACE BLACK;Joyería y Bijouterie
90176C;DIAMANTE NECKLACE;Joyería y Bijouterie
90176D;DIAMANTE NECKLACE PURPLE;Joyería y Bijouterie
90176E;DIAMANTE NECKLACE GREEN;Joyería y Bijouterie
90177A;CLASSIC DIAMANTE EARRINGS JET;Joyería y Bijouterie
90177B;DROP DIAMANTE EARRINGS BLACK DIAMON;Joyería y Bijouterie
90177C;DROP DIAMANTE EARRINGS CRYSTAL;Joyería y Bijouterie
90177D;DROP DIAMANTE EARRINGS PURPLE;Joyería y Bijouterie
90177E;DROP DIAMANTE EARRINGS GREEN;Joyería y Bijouterie
90178A;AMBER CHUNKY GLASS BEAD NECKLACE;Joyería y Bijouterie
90178B;PURPLE CHUNKY GLASS BEAD NECKLACE;Joyería y Bijouterie
90179A;AMBER FINE BEAD NECKLACE W TASSEL;Joyería y Bijouterie
90179B;PURPLE FINE BEAD NECKLACE W TASSEL;Joyería y Bijouterie
90179C;BLACK FINE BEAD NECKLACE W TASSEL;Joyería y Bijouterie
90180A;BLACK WHITE NECKLACE W TASSEL;Joyería y Bijouterie
90180B;PURPLE AMETHYST NECKLACE W TASSEL;Joyería y Bijouterie
90181A;AMBER GLASS SHELL PEARL NECKLACE;Joyería y Bijouterie
90181B;AMETHYST GLASS SHELL PEARL NECKLACE;Joyería y Bijouterie
90181C;BLACK GLASS SHELL PEARL NECKLACE;Joyería y Bijouterie
90182A;AMBER 3 BEAD DROP EARRINGS;Joyería y Bijouterie
90182B;AMETHYST 3 BEAD DROP EARRINGS;Joyería y Bijouterie
90182C;BLACK 3 BEAD DROP EARRINGS;Joyería y Bijouterie
90183A;AMBER DROP EARRINGS W LONG BEADS;Joyería y Bijouterie
90183B;AMETHYST DROP EARRINGS W LONG BEADS;Joyería y Bijouterie
90183C;BLACK DROP EARRINGS W LONG BEADS;Joyería y Bijouterie
90184A;AMBER CHUNKY BEAD BRACELET W STRAP;Joyería y Bijouterie
90184B;AMETHYST CHUNKY BEAD BRACELET W STR;Joyería y Bijouterie
90184C;BLACK CHUNKY BEAD BRACELET W STRAP;Joyería y Bijouterie
90185A;AMBER DIAMANTE EXPANDABLE RING;Joyería y Bijouterie
90185B;AMETHYST DIAMANTE EXPANDABLE RING;Joyería y Bijouterie
90185C;BLACK DIAMANTE EXPANDABLE RING;Joyería y Bijouterie
90185D;CRYSTAL DIAMANTE EXPANDABLE RING;Joyería y Bijouterie
90186A;AMETHYST HOOP EARRING FLORAL LEAF;Joyería y Bijouterie
90186B;CRYSTAL HOOP EARRING FLORAL LEAF;Joyería y Bijouterie
90187A;BLUE DROP EARRINGS W BEAD CLUSTER;Joyería y Bijouterie
90187B;GREEN DROP EARRINGS W BEAD CLUSTER;Joyería y Bijouterie
90188;DROP EARRINGS W FLOWER LEAF;Joyería y Bijouterie
90189A;SILVER 2 STRAND NECKLACE LEAF CHARM;Joyería y Bijouterie
90189B;GOLD 2 STRAND NECKLACE LEAF CHARMS;Joyería y Bijouterie
90190A;SILVER CRYSTAL DROP EARRINGS W LEAF;Joyería y Bijouterie
90190B;GOLD AMBER DROP EARRINGS W LEAF;Joyería y Bijouterie
90190C;SILVER AMETHYST DROP EARRINGS LEAF;Joyería y Bijouterie
90191;SILVER LARIAT 40CM;Cocina y Mesa
90192;JADE DROP EARRINGS W FILIGREE;Joyería y Bijouterie
90194;SILVER LARIAT BLACK STONE EARRINGS;Joyería y Bijouterie
90195A;PURPLE GEMSTONE BRACELET;Joyería y Bijouterie
90195B;BLACK GEMSTONE BRACELET;Joyería y Bijouterie
90196A;PURPLE GEMSTONE NECKLACE 45CM;Joyería y Bijouterie
90196B;BLACK GEMSTONE NECKLACE 45CM;Joyería y Bijouterie
90197B;BLACK GLASS BRACELET W HEART CHARMS;Joyería y Bijouterie
90197D;AMBER GLASS BRACELET HEART CHARMS;Joyería y Bijouterie
90198A;VINTAGE ROSE BEAD BRACELET RASPBERR;Joyería y Bijouterie
90198B;VINTAGE ROSE BEAD BRACELET BLACK;Joyería y Bijouterie
90199A;5 STRAND GLASS NECKLACE BLACK;Joyería y Bijouterie
90199B;5 STRAND GLASS NECKLACE AMETHYST;Joyería y Bijouterie
90199C;5 STRAND GLASS NECKLACE CRYSTAL;Joyería y Bijouterie
90199D;5 STRAND GLASS NECKLACE AMBER;Joyería y Bijouterie
90200A;PURPLE SWEETHEART BRACELET;Joyería y Bijouterie
90200B;BLACK SWEETHEART BRACELET;Joyería y Bijouterie
90200C;BLUE SWEETHEART BRACELET;Joyería y Bijouterie
90200D;PINK SWEETHEART BRACELET;Joyería y Bijouterie
90200E;GREEN SWEETHEART BRACELET;Joyería y Bijouterie
90201A;PURPLE ENAMEL FLOWER RING;Sin clasificar
90201B;BLACK ENAMEL FLOWER RING;Cocina y Mesa
90201C;RED ENAMEL FLOWER RING;Cocina y Mesa
90201D;GREEN ENAMEL FLOWER RING;Sin clasificar
90202A;PURPLE ENAMEL FLOWER HAIR TIE;Cocina y Mesa
90202B;WHITE ENAMEL FLOWER HAIR TIE;Cocina y Mesa
90202C;GREEN ENAMEL FLOWER HAIR TIE;Cocina y Mesa
90202D;PINK ENAMEL FLOWER HAIR TIE;Cocina y Mesa
90203;SILVER CHARM NECKLACE 70CM;Joyería y Bijouterie
90204;PAIR OF ENAMEL BUTTERFLY HAIRCLIP;Sin clasificar
90205A;LARGE MINT DIAMANTE HAIRSLIDE;Sin clasificar
90205C;LARGE CRYSTAL DIAMANTE HAIRSLIDE;Joyería y Bijouterie
90206A;GOLD DIAMANTE STAR BROOCH;Joyería y Bijouterie
90206C;CRYSTAL DIAMANTE STAR BROOCH;Joyería y Bijouterie
90208;PAIR OF PINK FLOWER CLUSTER SLIDE;Sin clasificar
90209A;PURPLE ENAMEL GLASS HAIR COMB;Cocina y Mesa
90209B;GREEN ENAMEL GLASS HAIR COMB;Cocina y Mesa
90209C;PINK ENAMEL GLASS HAIR COMB;Cocina y Mesa
90210A;GREY ACRYLIC FACETED BANGLE;Decoración del Hogar
90210B;CLEAR ACRYLIC FACETED BANGLE;Decoración del Hogar
90210C;RED ACRYLIC FACETED BANGLE;Decoración del Hogar
90210D;PURPLE ACRYLIC FACETED BANGLE;Decoración del Hogar
90211A;DIAMOND LAS VEGAS NECKLACE 45CM;Joyería y Bijouterie
90211B;JET BLACK LAS VEGAS NECKLACE 45CM;Joyería y Bijouterie
90212B;JET BLACK LAS VEGAS BRACELET ROUND;Joyería y Bijouterie
90212C;PURPLE LAS VEGAS BRACELET ROUND;Joyería y Bijouterie
90214A;LETTER A BLING KEY RING;Joyería y Bijouterie
90214B;LETTER B BLING KEY RING;Joyería y Bijouterie
90214C;LETTER C BLING KEY RING;Joyería y Bijouterie
90214D;LETTER D BLING KEY RING;Joyería y Bijouterie
90214E;LETTER E BLING KEY RING;Joyería y Bijouterie
90214F;LETTER F BLING KEY RING;Joyería y Bijouterie
90214G;LETTER G BLING KEY RING;Joyería y Bijouterie
90214H;LETTER H BLING KEY RING;Joyería y Bijouterie
90214I;LETTER I BLING KEY RING;Joyería y Bijouterie
90214J;LETTER J BLING KEY RING;Joyería y Bijouterie
90214K;LETTER K BLING KEY RING;Joyería y Bijouterie
90214L;LETTER L BLING KEY RING;Joyería y Bijouterie
90214M;LETTER M BLING KEY RING;Joyería y Bijouterie
90214N;LETTER N BLING KEY RING;Joyería y Bijouterie
90214O;LETTER O BLING KEY RING;Joyería y Bijouterie
90214P;LETTER P BLING KEY RING;Joyería y Bijouterie
90214R;LETTER R BLING KEY RING;Joyería y Bijouterie
90214S;LETTER S BLING KEY RING;Joyería y Bijouterie
90214T;LETTER T BLING KEY RING;Joyería y Bijouterie
90214U;LETTER U BLING KEY RING;Joyería y Bijouterie
90214V;LETTER V BLING KEY RING;Joyería y Bijouterie
90214W;LETTER W BLING KEY RING;Joyería y Bijouterie
90214Y;LETTER Y BLING KEY RING;Joyería y Bijouterie
90214Z;LETTER Z BLING KEY RING;Joyería y Bijouterie
DCGS0003;BOXED GLASS ASHTRAY;Sin clasificar
DCGS0004;HAYNES CAMPER SHOULDER BAG;Bolsos y Carteras
DCGS0037;KEY RING CORKSCREW;Joyería y Bijouterie
DCGS0041;HAYNES MINI COOPER PLAYING CARDS;Papelería y Tarjetería
DCGS0044;HANDZ OFF CAR FRESHENER;Sin clasificar
DCGS0058;MISO PRETTY GUM;Sin clasificar
DCGS0062;ROAD RAGE CAR FRESHENER;Sin clasificar
DCGS0066N;NAVY CUDDLES DOG HOODIE;Sin clasificar
DCGS0068;DOGS NIGHT COLLAR;Velas e Iluminación
DCGS0069;OOH LA LA DOGS COLLAR;Sin clasificar
DCGS0070;CAMOUFLAGE DOG COLLAR;Papelería y Tarjetería
DCGS0072;CAT CAMOUFLAGUE COLLAR;Sin clasificar
DCGS0075;CAMOUFLAGUE DOG LEAD;Papelería y Tarjetería
DCGS0076;SUNJAR LED NIGHT NIGHT LIGHT;Velas e Iluminación
DCGSSBOY;BOYS PARTY BAG;Pascua y Fiestas
DCGSSGIRL;GIRLS PARTY BAG;Pascua y Fiestas
SP1002;KID S CHALKBOARD EASEL;Decoración del Hogar
