stock_code,description_clean,n_transacciones,unidades_totales,revenue_total,precio_medio,cluster,categoria_regla,categorias_candidatas,num_categorias_candidatas,estrato_muestreo,categoria_predicha,confianza_margen,categoria_final
10002,INFLATABLE POLITICAL GLOBE,367,8671,6942.26,0.98,22,,[],0,Sin regla,Velas e Iluminación,0.03693876349351721,Sin clasificar
10002R,ROBOT PENCIL SHARPNER,3,4,20.57,5.13,22,Papelería y Tarjetería,['Papelería y Tarjetería'],1,Papelería y Tarjetería,Papelería y Tarjetería,1.917436790429518,Papelería y Tarjetería
10080,GROOVY CACTUS INFLATABLE,28,315,129.29,0.5,22,,[],0,Sin regla,Velas e Iluminación,0.3479324470813262,Velas e Iluminación
10109,BENDY COLOUR PENCILS,1,4,1.68,0.42,22,Papelería y Tarjetería,['Papelería y Tarjetería'],1,Papelería y Tarjetería,Papelería y Tarjetería,2.108705733809327,Papelería y Tarjetería
10120,DOGGY RUBBER,73,664,142.74,0.24,22,,[],0,Sin regla,Papelería y Tarjetería,0.2930541800926189,Papelería y Tarjetería
10123C,HEARTS WRAPPING TAPE,63,650,254.41,0.79,22,,[],0,Sin regla,Papelería y Tarjetería,0.5001759908973378,Papelería y Tarjetería
10123G,ARMY CAMO WRAPPING TAPE,17,2251,165.56,0.82,22,,[],0,Sin regla,Papelería y Tarjetería,0.7388556758947173,Papelería y Tarjetería
10124A,SPOTS ON RED BOOKCOVER TAPE,18,58,24.36,0.42,22,,[],0,Sin regla,Cocina y Mesa,0.13187368926833054,Sin clasificar
10124G,ARMY CAMO BOOKCOVER TAPE,10,33,14.28,0.46,22,,[],0,Sin regla,Papelería y Tarjetería,0.22992143533287657,Papelería y Tarjetería
10125,MINI FUNKY DESIGN TAPES,173,2103,1715.78,0.93,22,,[],0,Sin regla,Papelería y Tarjetería,0.26753780664582993,Papelería y Tarjetería
10133,COLOURING PENCILS BROWN TUBE,289,3837,2373.26,0.75,22,Papelería y Tarjetería,['Papelería y Tarjetería'],1,Papelería y Tarjetería,Papelería y Tarjetería,2.157645445293095,Papelería y Tarjetería
10134,COLOURING PENCILS BROWN TUBE,54,625,721.13,1.29,22,Papelería y Tarjetería,['Papelería y Tarjetería'],1,Papelería y Tarjetería,Papelería y Tarjetería,2.157645445293095,Papelería y Tarjetería
10135,COLOURING PENCILS BROWN TUBE,327,4226,4566.21,1.4,22,Papelería y Tarjetería,['Papelería y Tarjetería'],1,Papelería y Tarjetería,Papelería y Tarjetería,2.157645445293095,Papelería y Tarjetería
10138,ASSORTED COLOUR JUMBO PEN,21,261,111.22,0.48,22,Papelería y Tarjetería,['Papelería y Tarjetería'],1,Papelería y Tarjetería,Papelería y Tarjetería,0.3171055330168042,Papelería y Tarjetería
11001,ASSTD DESIGN RACING CAR PEN,256,4829,7408.65,1.87,22,Papelería y Tarjetería,['Papelería y Tarjetería'],1,Papelería y Tarjetería,Papelería y Tarjetería,1.9832798548194175,Papelería y Tarjetería
15030,FAN BLACK FRAME,27,254,73.66,0.29,13,Marcos y Fotografía,"['Marcos y Fotografía', 'Decoración del Hogar']",2,Marcos y Fotografía,Marcos y Fotografía,1.9162242153923748,Marcos y Fotografía
15034,PAPER POCKET TRAVELING FAN,256,10153,1416.26,0.36,22,Decoración del Hogar,['Decoración del Hogar'],1,Decoración del Hogar,Decoración del Hogar,0.6853223078178645,Decoración del Hogar
15036,ASSORTED COLOURS SILK FAN,992,44272,32967.03,0.99,22,Decoración del Hogar,['Decoración del Hogar'],1,Decoración del Hogar,Decoración del Hogar,1.7002476736980667,Decoración del Hogar
15039,SANDALWOOD FAN,308,5101,4345.62,1.14,22,Decoración del Hogar,['Decoración del Hogar'],1,Decoración del Hogar,Decoración del Hogar,1.8674882307180924,Decoración del Hogar
15044A,PINK PAPER PARASOL,250,4964,13210.85,3.6,22,Jardín y Exterior,['Jardín y Exterior'],1,Jardín y Exterior,Jardín y Exterior,1.9526330436707298,Jardín y Exterior
15044B,BLUE PAPER PARASOL,189,1670,4644.13,3.55,22,Jardín y Exterior,['Jardín y Exterior'],1,Jardín y Exterior,Jardín y Exterior,2.0462879245330408,Jardín y Exterior
15044C,PURPLE PAPER PARASOL,232,967,3027.26,3.82,22,Jardín y Exterior,['Jardín y Exterior'],1,Jardín y Exterior,Jardín y Exterior,1.9004115372784836,Jardín y Exterior
15044D,RED PAPER PARASOL,229,1596,4559.65,3.44,22,Jardín y Exterior,['Jardín y Exterior'],1,Jardín y Exterior,Jardín y Exterior,1.9502800881853009,Jardín y Exterior
15056BL,EDWARDIAN PARASOL BLACK,956,9620,48723.77,6.83,22,Jardín y Exterior,['Jardín y Exterior'],1,Jardín y Exterior,Jardín y Exterior,1.9739619041390537,Jardín y Exterior
15056N,EDWARDIAN PARASOL NATURAL,1156,11459,60145.85,7.39,22,Jardín y Exterior,['Jardín y Exterior'],1,Jardín y Exterior,Jardín y Exterior,1.9272072135220382,Jardín y Exterior
15056P,EDWARDIAN PARASOL PINK,383,2519,12806.76,6.86,22,Jardín y Exterior,['Jardín y Exterior'],1,Jardín y Exterior,Jardín y Exterior,2.0113162180611583,Jardín y Exterior
15058A,BLUE POLKADOT GARDEN PARASOL,149,476,3153.73,8.55,42,Jardín y Exterior,['Jardín y Exterior'],1,Jardín y Exterior,Jardín y Exterior,2.7443208296115316,Jardín y Exterior
15058B,PINK POLKADOT GARDEN PARASOL,156,438,3327.67,9.68,42,Jardín y Exterior,['Jardín y Exterior'],1,Jardín y Exterior,Jardín y Exterior,2.6984831238176925,Jardín y Exterior
15058C,ICE CREAM DESIGN GARDEN PARASOL,122,470,2753.72,9.67,42,Jardín y Exterior,['Jardín y Exterior'],1,Jardín y Exterior,Jardín y Exterior,2.617152783928759,Jardín y Exterior
15059A,ENGLISH ROSE EDWARDIAN PARASOL,4,509,1567.0,10.5,22,Jardín y Exterior,['Jardín y Exterior'],1,Jardín y Exterior,Jardín y Exterior,1.8637525086228726,Jardín y Exterior
15060B,FAIRY CAKE DESIGN UMBRELLA,454,1419,6486.79,5.57,32,,[],0,Sin regla,Cocina y Mesa,0.46162315821240874,Cocina y Mesa
16008,SMALL FOLDING SCISSOR POINTED EDGE,85,3141,422.96,0.16,22,,[],0,Sin regla,Cocina y Mesa,0.20437127925488519,Cocina y Mesa
16010,FOLDING CAMPING SCISSOR W KNIF S,4,32,3.84,0.12,22,,[],0,Sin regla,Cocina y Mesa,0.041693896639800165,Sin clasificar
16011,ANIMAL STICKERS,112,3812,799.32,0.21,13,Papelería y Tarjetería,['Papelería y Tarjetería'],1,Papelería y Tarjetería,Papelería y Tarjetería,1.8530415846478416,Papelería y Tarjetería
16012,FOOD DRINK SPONGE STICKERS,84,2901,608.01,0.21,13,Papelería y Tarjetería,['Papelería y Tarjetería'],1,Papelería y Tarjetería,Papelería y Tarjetería,1.8136580792905077,Papelería y Tarjetería
16014,SMALL CHINESE STYLE SCISSOR,93,29355,9513.1,0.4,22,,[],0,Sin regla,Cocina y Mesa,0.3917234615208632,Cocina y Mesa
16015,MEDIUM CHINESE STYLE SCISSOR,65,1572,711.38,0.49,22,,[],0,Sin regla,Cocina y Mesa,0.1625867650742922,Sin clasificar
16016,LARGE CHINESE STYLE SCISSOR,106,2314,1870.7,0.84,22,,[],0,Sin regla,Cocina y Mesa,0.30835909631412334,Cocina y Mesa
16020C,CLEAR STATIONERY BOX SET,40,160,134.5,0.84,4,Papelería y Tarjetería,['Papelería y Tarjetería'],1,Papelería y Tarjetería,Papelería y Tarjetería,1.4980847901649057,Papelería y Tarjetería
16033,MINI HIGHLIGHTER PENS,50,15121,1544.52,0.12,22,Papelería y Tarjetería,['Papelería y Tarjetería'],1,Papelería y Tarjetería,Papelería y Tarjetería,1.9004755992477014,Papelería y Tarjetería
16043,POP ART PUSH DOWN RUBBER,13,2145,180.3,0.32,22,,[],0,Sin regla,Papelería y Tarjetería,0.27545440163009866,Papelería y Tarjetería
16044,POP ART FLUORESCENT PENS,3,6193,389.22,0.3,22,Papelería y Tarjetería,['Papelería y Tarjetería'],1,Papelería y Tarjetería,Papelería y Tarjetería,1.7899490339276416,Papelería y Tarjetería
16045,POPART WOODEN PENCILS ASST,75,9312,429.44,0.05,22,Papelería y Tarjetería,['Papelería y Tarjetería'],1,Papelería y Tarjetería,Papelería y Tarjetería,1.9666994965386866,Papelería y Tarjetería
16046,TEATIME PEN CASE PENS,62,10056,1223.5,0.94,22,Papelería y Tarjetería,['Papelería y Tarjetería'],1,Papelería y Tarjetería,Papelería y Tarjetería,2.513382235454274,Papelería y Tarjetería
16047,POP ART PEN CASE PENS,31,10612,1054.7,0.96,22,Papelería y Tarjetería,['Papelería y Tarjetería'],1,Papelería y Tarjetería,Papelería y Tarjetería,2.6491352483577977,Papelería y Tarjetería
16048,TEATIME ROUND PENCIL SHARPENER,106,3461,537.06,0.4,22,Papelería y Tarjetería,['Papelería y Tarjetería'],1,Papelería y Tarjetería,Papelería y Tarjetería,1.8959716602773586,Papelería y Tarjetería
16049,TEATIME GEL PENS ASST,32,3169,560.48,0.38,22,Papelería y Tarjetería,['Papelería y Tarjetería'],1,Papelería y Tarjetería,Papelería y Tarjetería,1.8356184129819912,Papelería y Tarjetería
16050,TEATIME PENCIL WITH RUBBER,8,151,46.45,0.4,22,Papelería y Tarjetería,['Papelería y Tarjetería'],1,Papelería y Tarjetería,Papelería y Tarjetería,1.86107346031962,Papelería y Tarjetería
16051,TEATIME PENCIL W STAMP ASST,4,941,84.69,0.43,22,Papelería y Tarjetería,['Papelería y Tarjetería'],1,Papelería y Tarjetería,Papelería y Tarjetería,1.9822759924867905,Papelería y Tarjetería
16052,TEATIME PUSH DOWN RUBBER,35,848,281.32,0.57,22,,[],0,Sin regla,Papelería y Tarjetería,0.08180502254267785,Sin clasificar
16053,POPART COL BALLPOINT PEN ASST,10,4313,185.73,0.17,22,Papelería y Tarjetería,['Papelería y Tarjetería'],1,Papelería y Tarjetería,Papelería y Tarjetería,1.8468004593857985,Papelería y Tarjetería
16054,POPART RECT PENCIL SHARPENER ASST,39,1210,159.0,0.17,22,Papelería y Tarjetería,['Papelería y Tarjetería'],1,Papelería y Tarjetería,Papelería y Tarjetería,2.2139419585570232,Papelería y Tarjetería
16119,FUNKY GIRL ADDRESS BOOK,8,273,130.71,1.03,22,,[],0,Sin regla,Cajas y Almacenamiento,0.2229083141127522,Cajas y Almacenamiento
16151A,FLOWERS HANDBAG BLUE AND ORANGE,5,52,72.5,2.25,22,Bolsos y Carteras,['Bolsos y Carteras'],1,Bolsos y Carteras,Bolsos y Carteras,1.793452428713635,Bolsos y Carteras
16156L,WRAP CAROUSEL,36,950,399.0,0.42,37,Papelería y Tarjetería,['Papelería y Tarjetería'],1,Papelería y Tarjetería,Papelería y Tarjetería,1.6395689476469748,Papelería y Tarjetería
16156N,WRAP FRIENDSHIP ON GREEN,56,1475,619.5,0.42,37,Papelería y Tarjetería,['Papelería y Tarjetería'],1,Papelería y Tarjetería,Papelería y Tarjetería,1.6985718021611467,Papelería y Tarjetería
16156S,WRAP PINK FAIRY CAKES,419,16661,6558.62,0.42,19,Papelería y Tarjetería,['Papelería y Tarjetería'],1,Papelería y Tarjetería,Papelería y Tarjetería,1.7990986080199682,Papelería y Tarjetería
16161C,WRAP SPEED DEMONS,2,450,45.0,0.1,37,Papelería y Tarjetería,['Papelería y Tarjetería'],1,Papelería y Tarjetería,Papelería y Tarjetería,1.964019872855158,Papelería y Tarjetería
16161E,WRAP BOUDOIR,9,750,75.0,0.1,37,Papelería y Tarjetería,['Papelería y Tarjetería'],1,Papelería y Tarjetería,Papelería y Tarjetería,1.9630378826747323,Papelería y Tarjetería
16161G,WRAP BAD HAIR DAY,33,975,97.5,0.1,37,Papelería y Tarjetería,['Papelería y Tarjetería'],1,Papelería y Tarjetería,Papelería y Tarjetería,2.2746205601653537,Papelería y Tarjetería
16161M,WRAP PINK FLOCK,39,1050,439.0,0.42,37,Papelería y Tarjetería,['Papelería y Tarjetería'],1,Papelería y Tarjetería,Papelería y Tarjetería,2.033935718270865,Papelería y Tarjetería
16161P,WRAP ENGLISH ROSE,440,13198,5435.4,0.42,37,Papelería y Tarjetería,['Papelería y Tarjetería'],1,Papelería y Tarjetería,Papelería y Tarjetería,1.8024611173922418,Papelería y Tarjetería
16161U,WRAP SUKI AND FRIENDS,318,10026,4084.92,0.42,37,Papelería y Tarjetería,['Papelería y Tarjetería'],1,Papelería y Tarjetería,Papelería y Tarjetería,1.9055671295458019,Papelería y Tarjetería
16162L,THE KING GIFT BAG,30,8101,570.43,0.75,6,Bolsos y Carteras,['Bolsos y Carteras'],1,Bolsos y Carteras,Bolsos y Carteras,2.0181079680977976,Bolsos y Carteras
16162M,THE KING GIFT BAG 25X24X12CM,13,88,36.96,0.42,6,Bolsos y Carteras,['Bolsos y Carteras'],1,Bolsos y Carteras,Bolsos y Carteras,1.9700021230075309,Bolsos y Carteras
16168M,FUNKY MONKEY GIFT BAG MEDIUM,101,1686,512.38,0.59,6,Bolsos y Carteras,['Bolsos y Carteras'],1,Bolsos y Carteras,Bolsos y Carteras,1.854999859577227,Bolsos y Carteras
16168S,FUNKY MONKEY GIFT BAG SMALL,11,1283,126.83,0.31,6,Bolsos y Carteras,['Bolsos y Carteras'],1,Bolsos y Carteras,Bolsos y Carteras,1.9884382686010973,Bolsos y Carteras
16169A,WRAP CHRISTMAS DECOUPAGE,1,25,10.5,0.42,37,Navidad,"['Navidad', 'Papelería y Tarjetería']",2,Navidad,Navidad,1.9050450525001559,Navidad
16169C,WRAP BLUE REINDEER,43,1350,567.0,0.42,37,Navidad,"['Navidad', 'Papelería y Tarjetería']",2,Navidad,Navidad,1.902298336800158,Navidad
16169D,WRAP WINTER FOREST,9,250,105.0,0.42,37,Papelería y Tarjetería,['Papelería y Tarjetería'],1,Papelería y Tarjetería,Papelería y Tarjetería,1.9535961091320404,Papelería y Tarjetería
16169E,WRAP 50 S CHRISTMAS,150,4563,1892.46,0.42,37,Navidad,"['Navidad', 'Papelería y Tarjetería']",2,Navidad,Navidad,2.7453035554891834,Navidad
16169F,WRAP BLIZZARD,34,975,409.5,0.42,37,Papelería y Tarjetería,['Papelería y Tarjetería'],1,Papelería y Tarjetería,Papelería y Tarjetería,3.2870966455159056,Papelería y Tarjetería
16169G,WRAP ROMANTIC DECOUPAGE,1,25,10.5,0.42,37,Papelería y Tarjetería,['Papelería y Tarjetería'],1,Papelería y Tarjetería,Papelería y Tarjetería,1.9650803748563213,Papelería y Tarjetería
16169K,WRAP FOLK ART,60,2075,658.75,0.36,37,Papelería y Tarjetería,['Papelería y Tarjetería'],1,Papelería y Tarjetería,Papelería y Tarjetería,1.971511802178405,Papelería y Tarjetería
16169M,WRAP DAISY CARPET,60,2060,640.95,0.35,37,Papelería y Tarjetería,['Papelería y Tarjetería'],1,Papelería y Tarjetería,Papelería y Tarjetería,2.462578812320871,Papelería y Tarjetería
16169N,WRAP BLUE RUSSIAN FOLKART,56,2025,626.25,0.35,37,Papelería y Tarjetería,['Papelería y Tarjetería'],1,Papelería y Tarjetería,Papelería y Tarjetería,1.8806263219714727,Papelería y Tarjetería
16169P,WRAP GREEN RUSSIAN FOLKART,48,1750,533.75,0.36,37,Papelería y Tarjetería,['Papelería y Tarjetería'],1,Papelería y Tarjetería,Papelería y Tarjetería,1.8407280651628941,Papelería y Tarjetería
16192,PINK BALLET OPENING CUBE BOX,1,3,12.9,4.3,4,,[],0,Sin regla,Cajas y Almacenamiento,0.4565701752699819,Cajas y Almacenamiento
16201A,PASTEL PINK PHOTO ALBUM,9,101,213.37,3.77,33,Marcos y Fotografía,['Marcos y Fotografía'],1,Marcos y Fotografía,Marcos y Fotografía,2.1224633522481433,Marcos y Fotografía
16201B,PASTEL BLUE PHOTO ALBUM,5,34,81.1,2.84,33,Marcos y Fotografía,['Marcos y Fotografía'],1,Marcos y Fotografía,Marcos y Fotografía,1.978482289236543,Marcos y Fotografía
16202A,PASTEL PINK PHOTO ALBUM,21,662,290.45,4.49,33,Marcos y Fotografía,['Marcos y Fotografía'],1,Marcos y Fotografía,Marcos y Fotografía,2.1224633522481433,Marcos y Fotografía
16202B,PASTEL BLUE PHOTO ALBUM,22,1039,528.56,4.77,33,Marcos y Fotografía,['Marcos y Fotografía'],1,Marcos y Fotografía,Marcos y Fotografía,1.978482289236543,Marcos y Fotografía
16202C,BEIGE PHOTO ALBUM,12,97,230.59,3.98,33,Marcos y Fotografía,['Marcos y Fotografía'],1,Marcos y Fotografía,Marcos y Fotografía,2.5536685826313006,Marcos y Fotografía
16202E,BLACK PHOTO ALBUM,14,82,162.73,3.4,33,Marcos y Fotografía,['Marcos y Fotografía'],1,Marcos y Fotografía,Marcos y Fotografía,2.4151216956926875,Marcos y Fotografía
16206B,RED PURSE WITH PINK HEART,16,96,116.4,1.23,39,Bolsos y Carteras,['Bolsos y Carteras'],1,Bolsos y Carteras,Bolsos y Carteras,1.9743384683440646,Bolsos y Carteras
16207A,PINK STRAWBERRY HANDBAG,76,143,423.53,3.0,22,Bolsos y Carteras,['Bolsos y Carteras'],1,Bolsos y Carteras,Bolsos y Carteras,1.9812782125435786,Bolsos y Carteras
16207B,PINK HEART RED HANDBAG,46,265,457.65,2.65,39,Bolsos y Carteras,['Bolsos y Carteras'],1,Bolsos y Carteras,Bolsos y Carteras,2.13713145084302,Bolsos y Carteras
16212,FUNKY GIRLZ ASST MAGNETIC MEMO PAD,41,366,287.01,1.68,22,,[],0,Sin regla,Papelería y Tarjetería,0.23460483614217054,Papelería y Tarjetería
16215,FUNKY GIRLZ MAGNETIC TO DO LIST,3,8,5.2,0.65,22,,[],0,Sin regla,Papelería y Tarjetería,0.37949412180671355,Papelería y Tarjetería
16216,LETTER SHAPE PENCIL SHARPENER,89,4158,371.64,0.22,22,Papelería y Tarjetería,['Papelería y Tarjetería'],1,Papelería y Tarjetería,Papelería y Tarjetería,1.9092686580041183,Papelería y Tarjetería
16218,CARTOON PENCIL SHARPENERS,98,4629,448.13,0.45,22,Papelería y Tarjetería,['Papelería y Tarjetería'],1,Papelería y Tarjetería,Papelería y Tarjetería,2.60460199263317,Papelería y Tarjetería
16219,HOUSE SHAPE PENCIL SHARPENER,128,3357,499.55,0.56,22,Papelería y Tarjetería,['Papelería y Tarjetería'],1,Papelería y Tarjetería,Papelería y Tarjetería,1.931017700109655,Papelería y Tarjetería
16225,RATTLE SNAKE EGGS,166,1520,1271.66,1.56,22,,[],0,Sin regla,Papelería y Tarjetería,0.6297534349053248,Papelería y Tarjetería
16235,RECYCLED PENCIL WITH RABBIT ERASER,314,5827,1333.95,0.31,22,Papelería y Tarjetería,['Papelería y Tarjetería'],1,Papelería y Tarjetería,Papelería y Tarjetería,1.7032124682673055,Papelería y Tarjetería
16236,KITTY PENCIL ERASERS,265,2652,593.29,0.3,22,Papelería y Tarjetería,['Papelería y Tarjetería'],1,Papelería y Tarjetería,Papelería y Tarjetería,2.1360852877367122,Papelería y Tarjetería
16237,SLEEPING CAT ERASERS,585,10385,2233.15,0.3,22,,[],0,Sin regla,Papelería y Tarjetería,0.42274078555852657,Papelería y Tarjetería
16238,PARTY TIME PENCIL ERASERS,237,2447,559.54,0.31,22,Papelería y Tarjetería,['Papelería y Tarjetería'],1,Papelería y Tarjetería,Papelería y Tarjetería,1.8149902162357887,Papelería y Tarjetería
16239,BALLERINA HEART DECORATION,21,347,492.17,2.66,1,Decoración del Hogar,['Decoración del Hogar'],1,Decoración del Hogar,Decoración del Hogar,1.9739692934621438,Decoración del Hogar
16243B,BROWN COZY SQUARE PHOTO ALBUM,8,212,441.77,5.5,33,Marcos y Fotografía,['Marcos y Fotografía'],1,Marcos y Fotografía,Marcos y Fotografía,1.97766639192626,Marcos y Fotografía
16244A,MAXWELL 2 TONE PINK 60 PAGE PHOTO A,28,186,479.41,4.07,22,,[],0,Sin regla,Marcos y Fotografía,0.7082655051534825,Marcos y Fotografía
16244B,MAXWELL 2 TONE BLUE 60 PAGE PHOTO A,29,345,765.02,3.87,22,,[],0,Sin regla,Marcos y Fotografía,0.7137973800523882,Marcos y Fotografía
16245A,PINK MINI STATIONERY SET W CASE,7,11,13.75,1.25,22,Papelería y Tarjetería,['Papelería y Tarjetería'],1,Papelería y Tarjetería,Papelería y Tarjetería,1.9591703079396712,Papelería y Tarjetería
16248B,BLUE HOLE PUNCH,12,81,101.25,1.25,22,,[],0,Sin regla,Bolsos y Carteras,0.03935822772947328,Sin clasificar
16254,TRANSPARENT ACRYLIC TAPE DISPENSER,41,941,305.66,1.27,22,,[],0,Sin regla,Decoración del Hogar,0.09021255544578544,Sin clasificar
16256B,FLOWER PENCIL RUBBER 5 MINI PENCILS,36,524,232.35,0.58,36,Papelería y Tarjetería,['Papelería y Tarjetería'],1,Papelería y Tarjetería,Papelería y Tarjetería,2.414654620975296,Papelería y Tarjetería
16256C,HEARTS PENCIL RUBBER 5 MINI PENCILS,10,169,70.98,0.42,22,Papelería y Tarjetería,['Papelería y Tarjetería'],1,Papelería y Tarjetería,Papelería y Tarjetería,2.389601791564142,Papelería y Tarjetería
16258A,SWIRLY CIRCULAR RUBBERS IN BAG,103,1063,375.93,0.52,6,Bolsos y Carteras,['Bolsos y Carteras'],1,Bolsos y Carteras,Bolsos y Carteras,1.8955685219571312,Bolsos y Carteras
16258B,DAISY ERASERS IN BAG,16,1016,221.06,0.36,6,Bolsos y Carteras,['Bolsos y Carteras'],1,Bolsos y Carteras,Bolsos y Carteras,1.3463158391473486,Bolsos y Carteras
16259,PIECE OF CAMO STATIONERY SET,55,5473,766.09,0.15,22,Papelería y Tarjetería,['Papelería y Tarjetería'],1,Papelería y Tarjetería,Papelería y Tarjetería,1.8157260896967853,Papelería y Tarjetería
17001,HEAVENS SCENT FRAGRANCE OILS ASSTD,23,1211,299.35,0.28,22,,[],0,Sin regla,Papelería y Tarjetería,0.23216405161990078,Papelería y Tarjetería
17003,BROCADE RING PURSE,462,70369,14766.42,0.3,22,Bolsos y Carteras,['Bolsos y Carteras'],1,Bolsos y Carteras,Bolsos y Carteras,2.0573619657579147,Bolsos y Carteras
17007B,S 3 POT POURI CUSHIONS BLUE COLOURS,7,34,71.4,2.1,22,Textiles del Hogar,['Textiles del Hogar'],1,Textiles del Hogar,Textiles del Hogar,1.8949142590996422,Textiles del Hogar
17011A,ORIGAMI VANILLA INCENSE FLOWER,12,261,179.56,2.77,36,,[],0,Sin regla,Velas e Iluminación,0.9587841845737969,Velas e Iluminación
17011B,ORIGAMI JASMINE INCENSE FLOWER,2,19,11.1,1.2,36,,[],0,Sin regla,Velas e Iluminación,0.5568210953891216,Velas e Iluminación
17011C,ORIGAMI LAVENDER INCENSE FLOWER,2,335,221.4,2.48,36,,[],0,Sin regla,Velas e Iluminación,0.7721290590415045,Velas e Iluminación
17011D,ORIGAMI ROSE INCENSE FLOWER,4,209,135.7,1.84,36,,[],0,Sin regla,Velas e Iluminación,0.6948367118476871,Velas e Iluminación
17011E,ORIGAMI OPIUM SCENT INCENSE FLOWER,1,124,80.6,0.65,36,,[],0,Sin regla,Velas e Iluminación,0.7246276781683179,Velas e Iluminación
17011F,ORIGAMI SANDLEWOOD INCENSE FLOWER,20,385,336.2,2.12,36,,[],0,Sin regla,Velas e Iluminación,0.7731908495222477,Velas e Iluminación
17012A,ORIGAMI VANILLA INCENSE CANDLE SET,96,726,806.16,2.23,35,Velas e Iluminación,['Velas e Iluminación'],1,Velas e Iluminación,Velas e Iluminación,2.2345565091409156,Velas e Iluminación
17012B,ORIGAMI JASMINE INCENSE CANDLE SET,126,721,867.45,2.19,35,Velas e Iluminación,['Velas e Iluminación'],1,Velas e Iluminación,Velas e Iluminación,1.816907010294441,Velas e Iluminación
17012C,ORIGAMI LAVENDER INCENSE CANDL SET,113,856,950.4,2.02,22,,[],0,Sin regla,Velas e Iluminación,1.248789576004282,Velas e Iluminación
17012D,ORIGAMI ROSE INCENSE CANDLE SET,116,520,658.72,1.95,35,Velas e Iluminación,['Velas e Iluminación'],1,Velas e Iluminación,Velas e Iluminación,2.0969851101879895,Velas e Iluminación
17012E,ORIGAMI OPIUM INCENSE CANDLE SET,29,263,296.79,2.49,35,Velas e Iluminación,['Velas e Iluminación'],1,Velas e Iluminación,Velas e Iluminación,1.8999732561278564,Velas e Iluminación
17012F,ORIGAMI SANDLEWOOD INCENSE CAND SET,107,586,680.65,1.88,22,,[],0,Sin regla,Velas e Iluminación,1.1488013879061605,Velas e Iluminación
17013B,ORIGAMI JASMINE INCENSE IN TUBE,3,256,221.03,1.71,22,,[],0,Sin regla,Velas e Iluminación,0.2546937027452726,Velas e Iluminación
17013C,ORIGAMI LAVENDER INCENSE IN TUBE,2,213,89.46,0.42,22,,[],0,Sin regla,Velas e Iluminación,0.38014075487291416,Velas e Iluminación
17013D,ORIGAMI ROSE INCENSE IN TUBE,31,1068,572.4,1.71,22,,[],0,Sin regla,Velas e Iluminación,0.2843419740254666,Velas e Iluminación
17013F,ORIGAMI SANDLEWOOD INCENSE IN TUBE,5,62,26.7,1.38,22,,[],0,Sin regla,Velas e Iluminación,0.4647722090651225,Velas e Iluminación
17014A,ORIGAMI VANILLA INCENSE CONES,16,276,170.13,1.66,22,,[],0,Sin regla,Velas e Iluminación,0.9566848461412325,Velas e Iluminación
17014C,ORIGAMI LAVENDER INCENSE CONES,2,97,43.75,1.92,22,,[],0,Sin regla,Velas e Iluminación,0.7697441544505486,Velas e Iluminación
17014D,ORIGAMI ROSE INCENSE CONES,9,479,204.36,1.8,22,,[],0,Sin regla,Velas e Iluminación,0.6994065400315923,Velas e Iluminación
17014E,ORIGAMI OPIUM INCENSE CONES,6,95,36.6,1.42,22,,[],0,Sin regla,Velas e Iluminación,0.5946938212161826,Velas e Iluminación
17014F,ORIGAMI SANDLEWOOD INCENSE CONES,4,61,23.7,1.31,22,,[],0,Sin regla,Velas e Iluminación,0.7154297754255591,Velas e Iluminación
17021,NAMASTE SWAGAT INCENSE,83,3720,984.24,0.29,22,,[],0,Sin regla,Velas e Iluminación,0.1778231776987802,Sin clasificar
17027A,INCENSE BAZAAR CANNABIS,2,228,84.84,0.36,22,,[],0,Sin regla,Velas e Iluminación,0.6424992134380644,Velas e Iluminación
17028J,INCENSE BAZAAR PEACH,1,6,2.52,0.42,22,,[],0,Sin regla,Velas e Iluminación,0.2943453347013488,Velas e Iluminación
17033,BROCADE PURSE SMALL ARCH BUTTON,69,3280,867.84,0.29,22,Bolsos y Carteras,['Bolsos y Carteras'],1,Bolsos y Carteras,Bolsos y Carteras,1.9206320632996694,Bolsos y Carteras
17038,PORCELAIN BUDAH INCENSE HOLDER,55,2559,254.51,0.43,22,,[],0,Sin regla,Velas e Iluminación,1.0146008534979847,Velas e Iluminación
17039,INLAID WOOD INCENSE HOLDER,43,3707,837.88,0.38,22,,[],0,Sin regla,Velas e Iluminación,0.506689022457029,Velas e Iluminación
17061,ASSORTED SHAPED STENCIL FOR HENNA,1,52,2.08,0.04,22,,[],0,Sin regla,Papelería y Tarjetería,0.3366049799045469,Papelería y Tarjetería
17084A,TRANQUILITY MASALA INCENSE,18,442,92.82,0.21,22,,[],0,Sin regla,Velas e Iluminación,0.23778194433154753,Velas e Iluminación
17084G,MOON INCENSE,2,50,10.5,0.21,22,,[],0,Sin regla,Velas e Iluminación,0.42353218426145567,Velas e Iluminación
17084J,LOVE POTION MASALA INCENSE,20,456,95.76,0.21,31,,[],0,Sin regla,Velas e Iluminación,0.4272486857448957,Velas e Iluminación
17084N,FAIRY DREAMS INCENSE,187,2768,640.26,0.35,19,,[],0,Sin regla,Velas e Iluminación,0.6281167960252239,Velas e Iluminación
17084P,DRAGONS BLOOD INCENSE,70,990,222.75,0.34,22,,[],0,Sin regla,Velas e Iluminación,0.2776320656215261,Velas e Iluminación
17084R,ASSORTED INCENSE PACK,66,10625,1968.45,0.2,22,,[],0,Sin regla,Velas e Iluminación,0.13734800017484988,Sin clasificar
17090A,LAVENDER INCENSE 40 CONES IN TIN,26,173,182.65,1.2,22,,[],0,Sin regla,Velas e Iluminación,0.37182858781483097,Velas e Iluminación
17090D,VANILLA INCENSE 40 CONES IN TIN,30,88,105.2,1.24,22,,[],0,Sin regla,Velas e Iluminación,0.565045542523611,Velas e Iluminación
17091A,LAVENDER INCENSE IN TIN,117,2085,1285.89,1.03,22,,[],0,Sin regla,Velas e Iluminación,0.41772526524488374,Velas e Iluminación
17091B,JASMINE TEA INCENSE IN TIN,52,276,316.98,1.42,26,,[],0,Sin regla,Cocina y Mesa,0.35489401107892554,Cocina y Mesa
17091F,SANDALWOOD INCENSE IN TIN,8,19,27.71,1.58,22,,[],0,Sin regla,Cocina y Mesa,0.1672480911324068,Sin clasificar
17091J,VANILLA INCENSE IN TIN,183,3964,2204.35,0.9,22,,[],0,Sin regla,Velas e Iluminación,0.6293019874757647,Velas e Iluminación
17096,ASSORTED LAQUERED INCENSE HOLDERS,76,6240,1117.09,0.32,22,,[],0,Sin regla,Velas e Iluminación,0.36788738670193355,Velas e Iluminación
17107D,FLOWER FAIRY 5 SUMMER B DRAW LINERS,88,315,803.25,2.55,36,,[],0,Sin regla,Velas e Iluminación,0.1229314127106017,Sin clasificar
17108D,FLOWER FAIRY SUMMER BOUQUET SACHET,23,355,149.1,0.42,36,,[],0,Sin regla,Joyería y Bijouterie,0.08424871328782157,Sin clasificar
17109A,FLOWER FAIRY INCENSE LILY,13,709,333.61,1.19,36,,[],0,Sin regla,Velas e Iluminación,0.5113829503087891,Velas e Iluminación
17109B,FLOWER FAIRY INCENSE LAVENDER,17,4542,896.34,1.32,36,,[],0,Sin regla,Velas e Iluminación,0.7991020464939215,Velas e Iluminación
17109C,FLOWER FAIRY INCENSE ROSE,15,3124,661.23,1.24,36,,[],0,Sin regla,Velas e Iluminación,0.6810670479193699,Velas e Iluminación
17109D,FLOWER FAIRY INCENSE BOUQUET,39,1257,598.31,1.41,36,,[],0,Sin regla,Velas e Iluminación,0.5142781125475553,Velas e Iluminación
17129C,SKY BLUE COLOUR GLASS GEMS IN BAG,11,86,57.98,0.83,6,Bolsos y Carteras,['Bolsos y Carteras'],1,Bolsos y Carteras,Bolsos y Carteras,1.8685622449389925,Bolsos y Carteras
17129D,CLEAR COLOUR GLASS GEMS IN BAG,39,1125,1351.18,1.21,6,Bolsos y Carteras,['Bolsos y Carteras'],1,Bolsos y Carteras,Bolsos y Carteras,1.8991712643904464,Bolsos y Carteras
17129F,BLUE GLASS GEMS IN BAG,146,1580,1684.58,1.4,6,Bolsos y Carteras,['Bolsos y Carteras'],1,Bolsos y Carteras,Bolsos y Carteras,1.94716360292746,Bolsos y Carteras
17136A,BLUE STONES ON WIRE FOR CANDLE,34,743,61.78,0.11,35,Velas e Iluminación,['Velas e Iluminación'],1,Velas e Iluminación,Velas e Iluminación,1.1025455449867163,Velas e Iluminación
17164B,ASS COL SMALL SAND GECKO P WEIGHT,82,1620,646.56,0.42,22,,[],0,Sin regla,Cocina y Mesa,0.08067990081754195,Sin clasificar
17164D,ASS COL SMALL SAND FROG P WEIGHT,31,1150,447.0,0.42,22,,[],0,Sin regla,Cocina y Mesa,0.09351892830505237,Sin clasificar
17165B,ASS COL LARGE SAND GECKO P WEIGHT,61,810,751.68,1.03,22,,[],0,Sin regla,Cocina y Mesa,0.03354278979924774,Sin clasificar
17165D,ASS COL LARGE SAND FROG P WEIGHT,93,716,682.32,1.03,22,,[],0,Sin regla,Cocina y Mesa,0.05778641595030898,Sin clasificar
17174,ASSTD RASTA KEY CHAINS,7,36,15.12,0.42,22,,[],0,Sin regla,Joyería y Bijouterie,0.3792999382286891,Joyería y Bijouterie
17178,FLAT PALM T LIGHT HOLDER,25,133,156.65,1.23,15,Velas e Iluminación,['Velas e Iluminación'],1,Velas e Iluminación,Velas e Iluminación,1.918459936489297,Velas e Iluminación
17181,CIRCLE OF FRIENDS CANDLE HOLDER,67,353,642.66,3.77,35,Velas e Iluminación,['Velas e Iluminación'],1,Velas e Iluminación,Velas e Iluminación,1.7127238843775432,Velas e Iluminación
17191A,ROSE FLOWER CANDLE INCENSE 16X16CM,12,33,123.75,3.75,36,Velas e Iluminación,['Velas e Iluminación'],1,Velas e Iluminación,Velas e Iluminación,1.9337515440647728,Velas e Iluminación
18007,ESSENTIAL BALM 3 5G TIN IN ENVELOPE,74,11396,1043.22,0.24,22,Papelería y Tarjetería,['Papelería y Tarjetería'],1,Papelería y Tarjetería,Papelería y Tarjetería,1.6585122899517941,Papelería y Tarjetería
18010,ASSORTED FRAGRANCE BATH CONFETTI,9,64,30.16,0.56,22,,[],0,Sin regla,Decoración del Hogar,0.26856500930523497,Decoración del Hogar
18094C,WHITE AND BLUE CERAMIC OIL BURNER,98,433,600.66,1.89,22,,[],0,Sin regla,Cocina y Mesa,0.19258874541898136,Sin clasificar
18096C,WHITE ROUND PORCELAIN TLIGHT HOLDER,26,125,339.84,3.84,22,Velas e Iluminación,['Velas e Iluminación'],1,Velas e Iluminación,Velas e Iluminación,1.8182935245677951,Velas e Iluminación
18097A,PINK TALL PORCELAIN T LIGHT HOLDER,12,17,43.35,2.55,15,Velas e Iluminación,['Velas e Iluminación'],1,Velas e Iluminación,Velas e Iluminación,1.9982968275476563,Velas e Iluminación
18097B,BLUE TALL PORCELAIN T LIGHT HOLDER,4,7,17.85,2.55,15,Velas e Iluminación,['Velas e Iluminación'],1,Velas e Iluminación,Velas e Iluminación,1.9882623350508997,Velas e Iluminación
18097C,WHITE TALL PORCELAIN T LIGHT HOLDER,212,1763,3924.92,2.83,15,Velas e Iluminación,['Velas e Iluminación'],1,Velas e Iluminación,Velas e Iluminación,1.9493998892553983,Velas e Iluminación
18098A,PINK PORCELAIN B FLY OIL BURNER,2,2,5.9,2.95,22,,[],0,Sin regla,Velas e Iluminación,0.0670624792701564,Sin clasificar
18098B,BLUE PORCELAIN B FLY OIL BURNER,3,3,8.85,2.95,22,,[],0,Sin regla,Velas e Iluminación,0.060229513045975014,Sin clasificar
18098C,PORCELAIN BUTTERFLY OIL BURNER,378,1515,4710.74,3.91,22,,[],0,Sin regla,Velas e Iluminación,0.2304954021038732,Velas e Iluminación
20615,BLUE POLKADOT PASSPORT COVER,196,637,1077.81,2.63,22,,[],0,Sin regla,Cocina y Mesa,0.12342176715734843,Sin clasificar
20616,CHERRY BLOSSOM PASSPORT COVER,121,283,449.26,2.1,22,,[],0,Sin regla,Textiles del Hogar,0.07482262922017358,Sin clasificar
20617,FIRST CLASS PASSPORT COVER,105,498,992.99,2.4,22,,[],0,Sin regla,Textiles del Hogar,0.15130236852449708,Sin clasificar
20618,QUEEN OF THE SKIES PASSPORT COVER,137,297,648.54,2.28,22,,[],0,Sin regla,Textiles del Hogar,0.10665979513893442,Sin clasificar
20619,TROPICAL PASSPORT COVER,194,578,1014.42,2.34,22,,[],0,Sin regla,Textiles del Hogar,0.28218427741617746,Textiles del Hogar
20620,RED SPOTTY PASSPORT COVER,14,15,61.76,4.1,22,,[],0,Sin regla,Cocina y Mesa,0.364193774223351,Cocina y Mesa
20621,ECONOMY PASSPORT COVER,33,207,451.67,2.36,22,,[],0,Sin regla,Textiles del Hogar,0.36752116078210173,Textiles del Hogar
20622,VIPPASSPORT COVER,128,582,1127.59,2.63,21,,[],0,Sin regla,Textiles del Hogar,0.4058010966723,Textiles del Hogar
20652,BLUE POLKADOT LUGGAGE TAG,173,1516,1027.29,1.41,22,,[],0,Sin regla,Cocina y Mesa,0.23147489672817234,Cocina y Mesa
20653,CHERRY BLOSSOM LUGGAGE TAG,81,2004,528.77,1.38,22,,[],0,Sin regla,Cajas y Almacenamiento,0.026785814868406366,Sin clasificar
20654,FIRST CLASS LUGGAGE TAG,121,398,505.41,1.38,22,,[],0,Sin regla,Bolsos y Carteras,0.06729857440131326,Sin clasificar
20655,QUEEN OF SKIES LUGGAGE TAG,192,414,608.48,1.7,22,,[],0,Sin regla,Papelería y Tarjetería,0.09232213018194413,Sin clasificar
20657,TROPICAL LUGGAGE TAG,118,1877,726.47,1.32,22,,[],0,Sin regla,Papelería y Tarjetería,0.07396663638242329,Sin clasificar
20658,RED SPOTTY LUGGAGE TAG,358,1584,2251.36,1.68,22,,[],0,Sin regla,Cocina y Mesa,0.22653536677770214,Cocina y Mesa
20659,ECONOMY LUGGAGE TAG,140,369,533.51,1.57,22,,[],0,Sin regla,Bolsos y Carteras,0.025655249109948985,Sin clasificar
20660,VIP LUGGAGE TAG,27,71,88.75,1.25,22,,[],0,Sin regla,Bolsos y Carteras,0.04609762695024233,Sin clasificar
20661,BLUE SPOTTY PURSE,124,898,980.06,3.01,22,Bolsos y Carteras,['Bolsos y Carteras'],1,Bolsos y Carteras,Bolsos y Carteras,2.0591317558919,Bolsos y Carteras
20662,FIRST CLASS HOLIDAY PURSE,49,728,471.33,2.72,22,Bolsos y Carteras,['Bolsos y Carteras'],1,Bolsos y Carteras,Bolsos y Carteras,1.9495766384123545,Bolsos y Carteras
20663,QUEEN OF THE SKIES HOLIDAY PURSE,44,1074,369.41,2.58,22,Bolsos y Carteras,['Bolsos y Carteras'],1,Bolsos y Carteras,Bolsos y Carteras,1.9562475879661296,Bolsos y Carteras
20664,TROPICAL HOLIDAY PURSE,31,57,155.41,2.71,22,Bolsos y Carteras,['Bolsos y Carteras'],1,Bolsos y Carteras,Bolsos y Carteras,2.233157961322548,Bolsos y Carteras
20665,RED RETROSPOT PURSE,349,1335,4256.34,3.81,22,Bolsos y Carteras,['Bolsos y Carteras'],1,Bolsos y Carteras,Bolsos y Carteras,2.3828149215791994,Bolsos y Carteras
20666,ECONOMY HOLIDAY PURSE,46,911,412.45,2.41,22,Bolsos y Carteras,['Bolsos y Carteras'],1,Bolsos y Carteras,Bolsos y Carteras,2.2787633964806133,Bolsos y Carteras
20667,CHERRY BLOSSOM PURSE,24,40,108.69,2.64,22,Bolsos y Carteras,['Bolsos y Carteras'],1,Bolsos y Carteras,Bolsos y Carteras,1.8622042624230692,Bolsos y Carteras
20668,DISCO BALL CHRISTMAS DECORATION,372,20951,2454.88,0.17,1,Navidad,"['Navidad', 'Decoración del Hogar']",2,Navidad,Navidad,2.0775778451003477,Navidad
20669,RED HEART LUGGAGE TAG,220,797,1111.89,1.6,39,,[],0,Sin regla,Decoración del Hogar,0.057182038740284824,Sin clasificar
20670,VIP HOLIDAY PURSE,48,694,378.85,2.86,22,Bolsos y Carteras,['Bolsos y Carteras'],1,Bolsos y Carteras,Bolsos y Carteras,2.3774720147103396,Bolsos y Carteras
20671,BLUE TEATIME PRINT BOWL,143,786,1038.72,1.58,44,Cocina y Mesa,['Cocina y Mesa'],1,Cocina y Mesa,Cocina y Mesa,1.9575381684108657,Cocina y Mesa
20672,PINK TEATIME PRINT BOWL,36,138,201.0,1.75,44,Cocina y Mesa,['Cocina y Mesa'],1,Cocina y Mesa,Cocina y Mesa,1.9681853164250955,Cocina y Mesa
20673,STRAWBERRIES PRINT BOWL,2,5,6.25,1.25,44,Cocina y Mesa,['Cocina y Mesa'],1,Cocina y Mesa,Cocina y Mesa,1.9435111044746247,Cocina y Mesa
20674,GREEN POLKADOT BOWL,466,3412,4348.52,1.51,44,Cocina y Mesa,['Cocina y Mesa'],1,Cocina y Mesa,Cocina y Mesa,2.116812830467427,Cocina y Mesa
20675,BLUE POLKADOT BOWL,698,6465,8067.83,1.51,44,Cocina y Mesa,['Cocina y Mesa'],1,Cocina y Mesa,Cocina y Mesa,2.1498975721012625,Cocina y Mesa
20676,RED RETROSPOT BOWL,972,10475,13105.7,1.55,44,Cocina y Mesa,['Cocina y Mesa'],1,Cocina y Mesa,Cocina y Mesa,2.0881895485350332,Cocina y Mesa
20677,PINK POLKADOT BOWL,769,7774,9798.06,1.58,44,Cocina y Mesa,['Cocina y Mesa'],1,Cocina y Mesa,Cocina y Mesa,2.1740807397564783,Cocina y Mesa
20678,LARGE BLACK DIAMANTE HAIRSLIDE,1,4,6.6,1.65,22,,[],0,Sin regla,Cocina y Mesa,0.15670410453551653,Sin clasificar
20679,EDWARDIAN PARASOL RED,716,6149,30020.97,6.66,22,Jardín y Exterior,['Jardín y Exterior'],1,Jardín y Exterior,Jardín y Exterior,1.9789847067942845,Jardín y Exterior
20680,PINK FLOWERS CHILDS UMBRELLA,5,6,19.5,3.25,22,,[],0,Sin regla,Cocina y Mesa,0.23876090230712166,Cocina y Mesa
20681,PINK SPOTTY CHILDS UMBRELLA,343,1405,4757.15,3.85,22,,[],0,Sin regla,Cocina y Mesa,0.48387905843818224,Cocina y Mesa
20682,RED RETROSPOT CHILDRENS UMBRELLA,593,3068,10171.31,3.86,22,,[],0,Sin regla,Cocina y Mesa,0.5156869219532756,Cocina y Mesa
20683,RAIN GIRL CHILDS UMBRELLA,1,1,3.25,3.25,22,,[],0,Sin regla,Cocina y Mesa,0.20185196002943462,Cocina y Mesa
20684,STRAWBERRY DREAM CHILDS UMBRELLA,177,580,1910.06,3.58,22,,[],0,Sin regla,Cocina y Mesa,0.4854578304769376,Cocina y Mesa
20685,DOORMAT RED RETROSPOT,1728,9783,66417.47,8.4,22,Jardín y Exterior,['Jardín y Exterior'],1,Jardín y Exterior,Jardín y Exterior,1.9817656262849823,Jardín y Exterior
20686,DOLLY MIXTURE CHILDREN S UMBRELLA,186,590,2002.84,3.71,40,,[],0,Sin regla,Cocina y Mesa,0.3614384597086696,Cocina y Mesa
20688,BEAUTY SPEED EXPRESSO CUPS,11,464,332.9,6.0,22,Cocina y Mesa,['Cocina y Mesa'],1,Cocina y Mesa,Cocina y Mesa,1.739203835011243,Cocina y Mesa
20689,RETRO SISTERS EXPRESSO CUPS,41,429,614.1,6.18,22,Cocina y Mesa,['Cocina y Mesa'],1,Cocina y Mesa,Cocina y Mesa,1.8160289142733324,Cocina y Mesa
20692,FLORAL ELEPHANT SOFT TOY,141,908,3682.76,4.89,22,,[],0,Sin regla,Bolsos y Carteras,0.2957519505071402,Bolsos y Carteras
20693,FLORAL DINOSAUR GREEN,18,33,161.89,5.21,22,,[],0,Sin regla,Joyería y Bijouterie,0.14915912595189185,Sin clasificar
20694,FLORAL PINK MONSTER,55,166,622.33,4.4,22,,[],0,Sin regla,Pascua y Fiestas,0.041728666638679135,Sin clasificar
20695,FLORAL BLUE MONSTER,61,142,604.58,4.86,22,,[],0,Sin regla,Bolsos y Carteras,0.03516944840602054,Sin clasificar
20696,FLORAL SOFT CAR TOY,60,151,617.94,4.63,22,,[],0,Sin regla,Bolsos y Carteras,0.23489261395973726,Bolsos y Carteras
20697,LITTLE GREEN MONSTER SOFT TOY,21,40,96.6,2.51,22,,[],0,Sin regla,Papelería y Tarjetería,0.15331137649124066,Sin clasificar
20698,LITTLE PINK MONSTER SOFT TOY,22,47,114.45,2.51,22,,[],0,Sin regla,Papelería y Tarjetería,0.1382591120798084,Sin clasificar
20699,MOUSEY LONG LEGS SOFT TOY,89,294,797.96,3.06,22,,[],0,Sin regla,Bolsos y Carteras,0.06374277754687285,Sin clasificar
20700,GREEN CAT FLORAL CUSHION COVER,103,420,1125.05,5.42,21,Textiles del Hogar,['Textiles del Hogar'],1,Textiles del Hogar,Textiles del Hogar,2.084073892033075,Textiles del Hogar
20701,PINK CAT FLORAL CUSHION COVER,50,353,721.49,4.42,21,Textiles del Hogar,['Textiles del Hogar'],1,Textiles del Hogar,Textiles del Hogar,1.975861658231263,Textiles del Hogar
20702,PINK PADDED MOBILE,248,782,3296.7,4.3,22,Decoración del Hogar,['Decoración del Hogar'],1,Decoración del Hogar,Decoración del Hogar,1.9201207004565166,Decoración del Hogar
20703,BLUE PADDED SOFT MOBILE,169,471,1993.47,4.26,22,Decoración del Hogar,['Decoración del Hogar'],1,Decoración del Hogar,Decoración del Hogar,1.8679454645185334,Decoración del Hogar
20704,MR ROBOT SOFT TOY,80,361,1371.42,6.37,22,,[],0,Sin regla,Cocina y Mesa,0.12116992623459677,Sin clasificar
20705,MRS ROBOT SOFT TOY,53,273,996.19,5.43,22,,[],0,Sin regla,Cocina y Mesa,0.11894709566178224,Sin clasificar
20707,CRAZY DAISY HEART DECORATION,200,1613,1243.68,1.22,1,Decoración del Hogar,['Decoración del Hogar'],1,Decoración del Hogar,Decoración del Hogar,2.1564227850193496,Decoración del Hogar
20711,JUMBO BAG TOYS,1055,12643,25719.13,2.73,6,Bolsos y Carteras,['Bolsos y Carteras'],1,Bolsos y Carteras,Bolsos y Carteras,2.3479624289038163,Bolsos y Carteras
20712,JUMBO BAG WOODLAND ANIMALS,1428,17710,37499.37,2.74,6,Bolsos y Carteras,['Bolsos y Carteras'],1,Bolsos y Carteras,Bolsos y Carteras,1.8937129634196936,Bolsos y Carteras
20713,JUMBO BAG OWLS,1325,20814,40667.05,2.58,6,Bolsos y Carteras,['Bolsos y Carteras'],1,Bolsos y Carteras,Bolsos y Carteras,2.2138089371601524,Bolsos y Carteras
20714,POSY SHOPPER BAG,28,1580,649.82,0.95,6,Bolsos y Carteras,['Bolsos y Carteras'],1,Bolsos y Carteras,Bolsos y Carteras,2.675982286999121,Bolsos y Carteras
20715,LITTLE FLOWER SHOPPER BAG,1,400,424.0,1.06,6,Bolsos y Carteras,['Bolsos y Carteras'],1,Bolsos y Carteras,Bolsos y Carteras,2.386490905662859,Bolsos y Carteras
20716,PARTY FOOD SHOPPER BAG,249,1533,1925.04,1.44,6,Bolsos y Carteras,['Bolsos y Carteras'],1,Bolsos y Carteras,Bolsos y Carteras,1.8179335128911278,Bolsos y Carteras
20717,STRAWBERRY SHOPPER BAG,765,6296,7767.48,1.59,6,Bolsos y Carteras,['Bolsos y Carteras'],1,Bolsos y Carteras,Bolsos y Carteras,2.61548537716635,Bolsos y Carteras
20718,RED RETROSPOT SHOPPER BAG,1218,13353,17457.35,1.66,6,Bolsos y Carteras,['Bolsos y Carteras'],1,Bolsos y Carteras,Bolsos y Carteras,2.6220586363868574,Bolsos y Carteras
20719,WOODLAND CHARLOTTE BAG,1582,24479,27598.42,1.15,6,Bolsos y Carteras,['Bolsos y Carteras'],1,Bolsos y Carteras,Bolsos y Carteras,2.240253313488696,Bolsos y Carteras
20721,OWLS CHARLOTTE BAG,1,1,0.85,0.85,6,Bolsos y Carteras,['Bolsos y Carteras'],1,Bolsos y Carteras,Bolsos y Carteras,2.1402377864245428,Bolsos y Carteras
20723,STRAWBERRY CHARLOTTE BAG,1387,18296,20401.05,1.14,6,Bolsos y Carteras,['Bolsos y Carteras'],1,Bolsos y Carteras,Bolsos y Carteras,2.192694759339121,Bolsos y Carteras
20724,RED RETROSPOT CHARLOTTE BAG,2053,32197,35190.21,1.1,6,Bolsos y Carteras,['Bolsos y Carteras'],1,Bolsos y Carteras,Bolsos y Carteras,2.142293468987595,Bolsos y Carteras
20725,LUNCH BAG RED RETROSPOT,3090,40317,71106.29,2.05,6,Bolsos y Carteras,['Bolsos y Carteras'],1,Bolsos y Carteras,Bolsos y Carteras,2.158091482783246,Bolsos y Carteras
20726,LUNCH BAG WOODLAND,1950,22118,38506.74,2.11,6,Bolsos y Carteras,['Bolsos y Carteras'],1,Bolsos y Carteras,Bolsos y Carteras,2.1884705322469062,Bolsos y Carteras
20727,LUNCH BAG BLACK SKULL,2402,26678,45655.27,2.02,6,Bolsos y Carteras,['Bolsos y Carteras'],1,Bolsos y Carteras,Bolsos y Carteras,1.9528712902520526,Bolsos y Carteras
20728,LUNCH BAG CARS BLUE,2091,24596,42270.3,1.97,6,Bolsos y Carteras,['Bolsos y Carteras'],1,Bolsos y Carteras,Bolsos y Carteras,2.5613328698955766,Bolsos y Carteras
20729,RED SPOTTY CANDY BAG,121,5262,1778.12,1.4,6,Bolsos y Carteras,['Bolsos y Carteras'],1,Bolsos y Carteras,Bolsos y Carteras,1.9310620598973354,Bolsos y Carteras
20730,STRAWBERRY CANDY BAG,102,2218,1011.7,1.09,6,Bolsos y Carteras,['Bolsos y Carteras'],1,Bolsos y Carteras,Bolsos y Carteras,1.9100090272065384,Bolsos y Carteras
20731,POSY CANDY BAG,73,4142,1252.92,1.4,6,Bolsos y Carteras,['Bolsos y Carteras'],1,Bolsos y Carteras,Bolsos y Carteras,1.9728730163547834,Bolsos y Carteras
20733,GOLD MINI TAPE MEASURE,295,1927,1452.2,0.85,22,,[],0,Sin regla,Cocina y Mesa,0.13232206568355293,Sin clasificar
20734,SILVER MINI TAPE MEASURE,118,1592,1470.62,1.32,22,,[],0,Sin regla,Cocina y Mesa,0.22519773169776247,Cocina y Mesa
20735,BLACK MINI TAPE MEASURE,202,1515,1540.29,1.21,22,,[],0,Sin regla,Cocina y Mesa,0.31214369200693404,Cocina y Mesa
20736,PINK MINI TAPE MEASURE,19,290,233.5,0.84,22,,[],0,Sin regla,Cocina y Mesa,0.21079600867492188,Cocina y Mesa
20737,RED MINI TAPE MEASURE,1,1,1.7,1.7,22,,[],0,Sin regla,Cocina y Mesa,0.21031180539181327,Cocina y Mesa
20738,GREEN MINI TAPE MEASURE,74,1610,1301.72,0.95,22,,[],0,Sin regla,Cocina y Mesa,0.20358300166697207,Cocina y Mesa
20739,USB OFFICE GLITTER LAMP,1,1,8.65,8.65,22,,[],0,Sin regla,Velas e Iluminación,0.08190998530754312,Sin clasificar
20747,PICCADILLY TEA SET,108,683,9224.92,15.72,26,Cocina y Mesa,['Cocina y Mesa'],1,Cocina y Mesa,Cocina y Mesa,1.7092226196523472,Cocina y Mesa
20748,KENSINGTON COFFEE SET,183,1600,14266.98,12.38,9,,[],0,Sin regla,Cocina y Mesa,1.011402961707351,Cocina y Mesa
20749,ASSORTED COLOUR MINI CASES,770,3062,22097.61,8.09,22,,[],0,Sin regla,Cocina y Mesa,0.7423191969583551,Cocina y Mesa
20750,RED RETROSPOT MINI CASES,914,3688,26866.63,8.11,22,,[],0,Sin regla,Cocina y Mesa,0.9695855474405599,Cocina y Mesa
20751,FUNKY WASHING UP GLOVES ASSORTED,494,2839,6023.26,2.32,22,,[],0,Sin regla,Cocina y Mesa,0.10460891549139661,Sin clasificar
20752,BLUE POLKADOT WASHING UP GLOVES,358,1500,2868.2,2.38,22,,[],0,Sin regla,Cocina y Mesa,0.37107300071296284,Cocina y Mesa
20753,RETRO PINK SPOT WASHING UP GLOVES,56,218,509.0,2.66,22,,[],0,Sin regla,Cocina y Mesa,0.43158905696428773,Cocina y Mesa
20754,RETROSPOT RED WASHING UP GLOVES,858,5094,10444.82,2.49,22,,[],0,Sin regla,Cocina y Mesa,0.2842333216670244,Cocina y Mesa
20755,BLUE PAISLEY POCKET BOOK,122,5145,1089.73,0.91,9,,[],0,Sin regla,Papelería y Tarjetería,0.101907699578478,Sin clasificar
20756,GREEN FERN POCKET BOOK,64,5728,851.56,0.81,22,,[],0,Sin regla,Papelería y Tarjetería,0.13273299972781827,Sin clasificar
20757,RED DAISY POCKET BOOK,79,5347,890.7,0.84,22,,[],0,Sin regla,Cajas y Almacenamiento,0.1974898340747615,Sin clasificar
20758,ABSTRACT CIRCLES POCKET BOOK,97,5425,953.42,0.82,22,,[],0,Sin regla,Cajas y Almacenamiento,0.16656953770777738,Sin clasificar
20759,CHRYSANTHEMUM POCKET BOOK,63,5777,891.13,0.77,22,,[],0,Sin regla,Papelería y Tarjetería,0.13316812307921028,Sin clasificar
20760,GARDEN PATH POCKET BOOK,82,5550,1313.66,0.79,42,Jardín y Exterior,['Jardín y Exterior'],1,Jardín y Exterior,Jardín y Exterior,1.9026174553601498,Jardín y Exterior
20761,BLUE PAISLEY SKETCHBOOK,147,458,1422.46,4.01,9,,[],0,Sin regla,Cocina y Mesa,0.009155919914406008,Sin clasificar
20762,GREEN FERN SKETCHBOOK,136,458,1343.79,3.84,22,,[],0,Sin regla,Papelería y Tarjetería,0.053253535486327885,Sin clasificar
20763,DAISY SKETCHBOOK,74,267,702.86,3.81,22,,[],0,Sin regla,Cocina y Mesa,0.21741776216296482,Cocina y Mesa
20764,ABSTRACT CIRCLES SKETCHBOOK,194,685,2134.76,4.18,22,,[],0,Sin regla,Cocina y Mesa,0.4760102880602715,Cocina y Mesa
20765,CHRYSANTHEMUM SKETCHBOOK,147,442,1265.06,3.9,22,,[],0,Sin regla,Papelería y Tarjetería,0.14554999947554592,Sin clasificar
20766,GARDEN PATH SKETCHBOOK,157,518,1548.47,3.95,42,Jardín y Exterior,['Jardín y Exterior'],1,Jardín y Exterior,Jardín y Exterior,1.983375816406948,Jardín y Exterior
20767,BLUE PAISLEY JOURNAL,179,812,1741.61,2.68,9,Papelería y Tarjetería,['Papelería y Tarjetería'],1,Papelería y Tarjetería,Papelería y Tarjetería,1.8102710560503783,Papelería y Tarjetería
20768,GREEN FERN JOURNAL,149,767,1534.19,2.56,22,Papelería y Tarjetería,['Papelería y Tarjetería'],1,Papelería y Tarjetería,Papelería y Tarjetería,1.7950113006461932,Papelería y Tarjetería
20769,DAISY JOURNAL,80,438,808.81,2.56,22,Papelería y Tarjetería,['Papelería y Tarjetería'],1,Papelería y Tarjetería,Papelería y Tarjetería,1.859452836220332,Papelería y Tarjetería
20770,ABSTRACT CIRCLE JOURNAL,202,1045,2190.59,2.47,22,Papelería y Tarjetería,['Papelería y Tarjetería'],1,Papelería y Tarjetería,Papelería y Tarjetería,1.6819748862121808,Papelería y Tarjetería
20771,CHRYSANTHEMUM JOURNAL,140,606,1201.68,2.57,22,Papelería y Tarjetería,['Papelería y Tarjetería'],1,Papelería y Tarjetería,Papelería y Tarjetería,1.8273597955569674,Papelería y Tarjetería
20772,GARDEN PATH JOURNAL,162,970,1848.73,2.51,42,Jardín y Exterior,"['Jardín y Exterior', 'Papelería y Tarjetería']",2,Jardín y Exterior,Jardín y Exterior,1.9065811077698358,Jardín y Exterior
20773,BLUE PAISLEY NOTEBOOK,120,3339,963.98,1.74,41,Papelería y Tarjetería,['Papelería y Tarjetería'],1,Papelería y Tarjetería,Papelería y Tarjetería,2.0745110460843508,Papelería y Tarjetería
20774,GREEN FERN NOTEBOOK,120,3484,962.48,1.74,41,Papelería y Tarjetería,['Papelería y Tarjetería'],1,Papelería y Tarjetería,Papelería y Tarjetería,2.04195616259661,Papelería y Tarjetería
20775,DAISY NOTEBOOK,113,3604,926.54,1.74,41,Papelería y Tarjetería,['Papelería y Tarjetería'],1,Papelería y Tarjetería,Papelería y Tarjetería,2.114991203646184,Papelería y Tarjetería
20776,ABSTRACT CIRCLES NOTEBOOK,85,3258,832.66,1.78,41,Papelería y Tarjetería,['Papelería y Tarjetería'],1,Papelería y Tarjetería,Papelería y Tarjetería,1.6137292792547862,Papelería y Tarjetería
20777,CHRYSANTHEMUM NOTEBOOK,170,3660,1262.7,1.78,41,Papelería y Tarjetería,['Papelería y Tarjetería'],1,Papelería y Tarjetería,Papelería y Tarjetería,1.9383733527078797,Papelería y Tarjetería
20778,GARDEN PATH NOTEBOOK,91,3611,944.36,1.81,41,Jardín y Exterior,"['Jardín y Exterior', 'Papelería y Tarjetería']",2,Jardín y Exterior,Jardín y Exterior,1.865414197717607,Jardín y Exterior
20780,BLACK EAR MUFF HEADPHONES,101,231,1333.96,6.9,22,,[],0,Sin regla,Cocina y Mesa,0.0799786920991219,Sin clasificar
20781,GOLD EAR MUFF HEADPHONES,61,103,579.93,6.38,22,,[],0,Sin regla,Joyería y Bijouterie,0.44258100535761036,Joyería y Bijouterie
20782,CAMOUFLAGE EAR MUFF HEADPHONES,87,155,995.48,6.87,22,,[],0,Sin regla,Joyería y Bijouterie,0.04270299364756891,Sin clasificar
20783,HEART EAR MUFF HEADPHONES,55,165,1051.4,7.65,39,,[],0,Sin regla,Decoración del Hogar,0.22435567402999135,Decoración del Hogar
20784,RED RETRO BAR STOOL,37,101,3570.87,36.43,22,,[],0,Sin regla,Cocina y Mesa,0.19596594331187456,Sin clasificar
20785,FUSCHIA RETRO BAR STOOL,37,102,3672.35,37.56,22,,[],0,Sin regla,Papelería y Tarjetería,0.021386087073476,Sin clasificar
20786,BLACK RETRO BAR STOOL,32,99,3533.9,36.88,22,,[],0,Sin regla,Cocina y Mesa,0.36078781564560014,Cocina y Mesa
20787,BLUE RETRO BAR STOOL,32,69,2535.1,38.02,22,,[],0,Sin regla,Cocina y Mesa,0.23003892830188144,Cocina y Mesa
20791,BLUE TILED SET OF 3 DRAWERS,1,5,63.75,12.75,22,,[],0,Sin regla,Cajas y Almacenamiento,0.28483915341623056,Cajas y Almacenamiento
20793,BLUE TILED TRAY,22,281,518.5,8.94,43,,[],0,Sin regla,Cocina y Mesa,0.1566230634888931,Sin clasificar
20794,BLUE TILE HOOK,49,212,591.02,3.44,22,,[],0,Sin regla,Cocina y Mesa,0.3162171344708068,Cocina y Mesa
20795,LARGE BLUE PROVENCAL CERAMIC BALL,29,135,308.7,2.96,22,,[],0,Sin regla,Cocina y Mesa,0.509737601278257,Cocina y Mesa
20796,SMALL BLUE PROVENCAL CERAMIC BALL,22,99,182.16,2.35,22,,[],0,Sin regla,Cocina y Mesa,0.5624353715412058,Cocina y Mesa
20798,CLEAR MILKSHAKE GLASS,85,551,1308.15,3.11,22,,[],0,Sin regla,Cocina y Mesa,0.44398953873935,Cocina y Mesa
20799,PINK MILKSHAKE GLASS,26,200,355.33,3.13,22,,[],0,Sin regla,Cocina y Mesa,0.4881686929046715,Cocina y Mesa
20800,LARGE GLASS SUNDAE DISH CLEAR,5,1005,303.96,3.62,34,,[],0,Sin regla,Cocina y Mesa,0.3643142544042555,Cocina y Mesa
20801,LARGE PINK GLASS SUNDAE DISH,115,1092,1422.0,2.21,34,,[],0,Sin regla,Cocina y Mesa,0.25605830751583464,Cocina y Mesa
20802,SMALL GLASS SUNDAE DISH CLEAR,116,1051,1596.81,2.1,34,,[],0,Sin regla,Cocina y Mesa,0.4649467690977474,Cocina y Mesa
20803,SMALL PINK GLASS SUNDAE DISH,84,1149,874.46,1.7,34,,[],0,Sin regla,Cocina y Mesa,0.31855335538641694,Cocina y Mesa
20804,GLASS CHICKEN BUTTER DISH,61,325,579.31,2.68,34,,[],0,Sin regla,Cocina y Mesa,0.00907873470964643,Sin clasificar
20812,EMBOSSED FLOWER TRELLIS PHOTO FRAME,3,5,12.75,2.55,33,Marcos y Fotografía,['Marcos y Fotografía'],1,Marcos y Fotografía,Marcos y Fotografía,1.7848340533124987,Marcos y Fotografía
20814,SILVER FINCH DECORATION,13,189,208.89,1.21,1,Decoración del Hogar,['Decoración del Hogar'],1,Decoración del Hogar,Decoración del Hogar,1.8968267892741288,Decoración del Hogar
20816,GOLD FLOWER CUSHION COVER,7,24,123.6,5.38,21,Textiles del Hogar,['Textiles del Hogar'],1,Textiles del Hogar,Textiles del Hogar,2.1720155349712784,Textiles del Hogar
20818,GOLD TEDDY BEAR,30,87,268.5,4.49,22,,[],0,Sin regla,Papelería y Tarjetería,0.2044170206551465,Papelería y Tarjetería
20819,SILVER TEDDY BEAR,65,228,631.49,3.89,22,,[],0,Sin regla,Papelería y Tarjetería,0.2408024980286541,Papelería y Tarjetería
20820,SILVER LOOKING MIRROR,8,11,54.45,4.95,20,"Espejos, Relojes y Arte de Pared","['Espejos, Relojes y Arte de Pared']",1,"Espejos, Relojes y Arte de Pared","Espejos, Relojes y Arte de Pared",2.001758621289762,"Espejos, Relojes y Arte de Pared"
20821,GOLDIE LOOKING MIRROR,25,42,286.42,7.88,20,"Espejos, Relojes y Arte de Pared","['Espejos, Relojes y Arte de Pared']",1,"Espejos, Relojes y Arte de Pared","Espejos, Relojes y Arte de Pared",2.026068751613243,"Espejos, Relojes y Arte de Pared"
20822,SILVER WINE GOBLET,1,2,9.3,4.65,22,,[],0,Sin regla,Decoración del Hogar,0.12142501487453994,Sin clasificar
20823,GOLD WINE GOBLET,19,253,533.71,3.65,22,,[],0,Sin regla,Joyería y Bijouterie,0.08387905001521123,Sin clasificar
20825,GOLD WINE GLASS,7,361,1255.08,6.83,22,,[],0,Sin regla,Decoración del Hogar,0.1470683750823284,Sin clasificar
20826,SILVER APERITIF GLASS,14,355,290.72,1.35,22,,[],0,Sin regla,Cocina y Mesa,0.18307275780625154,Sin clasificar
20827,GOLD APERITIF GLASS,8,173,209.36,1.63,22,,[],0,Sin regla,Cocina y Mesa,0.0739154059147924,Sin clasificar
20828,GLITTER BUTTERFLY CLIPS,624,4423,10940.48,2.94,22,,[],0,Sin regla,Velas e Iluminación,0.16499631375287016,Sin clasificar
20829,GLITTER HANGING BUTTERFLY STRING,491,4820,9825.02,2.42,22,,[],0,Sin regla,Decoración del Hogar,0.49120109549489444,Decoración del Hogar
20830,SILVER PHOTO FRAME,83,407,964.61,2.99,33,Marcos y Fotografía,['Marcos y Fotografía'],1,Marcos y Fotografía,Marcos y Fotografía,3.2471262691883647,Marcos y Fotografía
20831,GOLD PHOTO FRAME,80,474,927.96,2.72,33,Marcos y Fotografía,['Marcos y Fotografía'],1,Marcos y Fotografía,Marcos y Fotografía,3.2140723201453483,Marcos y Fotografía
20832,RED FLOCK LOVE HEART PHOTO FRAME,159,1681,1122.65,0.93,33,Marcos y Fotografía,['Marcos y Fotografía'],1,Marcos y Fotografía,Marcos y Fotografía,2.1293551600897183,Marcos y Fotografía
20833,SHAKER THROW QUILTED,5,52,811.8,27.63,22,Textiles del Hogar,['Textiles del Hogar'],1,Textiles del Hogar,Textiles del Hogar,2.3471376318344817,Textiles del Hogar
20835,FRENCH LATTICE CUSHION COVER,10,80,87.02,2.87,21,Textiles del Hogar,['Textiles del Hogar'],1,Textiles del Hogar,Textiles del Hogar,1.984894413038135,Textiles del Hogar
20836,FRENCH PAISLEY CUSHION COVER,22,224,250.0,1.12,21,Textiles del Hogar,['Textiles del Hogar'],1,Textiles del Hogar,Textiles del Hogar,2.2185457174491647,Textiles del Hogar
20837,FRENCH FLORAL CUSHION COVER,18,165,188.07,1.18,21,Textiles del Hogar,['Textiles del Hogar'],1,Textiles del Hogar,Textiles del Hogar,2.061737782071177,Textiles del Hogar
20838,FRENCH LATTICE CUSHION COVER,63,446,565.8,1.95,21,Textiles del Hogar,['Textiles del Hogar'],1,Textiles del Hogar,Textiles del Hogar,1.984894413038135,Textiles del Hogar
20839,FRENCH PAISLEY CUSHION COVER,118,633,1018.11,2.5,21,Textiles del Hogar,['Textiles del Hogar'],1,Textiles del Hogar,Textiles del Hogar,2.2185457174491647,Textiles del Hogar
20840,FRENCH FLORAL CUSHION COVER,94,885,1419.09,2.15,21,Textiles del Hogar,['Textiles del Hogar'],1,Textiles del Hogar,Textiles del Hogar,2.061737782071177,Textiles del Hogar
20845,ZINC HEART LATTICE 2 WALL PLANTER,24,76,502.27,7.17,39,,[],0,Sin regla,Velas e Iluminación,0.16656403086063498,Sin clasificar
20846,ZINC HEART LATTICE T LIGHT HOLDER,173,1453,1956.81,1.55,15,Velas e Iluminación,['Velas e Iluminación'],1,Velas e Iluminación,Velas e Iluminación,1.770584490377368,Velas e Iluminación
20847,ZINC HEART LATTICE CHARGER LARGE,27,80,334.35,4.75,39,,[],0,Sin regla,Cocina y Mesa,0.07501885487806759,Sin clasificar
20848,ZINC HEART LATTICE CHARGER SMALL,12,39,115.05,2.95,39,,[],0,Sin regla,Cocina y Mesa,0.11164956661941305,Sin clasificar
20849,ZINC HEART LATTICE DOUBLE PLANTER,24,674,593.03,4.05,39,,[],0,Sin regla,Velas e Iluminación,0.22195473467075322,Velas e Iluminación
20850,ZINC HEART LATTICE PLANTER BOWL,23,820,713.8,2.84,44,Cocina y Mesa,['Cocina y Mesa'],1,Cocina y Mesa,Cocina y Mesa,1.6144812540018991,Cocina y Mesa
20851,ZINC HEART LATTICE TRAY OVAL,29,335,429.57,5.97,43,,[],0,Sin regla,Decoración del Hogar,0.17093959905940292,Sin clasificar
20854,BLUE PATCH PURSE PINK HEART,108,441,711.37,1.66,39,Bolsos y Carteras,['Bolsos y Carteras'],1,Bolsos y Carteras,Bolsos y Carteras,1.977687301990596,Bolsos y Carteras
20855,PINK PATCH PURSE BLUE HEART,47,142,234.3,1.65,39,Bolsos y Carteras,['Bolsos y Carteras'],1,Bolsos y Carteras,Bolsos y Carteras,1.971322645509431,Bolsos y Carteras
20856,DENIM PATCH PURSE PINK BUTTERFLY,124,408,674.09,1.66,22,Bolsos y Carteras,['Bolsos y Carteras'],1,Bolsos y Carteras,Bolsos y Carteras,1.8745418184179594,Bolsos y Carteras
20857,BLUE ROSE PATCH PURSE PINK BUTTERFL,77,249,410.85,1.65,22,Bolsos y Carteras,['Bolsos y Carteras'],1,Bolsos y Carteras,Bolsos y Carteras,1.9068977015309136,Bolsos y Carteras
20858,SILVER PURSE GOLD PINK BUTTERFLY,1,4,6.6,1.65,22,Bolsos y Carteras,['Bolsos y Carteras'],1,Bolsos y Carteras,Bolsos y Carteras,1.9981528076231938,Bolsos y Carteras
20860,GOLD COSMETICS BAG WITH BUTTERFLY,11,20,42.0,2.1,6,Bolsos y Carteras,['Bolsos y Carteras'],1,Bolsos y Carteras,Bolsos y Carteras,1.8665065467408275,Bolsos y Carteras
20861,GOLD COSMETIC BAG PINK STAR,17,46,96.6,2.1,6,Bolsos y Carteras,['Bolsos y Carteras'],1,Bolsos y Carteras,Bolsos y Carteras,1.9737644168481698,Bolsos y Carteras
20862,PINK PATCH PENCIL CASE BLUE HEART,37,325,691.14,2.62,39,Papelería y Tarjetería,['Papelería y Tarjetería'],1,Papelería y Tarjetería,Papelería y Tarjetería,1.9133998536795405,Papelería y Tarjetería
20863,BLUE PATCH PENCIL CASE PINK HEART,50,293,601.53,2.42,39,Papelería y Tarjetería,['Papelería y Tarjetería'],1,Papelería y Tarjetería,Papelería y Tarjetería,1.9429036937490112,Papelería y Tarjetería
20864,DENIM PATCH PENCIL CASE BUTTERFLY,30,252,498.14,2.2,22,Papelería y Tarjetería,['Papelería y Tarjetería'],1,Papelería y Tarjetería,Papelería y Tarjetería,1.854106661190184,Papelería y Tarjetería
20865,PATCHWORK PENCIL CASE BUTTERFLY,33,251,500.49,2.2,22,Papelería y Tarjetería,['Papelería y Tarjetería'],1,Papelería y Tarjetería,Papelería y Tarjetería,1.8480958823457585,Papelería y Tarjetería
20866,BLUE ROSE FABRIC MIRROR,191,1280,1368.91,1.49,20,"Espejos, Relojes y Arte de Pared","['Espejos, Relojes y Arte de Pared']",1,"Espejos, Relojes y Arte de Pared","Espejos, Relojes y Arte de Pared",1.9716655785303312,"Espejos, Relojes y Arte de Pared"
20867,PINK ROSE FABRIC MIRROR,155,1098,1093.14,1.38,20,"Espejos, Relojes y Arte de Pared","['Espejos, Relojes y Arte de Pared']",1,"Espejos, Relojes y Arte de Pared","Espejos, Relojes y Arte de Pared",2.076474816362513,"Espejos, Relojes y Arte de Pared"
20868,SILVER FABRIC MIRROR,71,882,518.07,0.92,20,"Espejos, Relojes y Arte de Pared","['Espejos, Relojes y Arte de Pared']",1,"Espejos, Relojes y Arte de Pared","Espejos, Relojes y Arte de Pared",2.186017044821969,"Espejos, Relojes y Arte de Pared"
20869,GOLD FABRIC MIRROR,54,529,295.12,0.94,20,"Espejos, Relojes y Arte de Pared","['Espejos, Relojes y Arte de Pared']",1,"Espejos, Relojes y Arte de Pared","Espejos, Relojes y Arte de Pared",2.099534343738656,"Espejos, Relojes y Arte de Pared"
20870,OPULENT VELVET CANDLE IN BOX,7,29,52.2,2.92,4,Velas e Iluminación,['Velas e Iluminación'],1,Velas e Iluminación,Velas e Iluminación,1.590664320260772,Velas e Iluminación
20871,OPULENT VELVET SET 3 CANDLES,129,1273,1978.05,2.69,38,Velas e Iluminación,['Velas e Iluminación'],1,Velas e Iluminación,Velas e Iluminación,1.7694843224730286,Velas e Iluminación
20877,MODERN CHRISTMAS BAUBLE CANDLE,5,12,5.04,0.42,0,Navidad,"['Navidad', 'Velas e Iluminación']",2,Navidad,Navidad,3.3693072802587514,Navidad
20878,SET 9 CHRISTMAS T LIGHTS SCENTED,87,737,952.51,1.48,23,Navidad,"['Navidad', 'Velas e Iluminación']",2,Navidad,Navidad,1.559860367982859,Navidad
20879,TREE OF NOAH FESTIVE SCENTED CANDLE,11,57,67.8,1.8,35,Velas e Iluminación,['Velas e Iluminación'],1,Velas e Iluminación,Velas e Iluminación,1.9100032909169133,Velas e Iluminación
20881,MODERN CHRISTMAS TREE CANDLE,2,3,2.55,0.85,0,Navidad,"['Navidad', 'Velas e Iluminación']",2,Navidad,Navidad,2.0731157142811982,Navidad
20882,MODERN CHRISTMAS TREE CANDLE,2,3,8.85,2.95,0,Navidad,"['Navidad', 'Velas e Iluminación']",2,Navidad,Navidad,2.0731157142811982,Navidad
20884,MODERN CHRISTMAS TREE CANDLE,3,3,6.3,2.1,0,Navidad,"['Navidad', 'Velas e Iluminación']",2,Navidad,Navidad,2.0731157142811982,Navidad
20885,BOX OF 3 PEBBLE CANDLES,1,1,2.95,2.95,38,Velas e Iluminación,['Velas e Iluminación'],1,Velas e Iluminación,Velas e Iluminación,1.9489575699274488,Velas e Iluminación
20886,BOX OF 9 PEBBLE CANDLES,313,1777,3540.22,2.39,38,Velas e Iluminación,['Velas e Iluminación'],1,Velas e Iluminación,Velas e Iluminación,1.8916633972248178,Velas e Iluminación
20887,BOX OF 6 PEBBLE CANDLES,8,18,118.39,5.62,38,Velas e Iluminación,['Velas e Iluminación'],1,Velas e Iluminación,Velas e Iluminación,1.8829091823821447,Velas e Iluminación
20888,SET 3 JARDIN DE FEMME SCENT CANDLES,19,367,547.74,3.89,38,Velas e Iluminación,['Velas e Iluminación'],1,Velas e Iluminación,Velas e Iluminación,1.8331370945107763,Velas e Iluminación
20889,JARDIN DE FEMME SCENTED CANDLE,13,657,398.04,2.34,35,Velas e Iluminación,['Velas e Iluminación'],1,Velas e Iluminación,Velas e Iluminación,2.043571924002774,Velas e Iluminación
20890,SMALL GLASS ROSE SCENTED CANDLE,4,605,202.62,2.99,35,Velas e Iluminación,['Velas e Iluminación'],1,Velas e Iluminación,Velas e Iluminación,1.952951483500841,Velas e Iluminación
20891,LARGE GLASS ROSE SCENTED CANDLE,3,684,236.33,8.13,35,Velas e Iluminación,['Velas e Iluminación'],1,Velas e Iluminación,Velas e Iluminación,1.942151534634328,Velas e Iluminación
20892,SET 3 TALL GLASS CANDLE HOLDER PINK,38,102,1095.35,16.15,35,Velas e Iluminación,['Velas e Iluminación'],1,Velas e Iluminación,Velas e Iluminación,1.9873964031562232,Velas e Iluminación
20893,HANGING BAUBLE T LIGHT HOLDER SMALL,79,559,1308.59,2.89,15,Navidad,"['Navidad', 'Velas e Iluminación']",2,Navidad,Navidad,1.6884505922585356,Navidad
20894,HANGING BAUBLE T LIGHT HOLDER LARGE,80,267,827.3,3.45,15,Navidad,"['Navidad', 'Velas e Iluminación']",2,Navidad,Navidad,1.6913368233011257,Navidad
20895,VINTAGE NOTEBOOK FRENCH LETTER,4,16,47.2,2.95,41,Papelería y Tarjetería,['Papelería y Tarjetería'],1,Papelería y Tarjetería,Papelería y Tarjetería,1.893865143866809,Papelería y Tarjetería
20896,VINTAGE NOTEBOOK PINK FLOWER,15,39,115.05,2.95,41,Papelería y Tarjetería,['Papelería y Tarjetería'],1,Papelería y Tarjetería,Papelería y Tarjetería,1.9465041806022632,Papelería y Tarjetería
20897,VINTAGE NOTEBOOK PARIS DAYS,75,351,848.7,3.85,41,Papelería y Tarjetería,['Papelería y Tarjetería'],1,Papelería y Tarjetería,Papelería y Tarjetería,1.7658497989921154,Papelería y Tarjetería
20898,VINTAGE NOTEBOOK TRAVELOGUE,55,327,693.92,3.19,41,Papelería y Tarjetería,['Papelería y Tarjetería'],1,Papelería y Tarjetería,Papelería y Tarjetería,2.0962911570063665,Papelería y Tarjetería
20899,VINTAGE NOTEBOOK RED ROSE,13,44,129.8,2.95,41,Papelería y Tarjetería,['Papelería y Tarjetería'],1,Papelería y Tarjetería,Papelería y Tarjetería,2.1628536586367524,Papelería y Tarjetería
20901,VINTAGE KEEPSAKE BOX PINK FLOWER,67,91,806.58,9.47,4,Cajas y Almacenamiento,['Cajas y Almacenamiento'],1,Cajas y Almacenamiento,Cajas y Almacenamiento,1.8759633032508227,Cajas y Almacenamiento
20902,VINTAGE KEEPSAKE BOX PARIS DAYS,116,206,1525.22,9.31,4,Cajas y Almacenamiento,['Cajas y Almacenamiento'],1,Cajas y Almacenamiento,Cajas y Almacenamiento,1.8814941422725355,Cajas y Almacenamiento
20903,VINTAGE KEEPSAKE BOX TRAVELOGUE,86,187,919.8,7.18,4,Cajas y Almacenamiento,['Cajas y Almacenamiento'],1,Cajas y Almacenamiento,Cajas y Almacenamiento,1.7253931576645816,Cajas y Almacenamiento
20905,VINTAGE KEEPSAKE BOX BEAUTY GIRL,4,10,63.5,6.35,4,Cajas y Almacenamiento,['Cajas y Almacenamiento'],1,Cajas y Almacenamiento,Cajas y Almacenamiento,1.8401483421623583,Cajas y Almacenamiento
20906,VINTAGE NOTEBOOK BEAUTY GIRL,48,101,368.24,4.09,41,Papelería y Tarjetería,['Papelería y Tarjetería'],1,Papelería y Tarjetería,Papelería y Tarjetería,1.7940325782323892,Papelería y Tarjetería
20910,VINTAGE PHOTO ALBUM PARIS DAYS,47,106,769.12,8.38,33,Marcos y Fotografía,['Marcos y Fotografía'],1,Marcos y Fotografía,Marcos y Fotografía,1.408683836495282,Marcos y Fotografía
20913,SET 5 BLUE SPOTTY LID GLASS BOWLS,43,314,898.72,3.8,22,Cocina y Mesa,['Cocina y Mesa'],1,Cocina y Mesa,Cocina y Mesa,1.871790445926994,Cocina y Mesa
20914,SET 5 RED RETROSPOT LID GLASS BOWLS,2066,18670,52508.56,3.23,22,Cocina y Mesa,['Cocina y Mesa'],1,Cocina y Mesa,Cocina y Mesa,1.7228754933702342,Cocina y Mesa
20931,BLUE POT PLANT CANDLE,158,673,2238.07,4.8,7,Velas e Iluminación,['Velas e Iluminación'],1,Velas e Iluminación,Velas e Iluminación,1.8257853707644034,Velas e Iluminación
20932,PINK POT PLANT CANDLE,81,333,1143.97,4.72,7,Velas e Iluminación,['Velas e Iluminación'],1,Velas e Iluminación,Velas e Iluminación,1.9449542171588277,Velas e Iluminación
20933,YELLOW POT PLANT CANDLE,53,505,1329.49,4.1,7,Velas e Iluminación,['Velas e Iluminación'],1,Velas e Iluminación,Velas e Iluminación,1.8083911875865502,Velas e Iluminación
20934,SET 3 POT PLANT CANDLES,75,197,1185.07,7.27,7,Velas e Iluminación,['Velas e Iluminación'],1,Velas e Iluminación,Velas e Iluminación,1.654820553657329,Velas e Iluminación
20935,ROUND CACTUS CANDLE,47,300,574.48,3.08,35,Velas e Iluminación,['Velas e Iluminación'],1,Velas e Iluminación,Velas e Iluminación,2.072821727914444,Velas e Iluminación
20936,FORKED CACTUS CANDLE,76,333,843.39,3.67,35,Velas e Iluminación,['Velas e Iluminación'],1,Velas e Iluminación,Velas e Iluminación,1.8141744757950755,Velas e Iluminación
20939,ORANGE CANDLE,1,12,10.2,0.85,35,Velas e Iluminación,['Velas e Iluminación'],1,Velas e Iluminación,Velas e Iluminación,2.082679477181832,Velas e Iluminación
20940,SET 6 GARDEN GNOME T LIGHT CANDLES,22,118,342.75,3.48,38,Jardín y Exterior,"['Jardín y Exterior', 'Velas e Iluminación']",2,Jardín y Exterior,Jardín y Exterior,1.6525299724050027,Jardín y Exterior
20941,FROG CANDLE,125,998,896.28,1.77,35,Velas e Iluminación,['Velas e Iluminación'],1,Velas e Iluminación,Velas e Iluminación,2.1113542051311116,Velas e Iluminación
20942,SET 6 GINGERBREAD TREE T LIGHTS,4,6,7.5,1.25,23,Velas e Iluminación,['Velas e Iluminación'],1,Velas e Iluminación,Velas e Iluminación,1.831709204947097,Velas e Iluminación
20943,SET 6 GINGERBREAD STAR T LIGHTS,71,381,540.21,1.67,23,Velas e Iluminación,['Velas e Iluminación'],1,Velas e Iluminación,Velas e Iluminación,2.2079709595353068,Velas e Iluminación
20950,SET 6 ANGEL T LIGHTS WHITE GOLD,84,687,353.39,0.75,23,Velas e Iluminación,['Velas e Iluminación'],1,Velas e Iluminación,Velas e Iluminación,1.752649127083501,Velas e Iluminación
20952,PORCELAIN CHERUB BELL SMALL,24,329,150.72,0.68,22,,[],0,Sin regla,Velas e Iluminación,0.20544636959815077,Velas e Iluminación
20953,PORCELAIN CHERUB BELL LARGE,9,33,54.45,1.65,22,,[],0,Sin regla,Velas e Iluminación,0.20953303549485014,Velas e Iluminación
20954,USB OFFICE MIRROR BALL,3,3,25.59,8.53,20,"Espejos, Relojes y Arte de Pared","['Espejos, Relojes y Arte de Pared']",1,"Espejos, Relojes y Arte de Pared","Espejos, Relojes y Arte de Pared",2.20914958021704,"Espejos, Relojes y Arte de Pared"
20956,PORCELAIN T LIGHT HOLDERS ASSORTED,241,2338,3083.82,1.76,22,Velas e Iluminación,['Velas e Iluminación'],1,Velas e Iluminación,Velas e Iluminación,1.916241052997536,Velas e Iluminación
20957,PORCELAIN HANGING BELL SMALL,15,126,184.61,1.58,22,,[],0,Sin regla,Velas e Iluminación,0.15456244212879866,Sin clasificar
20958,PORCELAIN HANGING BELL LARGE,10,38,70.5,1.92,22,,[],0,Sin regla,Velas e Iluminación,0.15824193558548683,Sin clasificar
20960,WATERMELON BATH SPONGE,218,1900,2550.84,1.66,22,,[],0,Sin regla,Papelería y Tarjetería,0.3264130522607391,Papelería y Tarjetería
20961,STRAWBERRY BATH SPONGE,518,3530,4687.65,1.71,22,,[],0,Sin regla,Papelería y Tarjetería,0.06728203167054025,Sin clasificar
20963,APPLE BATH SPONGE,515,3459,4676.15,1.76,22,,[],0,Sin regla,Papelería y Tarjetería,0.16727868390706946,Sin clasificar
20964,POLYESTER FILLER PAD 60X40CM,6,20,51.0,2.55,22,,[],0,Sin regla,Pascua y Fiestas,0.016201160056050545,Sin clasificar
20966,SANDWICH BATH SPONGE,424,3007,4265.24,1.8,22,,[],0,Sin regla,Papelería y Tarjetería,0.3890535034555491,Papelería y Tarjetería
20967,GREY FLORAL FELTCRAFT SHOULDER BAG,300,1055,3997.34,3.99,6,Bolsos y Carteras,"['Bolsos y Carteras', 'Papelería y Tarjetería']",2,Bolsos y Carteras,Bolsos y Carteras,1.900198307413638,Bolsos y Carteras
20968,GREEN FLORAL FELTCRAFT SHOULDER BAG,20,43,185.11,4.75,6,Bolsos y Carteras,"['Bolsos y Carteras', 'Papelería y Tarjetería']",2,Bolsos y Carteras,Bolsos y Carteras,1.9148471499953441,Bolsos y Carteras
20969,RED FLORAL FELTCRAFT SHOULDER BAG,615,3237,12066.52,4.24,6,Bolsos y Carteras,"['Bolsos y Carteras', 'Papelería y Tarjetería']",2,Bolsos y Carteras,Bolsos y Carteras,1.9808103256169156,Bolsos y Carteras
20970,PINK FLORAL FELTCRAFT SHOULDER BAG,577,2490,9387.29,4.14,6,Bolsos y Carteras,"['Bolsos y Carteras', 'Papelería y Tarjetería']",2,Bolsos y Carteras,Bolsos y Carteras,1.9683479700810513,Bolsos y Carteras
20971,PINK BLUE FELT CRAFT TRINKET BOX,1163,22260,28580.97,1.41,4,Cajas y Almacenamiento,"['Cajas y Almacenamiento', 'Papelería y Tarjetería']",2,Cajas y Almacenamiento,Cajas y Almacenamiento,1.8292446646884322,Cajas y Almacenamiento
20972,PINK CREAM FELT CRAFT TRINKET BOX,1411,20496,24785.31,1.4,4,Cajas y Almacenamiento,"['Cajas y Almacenamiento', 'Papelería y Tarjetería']",2,Cajas y Almacenamiento,Cajas y Almacenamiento,1.9018927720327587,Cajas y Almacenamiento
20973,12 PENCIL SMALL TUBE WOODLAND,679,9863,6773.95,0.78,12,Papelería y Tarjetería,['Papelería y Tarjetería'],1,Papelería y Tarjetería,Papelería y Tarjetería,1.9452782827752397,Papelería y Tarjetería
20974,12 PENCILS SMALL TUBE SKULL,850,13219,8686.54,0.75,12,Papelería y Tarjetería,['Papelería y Tarjetería'],1,Papelería y Tarjetería,Papelería y Tarjetería,1.925790955041069,Papelería y Tarjetería
20975,12 PENCILS SMALL TUBE RED RETROSPOT,929,18099,11848.71,0.74,12,Papelería y Tarjetería,['Papelería y Tarjetería'],1,Papelería y Tarjetería,Papelería y Tarjetería,1.7900277790834525,Papelería y Tarjetería
20976,12 PENCILS SMALL TUBE POSY,76,549,376.34,0.75,12,Papelería y Tarjetería,['Papelería y Tarjetería'],1,Papelería y Tarjetería,Papelería y Tarjetería,1.9484571731663738,Papelería y Tarjetería
20977,36 PENCILS TUBE WOODLAND,489,3792,5069.99,1.57,22,Papelería y Tarjetería,['Papelería y Tarjetería'],1,Papelería y Tarjetería,Papelería y Tarjetería,1.9679085445963176,Papelería y Tarjetería
20978,36 PENCILS TUBE SKULLS,565,4117,5438.57,1.59,22,Papelería y Tarjetería,['Papelería y Tarjetería'],1,Papelería y Tarjetería,Papelería y Tarjetería,2.067419611413206,Papelería y Tarjetería
20979,36 PENCILS TUBE RED RETROSPOT,711,8156,10271.81,1.57,22,Papelería y Tarjetería,['Papelería y Tarjetería'],1,Papelería y Tarjetería,Papelería y Tarjetería,1.9360704899194559,Papelería y Tarjetería
20980,36 PENCILS TUBE POSY,59,233,282.31,1.4,22,Papelería y Tarjetería,['Papelería y Tarjetería'],1,Papelería y Tarjetería,Papelería y Tarjetería,2.0874082414209676,Papelería y Tarjetería
20981,12 PENCILS TALL TUBE WOODLAND,515,4718,4069.16,0.96,12,Papelería y Tarjetería,['Papelería y Tarjetería'],1,Papelería y Tarjetería,Papelería y Tarjetería,1.942210822218055,Papelería y Tarjetería
20982,12 PENCILS TALL TUBE SKULLS,585,4851,4243.8,0.96,12,Papelería y Tarjetería,['Papelería y Tarjetería'],1,Papelería y Tarjetería,Papelería y Tarjetería,1.9948664145828028,Papelería y Tarjetería
20983,12 PENCILS TALL TUBE RED RETROSPOT,654,6280,5469.08,0.96,12,Papelería y Tarjetería,['Papelería y Tarjetería'],1,Papelería y Tarjetería,Papelería y Tarjetería,1.9146951029527843,Papelería y Tarjetería
20984,12 PENCILS TALL TUBE POSY,251,5867,1940.96,0.54,12,Papelería y Tarjetería,['Papelería y Tarjetería'],1,Papelería y Tarjetería,Papelería y Tarjetería,2.01471488629809,Papelería y Tarjetería
20985,HEART CALCULATOR,300,2370,3047.99,1.54,39,,[],0,Sin regla,Decoración del Hogar,0.09547843884301177,Sin clasificar
20986,BLUE CALCULATOR RULER,209,1217,1530.95,1.55,22,,[],0,Sin regla,Cocina y Mesa,0.2846814709410914,Cocina y Mesa
20987,GEISHA GIRL CHOPSTICKS SET 5,22,131,288.35,3.02,22,Cocina y Mesa,['Cocina y Mesa'],1,Cocina y Mesa,Cocina y Mesa,1.9031270137030034,Cocina y Mesa
20988,TRELLIS FLOWER CHOPSTICKS SET 5,9,24,46.8,1.95,36,Cocina y Mesa,['Cocina y Mesa'],1,Cocina y Mesa,Cocina y Mesa,1.707150474505704,Cocina y Mesa
20989,URBAN CHIC CHOPSTICKS SET 5,57,407,782.18,2.27,22,Cocina y Mesa,['Cocina y Mesa'],1,Cocina y Mesa,Cocina y Mesa,1.978990301083016,Cocina y Mesa
20990,SPRING FLOWER CHOPSTICKS SET 5,106,895,1706.14,2.25,36,Cocina y Mesa,['Cocina y Mesa'],1,Cocina y Mesa,Cocina y Mesa,1.7414318726136901,Cocina y Mesa
20991,JAZZ HEARTS MAGNETIC MEMO PAD,32,7084,884.56,0.95,22,,[],0,Sin regla,Decoración del Hogar,0.24906116033376746,Decoración del Hogar
20992,JAZZ HEARTS PURSE NOTEBOOK,451,6151,3220.4,0.69,41,Bolsos y Carteras,"['Bolsos y Carteras', 'Papelería y Tarjetería']",2,Bolsos y Carteras,Bolsos y Carteras,1.590535916725282,Bolsos y Carteras
20993,JAZZ HEARTS MEMO PAD,32,10967,1334.11,0.84,22,,[],0,Sin regla,Decoración del Hogar,0.557659718636384,Decoración del Hogar
20994,JAZZ HEARTS SPIRAL NOTEPAD,12,47,39.95,0.85,22,,[],0,Sin regla,Papelería y Tarjetería,0.19380893695465967,Sin clasificar
20996,JAZZ HEARTS ADDRESS BOOK,336,6311,1686.79,0.38,22,,[],0,Sin regla,Cajas y Almacenamiento,0.4479710501354893,Cajas y Almacenamiento
20997,ROSE DU SUD CUSHION COVER,83,170,796.74,4.72,21,Textiles del Hogar,['Textiles del Hogar'],1,Textiles del Hogar,Textiles del Hogar,1.6842100754037956,Textiles del Hogar
20998,ROSE DU SUD OVEN GLOVE,127,324,942.26,2.94,22,,[],0,Sin regla,Cocina y Mesa,0.27745437646260873,Cocina y Mesa
21000,ROSE DU SUD COSMETICS BAG,94,690,1744.98,3.76,6,Bolsos y Carteras,['Bolsos y Carteras'],1,Bolsos y Carteras,Bolsos y Carteras,1.9723490048437762,Bolsos y Carteras
21001,ROSE DU SUD WASHBAG,90,141,717.8,4.9,22,,[],0,Sin regla,Bolsos y Carteras,0.46655708814186686,Bolsos y Carteras
21002,ROSE DU SUD DRAWSTRING BAG,184,417,1507.22,3.54,6,Bolsos y Carteras,['Bolsos y Carteras'],1,Bolsos y Carteras,Bolsos y Carteras,1.8498689217822957,Bolsos y Carteras
21003,ROSE DU SUD CUSHION COVER,64,109,647.75,5.93,21,Textiles del Hogar,['Textiles del Hogar'],1,Textiles del Hogar,Textiles del Hogar,1.6842100754037956,Textiles del Hogar
21004,ROSE DU SUD CHILDS APRON,71,137,625.07,4.79,22,Cocina y Mesa,['Cocina y Mesa'],1,Cocina y Mesa,Cocina y Mesa,1.7427592782101635,Cocina y Mesa
21007,ETCHED GLASS DROPLET DECORATION,48,1927,914.67,1.18,1,Decoración del Hogar,['Decoración del Hogar'],1,Decoración del Hogar,Decoración del Hogar,1.9256616162473752,Decoración del Hogar
21008,ETCHED GLASS HEART TREE DECORATION,1,1,2.51,2.51,1,Decoración del Hogar,['Decoración del Hogar'],1,Decoración del Hogar,Decoración del Hogar,2.079411471286405,Decoración del Hogar
21009,ETCHED GLASS STAR TREE DECORATION,105,1047,1494.99,1.48,1,Decoración del Hogar,['Decoración del Hogar'],1,Decoración del Hogar,Decoración del Hogar,1.8142212895112049,Decoración del Hogar
21010,ETCHED GLASS BIRD TREE DECORATION,85,850,1114.76,1.48,1,Decoración del Hogar,['Decoración del Hogar'],1,Decoración del Hogar,Decoración del Hogar,2.0131280870853603,Decoración del Hogar
21011,GLITTER SNOW PEAR TREE DECORATION,126,1840,1373.8,1.25,1,Decoración del Hogar,['Decoración del Hogar'],1,Decoración del Hogar,Decoración del Hogar,1.8209056787926783,Decoración del Hogar
21012,ANTIQUE ALL GLASS CANDLESTICK,301,2297,4293.7,2.33,22,Velas e Iluminación,['Velas e Iluminación'],1,Velas e Iluminación,Velas e Iluminación,1.968718244510807,Velas e Iluminación
21014,SWISS CHALET TREE DECORATION,194,1850,928.09,0.81,1,Decoración del Hogar,['Decoración del Hogar'],1,Decoración del Hogar,Decoración del Hogar,1.939771541266175,Decoración del Hogar
21015,DARK BIRD HOUSE TREE DECORATION,188,1700,771.73,0.77,1,Decoración del Hogar,['Decoración del Hogar'],1,Decoración del Hogar,Decoración del Hogar,1.596145916714061,Decoración del Hogar
21016,LIGHT BIRD HOUSE TREE DECORATION,87,834,582.85,0.97,1,Velas e Iluminación,"['Velas e Iluminación', 'Decoración del Hogar']",2,Velas e Iluminación,Velas e Iluminación,0.47177527809615627,Velas e Iluminación
21017,RED BIRD HOUSE TREE DECORATION,87,659,535.89,1.35,1,Decoración del Hogar,['Decoración del Hogar'],1,Decoración del Hogar,Decoración del Hogar,1.5081152937576425,Decoración del Hogar
21018,BIRD BOX CHRISTMAS TREE DECORATION,44,213,182.71,0.89,0,Navidad,"['Navidad', 'Decoración del Hogar']",2,Navidad,Navidad,1.8996474421656488,Navidad
21025,SPACE FROG,81,300,396.12,1.52,22,,[],0,Sin regla,Cocina y Mesa,0.07568847730971118,Sin clasificar
21026,SPACE OWL,125,549,716.73,1.63,22,,[],0,Sin regla,Cocina y Mesa,0.07674148018102833,Sin clasificar
21027,NINJA RABBIT PINK,79,355,433.61,1.25,22,,[],0,Sin regla,Pascua y Fiestas,0.14595018343702426,Sin clasificar
21028,NINJA RABBIT BLACK,92,323,423.9,1.61,22,,[],0,Sin regla,Cocina y Mesa,0.1632334980721749,Sin clasificar
21030,SPACE CADET RED,52,239,290.9,1.2,22,,[],0,Sin regla,Cocina y Mesa,0.06321236059994184,Sin clasificar
21031,SPACE CADET BLACK,39,144,176.7,1.29,22,,[],0,Sin regla,Cocina y Mesa,0.2850490318781335,Cocina y Mesa
21032,SPACE CADET WHITE,50,203,252.16,1.4,22,,[],0,Sin regla,Cocina y Mesa,0.14654793393043875,Sin clasificar
21033,JUMBO BAG CHARLIE AND LOLA TOYS,573,4590,10132.11,3.34,6,Bolsos y Carteras,['Bolsos y Carteras'],1,Bolsos y Carteras,Bolsos y Carteras,1.874555821754625,Bolsos y Carteras
21034,REX CASH CARRY JUMBO SHOPPER,1996,4002,3801.9,0.95,22,Bolsos y Carteras,['Bolsos y Carteras'],1,Bolsos y Carteras,Bolsos y Carteras,1.8551319760692375,Bolsos y Carteras
21035,SET 2 RED RETROSPOT TEA TOWELS,936,5994,18644.78,4.04,26,Cocina y Mesa,['Cocina y Mesa'],1,Cocina y Mesa,Cocina y Mesa,2.063639019420855,Cocina y Mesa
21036,SET 2 TEA TOWELS MODERN VINTAGE,1,1,2.55,2.55,26,Cocina y Mesa,['Cocina y Mesa'],1,Cocina y Mesa,Cocina y Mesa,1.9631371332715677,Cocina y Mesa
21038,SET 4 MODERN VINTAGE COTTON NAPKINS,52,166,355.48,2.22,22,Cocina y Mesa,['Cocina y Mesa'],1,Cocina y Mesa,Cocina y Mesa,1.6930515177194885,Cocina y Mesa
21039,RED SPOTTY SHOPPING BAG,228,1313,3423.65,2.99,6,Bolsos y Carteras,['Bolsos y Carteras'],1,Bolsos y Carteras,Bolsos y Carteras,2.2504075596974196,Bolsos y Carteras
21040,MODERN VINTAGE COTTON SHOPPING BAG,69,894,1125.85,2.43,6,Bolsos y Carteras,['Bolsos y Carteras'],1,Bolsos y Carteras,Bolsos y Carteras,1.7709393984143766,Bolsos y Carteras
21041,RED RETROSPOT OVEN GLOVE DOUBLE,530,2666,9049.29,4.08,22,,[],0,Sin regla,Navidad,0.08599247361546358,Sin clasificar
21042,RED SPOTTY APRON,403,1473,8717.31,6.91,22,Cocina y Mesa,['Cocina y Mesa'],1,Cocina y Mesa,Cocina y Mesa,2.1896047333314943,Cocina y Mesa
21043,APRON MODERN VINTAGE COTTON,141,677,1921.03,4.29,22,Cocina y Mesa,['Cocina y Mesa'],1,Cocina y Mesa,Cocina y Mesa,1.7093692798188274,Cocina y Mesa
21051,RIBBONS PURSE,130,754,1486.16,2.17,22,Bolsos y Carteras,"['Bolsos y Carteras', 'Papelería y Tarjetería']",2,Bolsos y Carteras,Bolsos y Carteras,2.2916938662273756,Bolsos y Carteras
21054,NURSE S BAG SOFT TOY,183,382,3538.0,9.61,6,Bolsos y Carteras,['Bolsos y Carteras'],1,Bolsos y Carteras,Bolsos y Carteras,2.47612570485497,Bolsos y Carteras
21055,TOOL BOX SOFT TOY,223,386,3839.09,10.47,4,,[],0,Sin regla,Cajas y Almacenamiento,0.3306425916430098,Cajas y Almacenamiento
21056,DOCTOR S BAG SOFT TOY,195,545,4961.33,9.7,6,Bolsos y Carteras,['Bolsos y Carteras'],1,Bolsos y Carteras,Bolsos y Carteras,1.9091334335917443,Bolsos y Carteras
21058,PARTY INVITES WOODLAND,279,2396,2055.59,1.0,22,Pascua y Fiestas,['Pascua y Fiestas'],1,Pascua y Fiestas,Pascua y Fiestas,1.9104403993613057,Pascua y Fiestas
21059,PARTY INVITES DINOSAURS,221,1596,1348.56,0.9,22,Pascua y Fiestas,['Pascua y Fiestas'],1,Pascua y Fiestas,Pascua y Fiestas,1.963896363244375,Pascua y Fiestas
21060,PARTY INVITES BALLOON GIRL,151,1276,952.55,0.94,22,Pascua y Fiestas,['Pascua y Fiestas'],1,Pascua y Fiestas,Pascua y Fiestas,3.0472373437629203,Pascua y Fiestas
21061,PARTY INVITES FOOTBALL,165,1396,1046.56,0.97,22,Pascua y Fiestas,['Pascua y Fiestas'],1,Pascua y Fiestas,Pascua y Fiestas,1.917462718637961,Pascua y Fiestas
21062,PARTY INVITES SPACEMAN,137,1053,875.87,0.87,22,Pascua y Fiestas,['Pascua y Fiestas'],1,Pascua y Fiestas,Pascua y Fiestas,1.9012940995622059,Pascua y Fiestas
21063,PARTY INVITES JAZZ HEARTS,238,1456,1256.27,0.94,22,Pascua y Fiestas,['Pascua y Fiestas'],1,Pascua y Fiestas,Pascua y Fiestas,1.8392428632399902,Pascua y Fiestas
21064,BOOM BOX SPEAKER BOYS,174,884,4432.92,5.5,4,,[],0,Sin regla,Cajas y Almacenamiento,1.2704075807227124,Cajas y Almacenamiento
21065,BOOM BOX SPEAKER GIRLS,122,608,1455.36,4.92,4,,[],0,Sin regla,Cajas y Almacenamiento,0.7695514940134679,Cajas y Almacenamiento
21066,VINTAGE RED MUG,131,2284,1494.67,1.28,24,Cocina y Mesa,['Cocina y Mesa'],1,Cocina y Mesa,Cocina y Mesa,2.476425610899633,Cocina y Mesa
21067,VINTAGE RED TEATIME MUG,267,4763,3830.67,1.51,24,Cocina y Mesa,['Cocina y Mesa'],1,Cocina y Mesa,Cocina y Mesa,2.07749947515146,Cocina y Mesa
21068,VINTAGE BILLBOARD LOVE HATE MUG,376,4066,4224.63,1.58,24,Cocina y Mesa,['Cocina y Mesa'],1,Cocina y Mesa,Cocina y Mesa,1.946669235189604,Cocina y Mesa
21069,VINTAGE BILLBOARD TEA MUG,282,5099,5404.36,1.69,24,Cocina y Mesa,['Cocina y Mesa'],1,Cocina y Mesa,Cocina y Mesa,1.9718002311473846,Cocina y Mesa
21070,VINTAGE BILLBOARD MUG,232,2034,2083.46,1.58,24,Cocina y Mesa,['Cocina y Mesa'],1,Cocina y Mesa,Cocina y Mesa,1.8637294832347833,Cocina y Mesa
21071,VINTAGE BILLBOARD DRINK ME MUG,477,4269,4998.32,1.63,24,Cocina y Mesa,['Cocina y Mesa'],1,Cocina y Mesa,Cocina y Mesa,1.6969296683151438,Cocina y Mesa
21076,SET 20 COLLAGE PAPER NAPKIN,94,843,714.55,0.98,22,Cocina y Mesa,['Cocina y Mesa'],1,Cocina y Mesa,Cocina y Mesa,2.0980896463140004,Cocina y Mesa
21077,SET 20 WOODLAND PAPER NAPKINS,195,2790,2058.1,0.92,22,Cocina y Mesa,['Cocina y Mesa'],1,Cocina y Mesa,Cocina y Mesa,1.9647558853073352,Cocina y Mesa
21078,SET 20 STRAWBERRY PAPER NAPKINS,755,7211,6181.25,1.11,22,Cocina y Mesa,['Cocina y Mesa'],1,Cocina y Mesa,Cocina y Mesa,2.021864610731547,Cocina y Mesa
21080,SET 20 RED RETROSPOT PAPER NAPKINS,2156,31076,25416.93,1.03,22,Cocina y Mesa,['Cocina y Mesa'],1,Cocina y Mesa,Cocina y Mesa,1.8227395201623857,Cocina y Mesa
21081,SET 20 POSIES PAPER NAPKINS,4,4,3.4,0.85,22,Cocina y Mesa,['Cocina y Mesa'],1,Cocina y Mesa,Cocina y Mesa,2.0236649408977962,Cocina y Mesa
21082,SET 20 FRUIT SALAD PAPER NAPKINS,165,7183,1960.45,1.07,22,Cocina y Mesa,['Cocina y Mesa'],1,Cocina y Mesa,Cocina y Mesa,1.995355738000465,Cocina y Mesa
21084,SET 6 COLLAGE PAPER CUPS,227,2929,1008.81,0.57,22,Cocina y Mesa,['Cocina y Mesa'],1,Cocina y Mesa,Cocina y Mesa,1.8738760423064496,Cocina y Mesa
21085,SET 6 WOODLAND PAPER CUPS,68,13731,1872.68,0.77,22,Cocina y Mesa,['Cocina y Mesa'],1,Cocina y Mesa,Cocina y Mesa,1.8730427984478428,Cocina y Mesa
21086,SET 6 RED SPOTTY PAPER CUPS,854,16658,10781.81,0.89,22,Cocina y Mesa,['Cocina y Mesa'],1,Cocina y Mesa,Cocina y Mesa,2.021712203436337,Cocina y Mesa
21087,SET 6 POSIES PAPER CUPS,33,260,168.08,0.75,22,Cocina y Mesa,['Cocina y Mesa'],1,Cocina y Mesa,Cocina y Mesa,1.9169376441374628,Cocina y Mesa
21088,SET 6 FRUIT SALAD PAPER CUPS,137,16615,1816.73,0.47,22,Cocina y Mesa,['Cocina y Mesa'],1,Cocina y Mesa,Cocina y Mesa,1.8455441266780428,Cocina y Mesa
21089,SET 6 GREEN SPRING PAPER CUPS,40,323,112.54,0.5,22,Cocina y Mesa,['Cocina y Mesa'],1,Cocina y Mesa,Cocina y Mesa,1.866367518604033,Cocina y Mesa
21090,SET 6 COLLAGE PAPER PLATES,279,3107,1729.09,0.73,22,Cocina y Mesa,['Cocina y Mesa'],1,Cocina y Mesa,Cocina y Mesa,1.8164612846266048,Cocina y Mesa
21091,SET 6 WOODLAND PAPER PLATES,48,13700,1868.7,1.03,22,Cocina y Mesa,['Cocina y Mesa'],1,Cocina y Mesa,Cocina y Mesa,1.8371667514642522,Cocina y Mesa
21092,SET 6 STRAWBERRY PAPER PLATES,28,12846,1571.5,1.11,22,Cocina y Mesa,['Cocina y Mesa'],1,Cocina y Mesa,Cocina y Mesa,1.8858137941560462,Cocina y Mesa
21094,SET 6 RED SPOTTY PAPER PLATES,990,19633,15334.03,0.99,22,Cocina y Mesa,['Cocina y Mesa'],1,Cocina y Mesa,Cocina y Mesa,1.9941141705491137,Cocina y Mesa
21095,SET 6 POSIES PAPER PLATES,41,295,274.57,1.01,22,Cocina y Mesa,['Cocina y Mesa'],1,Cocina y Mesa,Cocina y Mesa,1.850598435552233,Cocina y Mesa
21096,SET 6 FRUIT SALAD PAPER PLATES,143,15919,2711.71,0.66,22,Cocina y Mesa,['Cocina y Mesa'],1,Cocina y Mesa,Cocina y Mesa,1.8334315269154515,Cocina y Mesa
21097,SET 6 GREEN SPRING PAPER PLATE,7,32,27.2,0.85,26,Cocina y Mesa,['Cocina y Mesa'],1,Cocina y Mesa,Cocina y Mesa,1.8615972104525769,Cocina y Mesa
21098,CHRISTMAS TOILET ROLL,616,8537,13263.93,1.64,0,Navidad,['Navidad'],1,Navidad,Navidad,2.1622402150407645,Navidad
21099,SET 6 STRAWBERRY PAPER CUPS,34,13290,1516.64,0.76,22,Cocina y Mesa,['Cocina y Mesa'],1,Cocina y Mesa,Cocina y Mesa,1.9272333535893922,Cocina y Mesa
21100,CHARLIE AND LOLA CHARLOTTE BAG,270,2540,3795.0,2.23,6,Bolsos y Carteras,['Bolsos y Carteras'],1,Bolsos y Carteras,Bolsos y Carteras,1.8812484963226015,Bolsos y Carteras
21102,CANDLE IN JAR COLLAGE VANILLA,20,82,221.08,3.06,35,Velas e Iluminación,['Velas e Iluminación'],1,Velas e Iluminación,Velas e Iluminación,1.817995008431248,Velas e Iluminación
21106,CREAM SLICE FLANNEL CHOCOLATE SPOT,170,790,2419.68,3.7,22,,[],0,Sin regla,Cocina y Mesa,0.19819487312539602,Sin clasificar
21107,CREAM SLICE FLANNEL PINK SPOT,315,2302,6624.77,3.64,22,,[],0,Sin regla,Cocina y Mesa,0.2608788601535939,Cocina y Mesa
21108,FAIRY CAKE FLANNEL ASSORTED COLOUR,615,12962,25407.27,3.0,32,,[],0,Sin regla,Decoración del Hogar,0.2586444154127473,Decoración del Hogar
21109,LARGE CAKE TOWEL CHOCOLATE SPOTS,227,1173,4476.49,6.66,32,,[],0,Sin regla,Cocina y Mesa,1.6273075378860415,Cocina y Mesa
21110,LARGE CAKE TOWEL PINK SPOTS,333,1640,7729.37,7.42,32,,[],0,Sin regla,Cocina y Mesa,1.9406485422129756,Cocina y Mesa
21111,SWISS ROLL TOWEL CHOCOLATE SPOTS,216,1379,3187.16,3.5,22,,[],0,Sin regla,Cocina y Mesa,0.8072371329499918,Cocina y Mesa
21112,SWISS ROLL TOWEL PINK SPOTS,190,2222,5484.26,3.36,22,,[],0,Sin regla,Cocina y Mesa,0.9824680447727232,Cocina y Mesa
21114,LAVENDER SCENTED FABRIC HEART,505,5666,7306.14,1.81,39,,[],0,Sin regla,Velas e Iluminación,0.3758209147563215,Velas e Iluminación
21115,ROSE CARAVAN DOORSTOP,433,1247,7955.84,7.74,22,,[],0,Sin regla,Jardín y Exterior,0.09457083095038543,Sin clasificar
21116,OWL DOORSTOP,535,1355,7900.01,6.77,22,,[],0,Sin regla,Jardín y Exterior,0.3424335796658643,Jardín y Exterior
21117,BLOND DOLL DOORSTOP,26,328,502.08,1.91,22,,[],0,Sin regla,Papelería y Tarjetería,0.36135139264798344,Papelería y Tarjetería
21118,SHOPPING BAG DOORSTOP,7,69,104.25,2.54,6,Bolsos y Carteras,['Bolsos y Carteras'],1,Bolsos y Carteras,Bolsos y Carteras,2.338890261238821,Bolsos y Carteras
21119,GLOW IN THE DARK SHOT GLASSES,3,3,41.01,13.67,22,,[],0,Sin regla,Cocina y Mesa,0.04974693138097597,Sin clasificar
21120,BOOMBOX IPOD CLASSIC,1,1,16.98,16.98,22,,[],0,Sin regla,Jardín y Exterior,0.39939539791150047,Jardín y Exterior
21121,SET 10 RED POLKADOT PARTY CANDLES,882,15215,18442.7,1.36,38,Velas e Iluminación,['Velas e Iluminación'],1,Velas e Iluminación,Velas e Iluminación,1.8968042572135237,Velas e Iluminación
21122,SET 10 PINK POLKADOT PARTY CANDLES,819,12209,14844.78,1.34,38,Velas e Iluminación,['Velas e Iluminación'],1,Velas e Iluminación,Velas e Iluminación,1.735653244017254,Velas e Iluminación
21123,SET 10 IVORY POLKADOT PARTY CANDLES,256,2751,3393.06,1.24,38,Velas e Iluminación,['Velas e Iluminación'],1,Velas e Iluminación,Velas e Iluminación,1.8423074769592986,Velas e Iluminación
21124,SET 10 BLUE SPOTTY PARTY CANDLES,641,10029,12172.79,1.3,38,Velas e Iluminación,['Velas e Iluminación'],1,Velas e Iluminación,Velas e Iluminación,1.718123885669868,Velas e Iluminación
21125,SET 6 FOOTBALL CELEBRATION CANDLES,253,2123,2211.38,1.31,38,Velas e Iluminación,['Velas e Iluminación'],1,Velas e Iluminación,Velas e Iluminación,1.7975739283522765,Velas e Iluminación
21126,SET OF 6 GIRLS CELEBRATION CANDLES,289,2325,2349.22,1.34,38,Velas e Iluminación,['Velas e Iluminación'],1,Velas e Iluminación,Velas e Iluminación,1.8239271305458316,Velas e Iluminación
21127,COLOURFUL FISHING GNOME,50,297,998.03,7.34,22,,[],0,Sin regla,Cocina y Mesa,0.3681558490183655,Cocina y Mesa
21128,GOLD FISHING GNOME,57,126,841.63,9.54,22,,[],0,Sin regla,Joyería y Bijouterie,0.09763309120097485,Sin clasificar
21129,SILVER FISHING GNOME,60,124,949.44,9.01,22,,[],0,Sin regla,Cocina y Mesa,0.21488257473346029,Cocina y Mesa
21130,COLOURFUL STANDING GNOME,49,721,1200.93,3.99,22,,[],0,Sin regla,Cocina y Mesa,0.4267169209833052,Cocina y Mesa
21131,GOLD STANDING GNOME,50,276,1098.86,5.77,22,,[],0,Sin regla,Joyería y Bijouterie,0.014220467171301598,Sin clasificar
21132,SILVER STANDING GNOME,47,93,476.61,5.72,22,,[],0,Sin regla,Cocina y Mesa,0.29785604783801656,Cocina y Mesa
21133,PAINTED BIRD ASSORTED CHRISTMAS,42,410,712.91,2.17,0,Navidad,['Navidad'],1,Navidad,Navidad,2.0285473428357377,Navidad
21134,VICTORIAN METAL POSTCARD CHRISTMAS,48,377,646.44,2.16,0,Navidad,['Navidad'],1,Navidad,Navidad,1.9827643467209912,Navidad
21135,VICTORIAN METAL POSTCARD SPRING,416,5985,8567.24,2.01,22,,[],0,Sin regla,Papelería y Tarjetería,0.02508490326963786,Sin clasificar
21136,PAINTED METAL PEARS ASSORTED,747,10496,17451.45,1.97,22,,[],0,Sin regla,Navidad,0.10752417134935832,Sin clasificar
21137,BLACK RECORD COVER FRAME,636,18739,65189.29,4.15,13,Marcos y Fotografía,['Marcos y Fotografía'],1,Marcos y Fotografía,Marcos y Fotografía,1.9238032491111863,Marcos y Fotografía
21143,ANTIQUE GLASS HEART DECORATION,187,2088,4149.15,2.29,1,Decoración del Hogar,['Decoración del Hogar'],1,Decoración del Hogar,Decoración del Hogar,1.8667693174693802,Decoración del Hogar
21144,PINK POODLE HANGING DECORATION,61,543,287.47,1.04,1,Decoración del Hogar,['Decoración del Hogar'],1,Decoración del Hogar,Decoración del Hogar,1.9468105293169855,Decoración del Hogar
21145,ANTIQUE GLASS PLACE SETTING,49,869,1256.21,3.41,22,,[],0,Sin regla,Cocina y Mesa,0.1002194208724575,Sin clasificar
21146,ANTIQUE GLASS RIDGED HANGING BALL,58,789,1513.67,2.18,22,,[],0,Sin regla,Decoración del Hogar,0.13820977398698475,Sin clasificar
21147,JINGLE BELLS TREE DECORATION,119,477,870.48,2.12,1,Decoración del Hogar,['Decoración del Hogar'],1,Decoración del Hogar,Decoración del Hogar,1.9635710473068755,Decoración del Hogar
21153,RED SPOTTY TABLECLOTH,139,393,4294.69,11.8,22,,[],0,Sin regla,Cocina y Mesa,0.5013312576663539,Cocina y Mesa
21154,RED RETROSPOT OVEN GLOVE,921,8095,11694.95,1.77,22,,[],0,Sin regla,Papelería y Tarjetería,0.03848029007129683,Sin clasificar
21155,RED RETROSPOT PEG BAG,976,6665,16343.09,2.84,6,Bolsos y Carteras,['Bolsos y Carteras'],1,Bolsos y Carteras,Bolsos y Carteras,2.1460895304640952,Bolsos y Carteras
21156,RETROSPOT CHILDRENS APRON,935,9137,17002.28,2.24,22,Cocina y Mesa,['Cocina y Mesa'],1,Cocina y Mesa,Cocina y Mesa,2.067954180390533,Cocina y Mesa
21157,RED SPOTTY WASHBAG,177,689,1616.95,2.9,22,,[],0,Sin regla,Bolsos y Carteras,0.24470070694920043,Bolsos y Carteras
21158,MOODY GIRL DOOR HANGER,321,2587,1792.66,1.26,22,,[],0,Sin regla,Jardín y Exterior,0.2534432502455326,Jardín y Exterior
21159,MOODY BOY DOOR HANGER,251,2105,1445.37,1.34,22,,[],0,Sin regla,Jardín y Exterior,0.28005994023054914,Jardín y Exterior
21160,KEEP OUT GIRLS DOOR HANGER,58,794,557.49,1.51,22,,[],0,Sin regla,Jardín y Exterior,0.35286172394100457,Jardín y Exterior
21161,KEEP OUT BOYS DOOR HANGER,211,2360,1806.05,1.68,22,,[],0,Sin regla,Jardín y Exterior,0.3554915814724281,Jardín y Exterior
21162,TOXIC AREA DOOR HANGER,287,2402,1655.88,1.27,22,,[],0,Sin regla,Jardín y Exterior,0.25090742848507064,Jardín y Exterior
21163,DO NOT TOUCH MY STUFF DOOR HANGER,264,2800,1757.92,1.34,22,,[],0,Sin regla,Jardín y Exterior,0.4133768514698102,Jardín y Exterior
21164,HOME SWEET HOME METAL SIGN,723,5981,16626.41,3.27,11,Carteles y Señalética,['Carteles y Señalética'],1,Carteles y Señalética,Carteles y Señalética,1.660342098906265,Carteles y Señalética
21165,BEWARE OF THE CAT METAL SIGN,984,9360,15167.38,2.12,11,Carteles y Señalética,['Carteles y Señalética'],1,Carteles y Señalética,Carteles y Señalética,1.8873593717493704,Carteles y Señalética
21166,COOK WITH WINE METAL SIGN,1435,19932,38138.86,2.28,11,Carteles y Señalética,['Carteles y Señalética'],1,Carteles y Señalética,Carteles y Señalética,2.023586903006472,Carteles y Señalética
21167,WHITE SAGE INCENSE,114,2440,587.52,0.33,22,,[],0,Sin regla,Velas e Iluminación,0.17476787588683096,Sin clasificar
21169,YOU RE CONFUSING ME METAL SIGN,784,8856,14262.61,2.13,11,Carteles y Señalética,['Carteles y Señalética'],1,Carteles y Señalética,Carteles y Señalética,2.1833692109101843,Carteles y Señalética
21171,BATHROOM METAL SIGN,261,1845,2578.27,1.67,11,Carteles y Señalética,['Carteles y Señalética'],1,Carteles y Señalética,Carteles y Señalética,2.0038756832874673,Carteles y Señalética
21172,PARTY METAL SIGN,987,7685,11382.16,1.91,11,Carteles y Señalética,['Carteles y Señalética'],1,Carteles y Señalética,Carteles y Señalética,1.7736234247194909,Carteles y Señalética
21173,LOO ROLL METAL SIGN,78,340,607.96,2.21,11,Carteles y Señalética,['Carteles y Señalética'],1,Carteles y Señalética,Carteles y Señalética,2.323029923945381,Carteles y Señalética
21174,POTTERING IN THE SHED METAL SIGN,1146,9696,19593.81,2.51,11,Carteles y Señalética,['Carteles y Señalética'],1,Carteles y Señalética,Carteles y Señalética,1.7685778503850065,Carteles y Señalética
21175,GIN TONIC DIET METAL SIGN,1671,20676,43851.48,2.56,11,Carteles y Señalética,['Carteles y Señalética'],1,Carteles y Señalética,Carteles y Señalética,1.8566468680429482,Carteles y Señalética
21179,NO JUNK MAIL METAL SIGN,514,4284,3517.9,1.33,11,Carteles y Señalética,['Carteles y Señalética'],1,Carteles y Señalética,Carteles y Señalética,2.4410150854236736,Carteles y Señalética
21181,PLEASE ONE PERSON METAL SIGN,1828,24732,50117.14,2.37,11,Carteles y Señalética,['Carteles y Señalética'],1,Carteles y Señalética,Carteles y Señalética,2.1048064670196425,Carteles y Señalética
21185,HOME SWEET HOME BLACKBOARD,44,132,876.29,7.37,22,Decoración del Hogar,['Decoración del Hogar'],1,Decoración del Hogar,Decoración del Hogar,1.847578886105682,Decoración del Hogar
21186,WHITE DOVE HONEYCOMB PAPER GARLAND,375,5272,8532.17,2.03,14,Decoración del Hogar,['Decoración del Hogar'],1,Decoración del Hogar,Decoración del Hogar,2.14131087969856,Decoración del Hogar
21187,WHITE BELL HONEYCOMB PAPER GARLAND,148,1344,2243.78,2.02,14,Decoración del Hogar,['Decoración del Hogar'],1,Decoración del Hogar,Decoración del Hogar,2.199806113377178,Decoración del Hogar
21188,3D HEARTS HONEYCOMB PAPER GARLAND,132,912,2771.34,3.58,14,Decoración del Hogar,['Decoración del Hogar'],1,Decoración del Hogar,Decoración del Hogar,2.322830751219154,Decoración del Hogar
21189,WHITE HONEYCOMB PAPER GARLAND,124,797,1698.88,2.45,14,Decoración del Hogar,['Decoración del Hogar'],1,Decoración del Hogar,Decoración del Hogar,2.325548233220758,Decoración del Hogar
21190,PINK HEARTS PAPER GARLAND,115,806,1337.59,1.98,14,Decoración del Hogar,['Decoración del Hogar'],1,Decoración del Hogar,Decoración del Hogar,1.8269416983188558,Decoración del Hogar
21191,LARGE WHITE HONEYCOMB PAPER BELL,202,1479,3408.61,2.89,22,,[],0,Sin regla,Decoración del Hogar,0.874173769158499,Decoración del Hogar
21192,WHITE BELL HONEYCOMB PAPER,222,2167,3885.64,2.35,22,,[],0,Sin regla,Decoración del Hogar,0.961389744279776,Decoración del Hogar
21193,WHITE HONEYCOMB PAPER FAN,23,111,274.37,2.84,22,Decoración del Hogar,['Decoración del Hogar'],1,Decoración del Hogar,Decoración del Hogar,1.9330073673625248,Decoración del Hogar
21194,PINK HONEYCOMB PAPER FAN,97,578,751.5,2.03,22,Decoración del Hogar,['Decoración del Hogar'],1,Decoración del Hogar,Decoración del Hogar,1.9321788362344918,Decoración del Hogar
21195,PINK HONEYCOMB PAPER BALL,151,997,2122.66,2.98,22,,[],0,Sin regla,Decoración del Hogar,0.8680417046104629,Decoración del Hogar
21196,ROUND WHITE CONFETTI IN TUBE,23,178,306.89,1.94,22,,[],0,Sin regla,Papelería y Tarjetería,0.3198509413112411,Papelería y Tarjetería
21197,MULTICOLOUR CONFETTI IN TUBE,46,453,661.81,1.63,22,,[],0,Sin regla,Papelería y Tarjetería,0.13204388781521437,Sin clasificar
21198,WHITE HEART CONFETTI IN TUBE,119,1282,1472.3,1.75,39,,[],0,Sin regla,Papelería y Tarjetería,0.19176472360533758,Sin clasificar
21199,PINK HEART CONFETTI IN TUBE,150,1305,1495.7,1.87,39,,[],0,Sin regla,Papelería y Tarjetería,0.3967256671218473,Papelería y Tarjetería
21200,MULTICOLOUR HONEYCOMB PAPER GARLAND,127,1421,2065.16,2.02,14,Decoración del Hogar,['Decoración del Hogar'],1,Decoración del Hogar,Decoración del Hogar,2.0480397528466048,Decoración del Hogar
21201,TROPICAL HONEYCOMB PAPER GARLAND,242,2741,6517.16,2.98,14,Decoración del Hogar,['Decoración del Hogar'],1,Decoración del Hogar,Decoración del Hogar,2.296700331517461,Decoración del Hogar
21202,DOLLY HONEYCOMB GARLAND,66,854,1103.48,1.78,14,Decoración del Hogar,['Decoración del Hogar'],1,Decoración del Hogar,Decoración del Hogar,2.098186468700616,Decoración del Hogar
21203,BUTTERFLIES HONEYCOMB GARLAND,148,1539,2527.0,2.04,14,Decoración del Hogar,['Decoración del Hogar'],1,Decoración del Hogar,Decoración del Hogar,1.9641404465983279,Decoración del Hogar
21204,DAISIES HONEYCOMB GARLAND,207,1608,2682.99,1.99,14,Decoración del Hogar,['Decoración del Hogar'],1,Decoración del Hogar,Decoración del Hogar,1.999269295211962,Decoración del Hogar
21205,MULTICOLOUR 3D BALLS GARLAND,149,669,1746.97,2.92,14,Decoración del Hogar,['Decoración del Hogar'],1,Decoración del Hogar,Decoración del Hogar,1.8003686526199407,Decoración del Hogar
21206,STRAWBERRY HONEYCOMB GARLAND,240,2155,3067.9,1.86,14,Decoración del Hogar,['Decoración del Hogar'],1,Decoración del Hogar,Decoración del Hogar,1.9924190980443781,Decoración del Hogar
21207,SKULL AND CROSSBONES GARLAND,283,3601,5597.42,1.76,14,Decoración del Hogar,['Decoración del Hogar'],1,Decoración del Hogar,Decoración del Hogar,1.636311634945673,Decoración del Hogar
21208,PASTEL COLOUR HONEYCOMB FAN,122,1078,976.91,1.64,22,Decoración del Hogar,['Decoración del Hogar'],1,Decoración del Hogar,Decoración del Hogar,1.9073440994484998,Decoración del Hogar
21209,MULTICOLOUR HONEYCOMB FAN,137,1476,1368.04,1.75,22,Decoración del Hogar,['Decoración del Hogar'],1,Decoración del Hogar,Decoración del Hogar,1.8596446643297329,Decoración del Hogar
21210,SET OF 72 RETROSPOT PAPER DOILIES,1165,15118,21727.19,1.77,22,Papelería y Tarjetería,['Papelería y Tarjetería'],1,Papelería y Tarjetería,Papelería y Tarjetería,1.81648940300933,Papelería y Tarjetería
21211,SET OF 72 SKULL PAPER DOILIES,238,2405,3365.64,1.67,22,Papelería y Tarjetería,['Papelería y Tarjetería'],1,Papelería y Tarjetería,Papelería y Tarjetería,1.7726541712646355,Papelería y Tarjetería
21212,PACK OF 72 RETROSPOT CAKE CASES,3181,94884,51825.15,0.71,32,Cocina y Mesa,['Cocina y Mesa'],1,Cocina y Mesa,Cocina y Mesa,1.8644605405810872,Cocina y Mesa
21213,PACK OF 72 SKULL CAKE CASES,1505,40263,21390.76,0.74,32,Cocina y Mesa,['Cocina y Mesa'],1,Cocina y Mesa,Cocina y Mesa,1.7983722012944545,Cocina y Mesa
21214,SET OF 72 IVORY PAPER DOILIES,202,2006,2920.82,1.99,22,Papelería y Tarjetería,['Papelería y Tarjetería'],1,Papelería y Tarjetería,Papelería y Tarjetería,1.8896886484162017,Papelería y Tarjetería
21215,IVORY PAPER CUP CAKE CASES,295,4349,2533.88,0.87,32,Cocina y Mesa,['Cocina y Mesa'],1,Cocina y Mesa,Cocina y Mesa,3.2541220353309175,Cocina y Mesa
21216,SET 3 RETROSPOT TEA COFFEE SUGAR,809,3884,20169.0,6.91,9,Cocina y Mesa,['Cocina y Mesa'],1,Cocina y Mesa,Cocina y Mesa,1.843058793521375,Cocina y Mesa
21217,RED RETROSPOT ROUND CAKE TINS,930,2904,29769.24,11.67,32,Cocina y Mesa,['Cocina y Mesa'],1,Cocina y Mesa,Cocina y Mesa,1.7469968832675553,Cocina y Mesa
21218,RED SPOTTY BISCUIT TIN,902,5256,20800.31,5.26,22,Cocina y Mesa,['Cocina y Mesa'],1,Cocina y Mesa,Cocina y Mesa,1.7125198736081244,Cocina y Mesa
21219,SET 4 BADGES BALLOON GIRL,178,1013,1303.27,1.55,22,Pascua y Fiestas,['Pascua y Fiestas'],1,Pascua y Fiestas,Pascua y Fiestas,1.927839952247789,Pascua y Fiestas
21220,SET 4 BADGES DOGS,160,659,888.68,1.64,22,,[],0,Sin regla,Cocina y Mesa,0.11836354319530396,Sin clasificar
21221,SET 4 BADGES CUTE CREATURES,107,535,709.66,1.5,22,,[],0,Sin regla,Cocina y Mesa,0.35095037820589875,Cocina y Mesa
21222,SET 4 BADGES BEETLES,134,621,804.65,1.52,22,,[],0,Sin regla,Cocina y Mesa,0.20508103990180832,Cocina y Mesa
21223,SET 4 BADGES WOODLAND ANIMAL,44,492,587.08,1.43,22,,[],0,Sin regla,Cocina y Mesa,0.03942903146848381,Sin clasificar
21224,SET 4 SKULL BADGES,316,2171,2691.91,1.25,22,,[],0,Sin regla,Cocina y Mesa,0.08306668015187985,Sin clasificar
21225,POCKET MIRROR BUTTERFLY,2,2,2.5,1.25,20,"Espejos, Relojes y Arte de Pared","['Espejos, Relojes y Arte de Pared']",1,"Espejos, Relojes y Arte de Pared","Espejos, Relojes y Arte de Pared",2.1220444332748176,"Espejos, Relojes y Arte de Pared"
21226,POCKET MIRROR WOODLAND,38,213,230.55,1.07,20,"Espejos, Relojes y Arte de Pared","['Espejos, Relojes y Arte de Pared']",1,"Espejos, Relojes y Arte de Pared","Espejos, Relojes y Arte de Pared",2.085217239592631,"Espejos, Relojes y Arte de Pared"
21228,POCKET MIRROR GLAMOROUS,32,97,122.57,1.29,20,"Espejos, Relojes y Arte de Pared","['Espejos, Relojes y Arte de Pared']",1,"Espejos, Relojes y Arte de Pared","Espejos, Relojes y Arte de Pared",1.9881651829602058,"Espejos, Relojes y Arte de Pared"
21231,SWEETHEART CERAMIC TRINKET BOX,1510,19428,24128.86,1.5,30,Cajas y Almacenamiento,['Cajas y Almacenamiento'],1,Cajas y Almacenamiento,Cajas y Almacenamiento,2.072516312174054,Cajas y Almacenamiento
21232,STRAWBERRY CERAMIC TRINKET BOX,2478,37997,49300.57,1.53,4,Cajas y Almacenamiento,['Cajas y Almacenamiento'],1,Cajas y Almacenamiento,Cajas y Almacenamiento,1.9472037847048542,Cajas y Almacenamiento
21238,RED RETROSPOT CUP,913,9477,8164.0,1.02,22,Cocina y Mesa,['Cocina y Mesa'],1,Cocina y Mesa,Cocina y Mesa,1.8289875243732971,Cocina y Mesa
21239,PINK POLKADOT CUP,757,7369,6438.39,1.06,22,Cocina y Mesa,['Cocina y Mesa'],1,Cocina y Mesa,Cocina y Mesa,1.9529700636671428,Cocina y Mesa
21240,BLUE POLKADOT CUP,772,7581,6535.74,1.05,22,Cocina y Mesa,['Cocina y Mesa'],1,Cocina y Mesa,Cocina y Mesa,1.9257171459776519,Cocina y Mesa
21241,GREEN SPOTTY CUP,261,2213,1869.07,0.98,22,Cocina y Mesa,['Cocina y Mesa'],1,Cocina y Mesa,Cocina y Mesa,2.179816894494729,Cocina y Mesa
21242,RED RETROSPOT PLATE,658,7085,11917.73,1.99,26,Cocina y Mesa,['Cocina y Mesa'],1,Cocina y Mesa,Cocina y Mesa,1.5812821619323705,Cocina y Mesa
21243,PINK POLKADOT PLATE,504,5636,9287.7,2.01,26,Cocina y Mesa,['Cocina y Mesa'],1,Cocina y Mesa,Cocina y Mesa,1.912191853217701,Cocina y Mesa
21244,BLUE POLKADOT PLATE,449,5045,8279.07,1.95,26,Cocina y Mesa,['Cocina y Mesa'],1,Cocina y Mesa,Cocina y Mesa,1.8894036584886433,Cocina y Mesa
21245,GREEN POLKADOT PLATE,308,2567,4268.36,1.93,26,Cocina y Mesa,['Cocina y Mesa'],1,Cocina y Mesa,Cocina y Mesa,1.8988798826553481,Cocina y Mesa
21246,RED RETROSPOT BIG BOWL,209,749,3685.63,5.09,44,Cocina y Mesa,['Cocina y Mesa'],1,Cocina y Mesa,Cocina y Mesa,1.9393545217492458,Cocina y Mesa
21247,SET OF RED SALAD SERVERS,81,422,664.73,1.89,22,,[],0,Sin regla,Cocina y Mesa,0.3882499336014838,Cocina y Mesa
21248,DOOR HANGER MUM DADS ROOM,158,1043,1299.55,1.69,22,,[],0,Sin regla,Jardín y Exterior,0.23219570026829783,Jardín y Exterior
21249,WOODLAND HEIGHT CHART STICKERS,259,1661,4770.53,3.67,13,Papelería y Tarjetería,['Papelería y Tarjetería'],1,Papelería y Tarjetería,Papelería y Tarjetería,1.9603583000333273,Papelería y Tarjetería
21250,SET OF SKULL WALL STICKERS,60,402,997.55,3.23,13,Papelería y Tarjetería,['Papelería y Tarjetería'],1,Papelería y Tarjetería,Papelería y Tarjetería,1.4740813080605588,Papelería y Tarjetería
21251,DINOSAUR HEIGHT CHART STICKER SET,132,595,1683.93,3.52,22,Papelería y Tarjetería,['Papelería y Tarjetería'],1,Papelería y Tarjetería,Papelería y Tarjetería,1.5124831301919222,Papelería y Tarjetería
21252,SET OF MEADOW FLOWER STICKERS,22,168,408.66,3.36,36,Papelería y Tarjetería,['Papelería y Tarjetería'],1,Papelería y Tarjetería,Papelería y Tarjetería,1.6740493730458332,Papelería y Tarjetería
21253,SET OF PICTURE FRAME STICKERS,122,332,1225.17,4.6,13,Marcos y Fotografía,"['Marcos y Fotografía', 'Papelería y Tarjetería']",2,Marcos y Fotografía,Marcos y Fotografía,1.669073415032679,Marcos y Fotografía
21255,FRENCH BOTTLE LAVENDER,96,476,860.08,2.39,22,,[],0,Sin regla,Botellas de Agua Caliente y Confort,0.06022389040831677,Sin clasificar
21256,FRENCH BOTTLE BRASSERIE DES ARTIST,65,326,588.64,2.42,22,,[],0,Sin regla,Botellas de Agua Caliente y Confort,0.18323834762374747,Sin clasificar
21257,VICTORIAN SEWING BOX MEDIUM,533,1549,13968.48,10.5,4,Cajas y Almacenamiento,['Cajas y Almacenamiento'],1,Cajas y Almacenamiento,Cajas y Almacenamiento,1.9046272526537162,Cajas y Almacenamiento
21258,VICTORIAN SEWING BOX LARGE,527,1505,21386.56,17.01,4,Cajas y Almacenamiento,['Cajas y Almacenamiento'],1,Cajas y Almacenamiento,Cajas y Almacenamiento,1.9152560450675251,Cajas y Almacenamiento
21259,VICTORIAN SEWING BOX SMALL,656,2293,13843.92,6.93,4,Cajas y Almacenamiento,['Cajas y Almacenamiento'],1,Cajas y Almacenamiento,Cajas y Almacenamiento,1.78779723116419,Cajas y Almacenamiento
21260,FIRST AID TIN,538,3512,11564.43,3.81,22,,[],0,Sin regla,Cocina y Mesa,0.5588039790171767,Cocina y Mesa
21261,GREEN GOOSE FEATHER CHRISTMAS TREE,77,283,1146.12,6.39,0,Navidad,['Navidad'],1,Navidad,Navidad,1.9454968329363946,Navidad
21262,WHITE GOOSE FEATHER CHRISTMAS TREE,132,606,2366.02,6.07,0,Navidad,['Navidad'],1,Navidad,Navidad,1.9886836899790115,Navidad
21263,GREEN GOOSE FEATHER TREE 60CM,57,299,658.29,3.06,0,,[],0,Sin regla,Papelería y Tarjetería,0.13835103573703567,Sin clasificar
21264,WHITE GOOSE FEATHER TREE 60CM,68,391,917.85,3.47,0,,[],0,Sin regla,Papelería y Tarjetería,0.11359960724361762,Sin clasificar
21265,PINK GOOSE FEATHER TREE 60CM,34,321,705.59,3.59,0,,[],0,Sin regla,Papelería y Tarjetería,0.2085320538176142,Papelería y Tarjetería
21266,VINTAGE SILVER TINSEL REEL,9,23,98.9,4.3,22,,[],0,Sin regla,Papelería y Tarjetería,0.35149263079854526,Papelería y Tarjetería
21267,VINTAGE PINK TINSEL REEL,10,24,74.6,3.42,22,,[],0,Sin regla,Papelería y Tarjetería,0.4411816113637067,Papelería y Tarjetería
21268,VINTAGE BLUE TINSEL REEL,52,397,261.66,1.29,22,,[],0,Sin regla,Papelería y Tarjetería,0.44232080227497184,Papelería y Tarjetería
21269,ANTIQUE CREAM CUTLERY SHELF,65,114,1036.84,9.41,22,Cocina y Mesa,['Cocina y Mesa'],1,Cocina y Mesa,Cocina y Mesa,1.7890568933574147,Cocina y Mesa
21270,ANTIQUE CREAM CUTLERY CUPBOARD,52,76,874.43,12.02,22,Cocina y Mesa,['Cocina y Mesa'],1,Cocina y Mesa,Cocina y Mesa,1.828943274711666,Cocina y Mesa
21272,SALLE DE BAIN HOOK,344,2348,3109.83,1.64,22,,[],0,Sin regla,Textiles del Hogar,0.12406113752839343,Sin clasificar
21274,EMBOSSED HEART 3 DRAWER SHELF,106,175,2420.69,14.66,39,,[],0,Sin regla,Cajas y Almacenamiento,0.6643149803085702,Cajas y Almacenamiento
21275,ZINC TOP 2 DOOR WOODEN SHELF,55,249,1714.48,14.02,22,,[],0,Sin regla,Jardín y Exterior,0.7242973594222484,Jardín y Exterior
21276,TWO EMBOSSED HEART MINI DRAWERS,29,677,1558.94,4.25,39,,[],0,Sin regla,Cajas y Almacenamiento,0.34039295386176294,Cajas y Almacenamiento
21277,FRENCH STYLE EMBOSSED HEART CABINET,48,54,1309.39,24.66,39,Cajas y Almacenamiento,['Cajas y Almacenamiento'],1,Cajas y Almacenamiento,Cajas y Almacenamiento,1.9078203305661272,Cajas y Almacenamiento
21278,VINTAGE KITCHEN PRINT PUDDINGS,119,2758,1654.45,3.51,27,,[],0,Sin regla,Cocina y Mesa,0.34000442176466333,Cocina y Mesa
21279,VINTAGE KITCHEN PRINT FRUITS,101,3527,1621.83,3.6,27,,[],0,Sin regla,Cocina y Mesa,0.3205630644601066,Cocina y Mesa
21280,VINTAGE KITCHEN PRINT VEGETABLES,70,3333,1800.44,2.99,27,,[],0,Sin regla,Cocina y Mesa,0.32967469247067205,Cocina y Mesa
21281,VINTAGE KITCHEN PRINT SEAFOOD,67,3680,1716.8,3.47,27,,[],0,Sin regla,Cocina y Mesa,0.1796372739896056,Sin clasificar
21282,NATURAL BARK CANDLE LARGE,69,356,1522.28,4.77,35,Velas e Iluminación,['Velas e Iluminación'],1,Velas e Iluminación,Velas e Iluminación,1.8745078122155558,Velas e Iluminación
21283,NATURAL BARK CANDLE SMALL,82,512,1629.2,3.68,35,Velas e Iluminación,['Velas e Iluminación'],1,Velas e Iluminación,Velas e Iluminación,1.8606948021115035,Velas e Iluminación
21284,RETROSPOT CANDLE SMALL,140,1547,1668.72,1.96,35,Velas e Iluminación,['Velas e Iluminación'],1,Velas e Iluminación,Velas e Iluminación,1.9425001416869616,Velas e Iluminación
21285,RETROSPOT CANDLE MEDIUM,99,1007,1362.62,2.32,35,Velas e Iluminación,['Velas e Iluminación'],1,Velas e Iluminación,Velas e Iluminación,1.8439168181593508,Velas e Iluminación
21286,RETROSPOT CANDLE LARGE,101,1006,1623.01,2.91,35,Velas e Iluminación,['Velas e Iluminación'],1,Velas e Iluminación,Velas e Iluminación,1.9573840205672877,Velas e Iluminación
21287,SCENTED VELVET LOUNGE CANDLE,93,4107,1860.0,0.85,35,Velas e Iluminación,['Velas e Iluminación'],1,Velas e Iluminación,Velas e Iluminación,2.0049276643852774,Velas e Iluminación
21288,STRIPEY CHOCOLATE NESTING BOXES,224,982,2557.47,3.34,22,Cajas y Almacenamiento,['Cajas y Almacenamiento'],1,Cajas y Almacenamiento,Cajas y Almacenamiento,1.8489216520322322,Cajas y Almacenamiento
21289,LARGE STRIPES CHOCOLATE GIFT BAG,102,1413,1549.31,1.31,6,Bolsos y Carteras,['Bolsos y Carteras'],1,Bolsos y Carteras,Bolsos y Carteras,1.9046795226837974,Bolsos y Carteras
21290,LARGE SPOTTY CHOCOLATE GIFT BAG,1,2,2.5,1.25,6,Bolsos y Carteras,['Bolsos y Carteras'],1,Bolsos y Carteras,Bolsos y Carteras,1.9171947012401447,Bolsos y Carteras
21291,SMALL SPOTTY CHOCOLATE GIFT BAG,153,2411,2077.93,0.97,6,Bolsos y Carteras,['Bolsos y Carteras'],1,Bolsos y Carteras,Bolsos y Carteras,1.9517858938783261,Bolsos y Carteras
21292,SMALL STRIPES CHOCOLATE GIFT BAG,91,2449,1427.11,0.81,6,Bolsos y Carteras,['Bolsos y Carteras'],1,Bolsos y Carteras,Bolsos y Carteras,1.9246970643741865,Bolsos y Carteras
21293,MIRRORED DOVE WALL DECORATION,86,343,872.34,3.01,1,"Espejos, Relojes y Arte de Pared","['Espejos, Relojes y Arte de Pared', 'Decoración del Hogar']",2,"Espejos, Relojes y Arte de Pared","Espejos, Relojes y Arte de Pared",1.809706596014712,"Espejos, Relojes y Arte de Pared"
21294,ETCHED GLASS COASTER,141,2246,1653.75,1.13,22,Cocina y Mesa,['Cocina y Mesa'],1,Cocina y Mesa,Cocina y Mesa,1.7678333349040765,Cocina y Mesa
21298,EDWARDIAN 2 DRAWER WALL CABINET,14,52,755.8,19.38,22,Cajas y Almacenamiento,['Cajas y Almacenamiento'],1,Cajas y Almacenamiento,Cajas y Almacenamiento,2.469914369998729,Cajas y Almacenamiento
21299,EDWARDIAN TOILET ROLL UNIT,34,166,966.35,11.02,22,,[],0,Sin regla,Jardín y Exterior,0.013308827956329261,Sin clasificar
21300,ANTIQUE EDWARDIAN DRESSER,12,53,841.7,23.48,22,,[],0,Sin regla,Cocina y Mesa,0.036100862890737107,Sin clasificar
21303,FILIGREE WALL MIRROR ANTIQUE WHITE,30,96,985.54,15.43,20,"Espejos, Relojes y Arte de Pared","['Espejos, Relojes y Arte de Pared']",1,"Espejos, Relojes y Arte de Pared","Espejos, Relojes y Arte de Pared",2.0468800257702147,"Espejos, Relojes y Arte de Pared"
21304,ARCHED GREY MIRROR,18,86,591.58,11.13,20,"Espejos, Relojes y Arte de Pared","['Espejos, Relojes y Arte de Pared']",1,"Espejos, Relojes y Arte de Pared","Espejos, Relojes y Arte de Pared",2.1405058909821064,"Espejos, Relojes y Arte de Pared"
21306,SET 4 DAISY MIRROR MAGNETS,68,681,342.8,1.4,20,"Espejos, Relojes y Arte de Pared","['Espejos, Relojes y Arte de Pared']",1,"Espejos, Relojes y Arte de Pared","Espejos, Relojes y Arte de Pared",1.954136749586238,"Espejos, Relojes y Arte de Pared"
21307,SET 4 BUTTERFLY MIRROR MAGNETS,72,749,650.07,2.13,20,"Espejos, Relojes y Arte de Pared","['Espejos, Relojes y Arte de Pared']",1,"Espejos, Relojes y Arte de Pared","Espejos, Relojes y Arte de Pared",1.9614188992373214,"Espejos, Relojes y Arte de Pared"
21308,LOUVRE VANITY MIRROR,6,132,705.9,12.16,20,"Espejos, Relojes y Arte de Pared","['Espejos, Relojes y Arte de Pared']",1,"Espejos, Relojes y Arte de Pared","Espejos, Relojes y Arte de Pared",2.1670307713804586,"Espejos, Relojes y Arte de Pared"
21309,LOUVRE CHALKBOARD,5,49,325.6,9.16,22,Decoración del Hogar,['Decoración del Hogar'],1,Decoración del Hogar,Decoración del Hogar,1.939164038885085,Decoración del Hogar
21310,CAPIZ CHANDELIER,4,6,179.7,29.95,22,,[],0,Sin regla,Velas e Iluminación,0.24454647217048964,Velas e Iluminación
21311,SET 4 BIRD MIRROR MAGNETS,95,701,539.67,1.57,20,"Espejos, Relojes y Arte de Pared","['Espejos, Relojes y Arte de Pared']",1,"Espejos, Relojes y Arte de Pared","Espejos, Relojes y Arte de Pared",2.1948369121587947,"Espejos, Relojes y Arte de Pared"
21312,LARGE CHUNKY GLASS ROMAN BOWL,26,299,1179.17,6.82,44,Cocina y Mesa,['Cocina y Mesa'],1,Cocina y Mesa,Cocina y Mesa,1.8685337710864176,Cocina y Mesa
21313,GLASS HEART T LIGHT HOLDER,417,6711,5771.11,1.13,15,Velas e Iluminación,['Velas e Iluminación'],1,Velas e Iluminación,Velas e Iluminación,2.460527768262617,Velas e Iluminación
21314,SMALL GLASS HEART TRINKET POT,1072,11426,24641.39,2.78,39,Cajas y Almacenamiento,['Cajas y Almacenamiento'],1,Cajas y Almacenamiento,Cajas y Almacenamiento,1.8678849485151683,Cajas y Almacenamiento
21316,SMALL CHUNKY GLASS ROMAN BOWL,47,693,1146.11,3.01,44,Cocina y Mesa,['Cocina y Mesa'],1,Cocina y Mesa,Cocina y Mesa,1.897338514100108,Cocina y Mesa
21317,GLASS SPHERE CANDLE STAND MEDIUM,76,357,1453.4,5.97,35,Velas e Iluminación,['Velas e Iluminación'],1,Velas e Iluminación,Velas e Iluminación,1.790263918470453,Velas e Iluminación
21318,GLASS CHALICE BLUE SMALL,94,972,900.42,1.6,22,,[],0,Sin regla,Cocina y Mesa,0.23921692109865134,Cocina y Mesa
21319,GLASS CHALICE GREEN SMALL,65,508,743.61,1.97,22,,[],0,Sin regla,Cocina y Mesa,0.19716958000827817,Sin clasificar
21320,GLASS CHALICE GREEN LARGE,57,398,913.34,3.16,22,,[],0,Sin regla,Cocina y Mesa,0.1620349615404228,Sin clasificar
21321,GLASS CHALICE BLUE LARGE,18,122,301.8,3.08,22,,[],0,Sin regla,Cocina y Mesa,0.2021752214688733,Cocina y Mesa
21322,GLASS SPHERE CANDLE STAND LARGE,14,301,590.45,4.97,35,Velas e Iluminación,['Velas e Iluminación'],1,Velas e Iluminación,Velas e Iluminación,1.8610286612873548,Velas e Iluminación
21323,HANGING MEDINA LANTERN LARGE,80,740,2506.89,5.57,22,Velas e Iluminación,['Velas e Iluminación'],1,Velas e Iluminación,Velas e Iluminación,1.866963867239698,Velas e Iluminación
21324,HANGING MEDINA LANTERN SMALL,177,1014,2845.71,3.7,22,Velas e Iluminación,['Velas e Iluminación'],1,Velas e Iluminación,Velas e Iluminación,1.8510340157970446,Velas e Iluminación
21326,AGED GLASS SILVER T LIGHT HOLDER,654,17770,11593.86,0.81,15,Velas e Iluminación,['Velas e Iluminación'],1,Velas e Iluminación,Velas e Iluminación,2.1302594416047524,Velas e Iluminación
21327,SKULLS WRITING SET,500,1926,3378.51,2.0,22,,[],0,Sin regla,Papelería y Tarjetería,0.21269887740420618,Papelería y Tarjetería
21328,BALLOONS WRITING SET,649,2441,4612.63,2.26,22,Pascua y Fiestas,['Pascua y Fiestas'],1,Pascua y Fiestas,Pascua y Fiestas,2.2897189721117974,Pascua y Fiestas
21329,DINOSAURS WRITING SET,561,2082,3760.66,2.11,22,,[],0,Sin regla,Cocina y Mesa,0.05211870123620033,Sin clasificar
21330,WOODLAND ANIMAL WRITING SET,203,1452,2454.07,2.28,22,,[],0,Sin regla,Papelería y Tarjetería,0.12397787096915752,Sin clasificar
21331,MOROCCAN BEATEN METAL DISH LARGE,30,110,946.68,14.57,34,,[],0,Sin regla,Cocina y Mesa,0.4805584612887558,Cocina y Mesa
21332,MOROCCAN BEATEN METAL MIRROR,50,270,1644.17,11.98,20,"Espejos, Relojes y Arte de Pared","['Espejos, Relojes y Arte de Pared']",1,"Espejos, Relojes y Arte de Pared","Espejos, Relojes y Arte de Pared",1.9115653379381425,"Espejos, Relojes y Arte de Pared"
21333,CLASSIC WHITE FRAME,222,1057,3192.09,3.23,13,Marcos y Fotografía,['Marcos y Fotografía'],1,Marcos y Fotografía,Marcos y Fotografía,1.9174699143780098,Marcos y Fotografía
21335,LIBRARY LAMP,28,42,989.62,25.33,22,,[],0,Sin regla,Navidad,0.058665227147708054,Sin clasificar
21336,GOLD WASHBAG,43,1823,527.56,3.44,22,,[],0,Sin regla,Bolsos y Carteras,0.5816329018794498,Bolsos y Carteras
21337,SILVER WASHBAG,12,33,103.53,3.46,22,,[],0,Sin regla,Bolsos y Carteras,0.3722260396783518,Bolsos y Carteras
21338,MARAKESH LANTERN SMALL,14,199,873.25,6.31,22,Velas e Iluminación,['Velas e Iluminación'],1,Velas e Iluminación,Velas e Iluminación,1.9635812818435667,Velas e Iluminación
21339,MARAKESH LANTERN LARGE,13,30,544.5,19.26,22,Velas e Iluminación,['Velas e Iluminación'],1,Velas e Iluminación,Velas e Iluminación,1.9644524711668319,Velas e Iluminación
21340,CLASSIC METAL BIRDCAGE PLANT HOLDER,420,1758,19194.13,13.08,7,Jardín y Exterior,['Jardín y Exterior'],1,Jardín y Exterior,Jardín y Exterior,1.639402648426992,Jardín y Exterior
21341,KASBAH LANTERN WITH GLASS,29,72,410.64,7.19,22,Velas e Iluminación,['Velas e Iluminación'],1,Velas e Iluminación,Velas e Iluminación,1.8732991982613574,Velas e Iluminación
21343,GOLD JEWELERY BOX,3,20,92.0,8.28,4,Joyería y Bijouterie,['Joyería y Bijouterie'],1,Joyería y Bijouterie,Joyería y Bijouterie,1.4382692874921217,Joyería y Bijouterie
21344,MOROCCAN BEATEN METAL DISH,26,166,749.82,8.92,34,,[],0,Sin regla,Cocina y Mesa,0.4787161335990913,Cocina y Mesa
21347,GOTHIC CARRIAGE LANTERN,4,8,47.6,5.95,22,Velas e Iluminación,['Velas e Iluminación'],1,Velas e Iluminación,Velas e Iluminación,1.8587225836103205,Velas e Iluminación
21348,PINK SPOTS CHOCOLATE NESTING BOXES,134,842,2030.84,3.15,22,Cajas y Almacenamiento,['Cajas y Almacenamiento'],1,Cajas y Almacenamiento,Cajas y Almacenamiento,1.8361098966648812,Cajas y Almacenamiento
21349,IVY HEART WREATH,172,553,4010.73,8.39,39,Decoración del Hogar,['Decoración del Hogar'],1,Decoración del Hogar,Decoración del Hogar,1.8388493433090545,Decoración del Hogar
21350,GINGHAM HEART WREATH,44,225,647.75,2.94,39,Decoración del Hogar,['Decoración del Hogar'],1,Decoración del Hogar,Decoración del Hogar,1.7772224263708951,Decoración del Hogar
21351,CINAMMON ORANGE WREATH,179,1099,3702.75,5.48,22,Decoración del Hogar,['Decoración del Hogar'],1,Decoración del Hogar,Decoración del Hogar,1.7240616967425697,Decoración del Hogar
21352,EUCALYPTUS PINECONE WREATH,159,880,3110.28,5.29,22,Decoración del Hogar,['Decoración del Hogar'],1,Decoración del Hogar,Decoración del Hogar,1.9121172172914895,Decoración del Hogar
21353,SILVER SLEIGHBELL WREATH,9,19,160.45,8.99,22,Decoración del Hogar,['Decoración del Hogar'],1,Decoración del Hogar,Decoración del Hogar,1.8865405899699907,Decoración del Hogar
21354,TOAST ITS BEST MUM,218,2476,2979.46,1.5,22,,[],0,Sin regla,Cocina y Mesa,0.1931552092190676,Sin clasificar
21355,TOAST ITS I LOVE YOU,346,3452,4218.05,1.46,31,,[],0,Sin regla,Cocina y Mesa,0.42639901023450194,Cocina y Mesa
21356,TOAST ITS FAIRY FLOWER,354,1592,2014.16,1.5,36,,[],0,Sin regla,Velas e Iluminación,0.07319482635934482,Sin clasificar
21357,TOAST ITS DINOSAUR,216,1388,1827.76,1.52,22,,[],0,Sin regla,Cocina y Mesa,0.01959598305409116,Sin clasificar
21358,TOAST ITS HAPPY BIRTHDAY,222,1129,1398.71,1.28,14,,[],0,Sin regla,Papelería y Tarjetería,0.02378243132452451,Sin clasificar
21359,RELAX LARGE WOOD LETTERS,75,208,2116.48,14.58,22,,[],0,Sin regla,Velas e Iluminación,0.010488616918955862,Sin clasificar
21360,JOY LARGE WOOD LETTERS,100,441,2790.41,10.09,22,,[],0,Sin regla,Velas e Iluminación,0.012013373544371153,Sin clasificar
21361,LOVE LARGE WOOD LETTERS,288,556,7361.74,14.29,31,,[],0,Sin regla,Cocina y Mesa,0.014312820034723006,Sin clasificar
21363,HOME SMALL WOOD LETTERS,407,984,5296.48,5.97,22,,[],0,Sin regla,Decoración del Hogar,0.17190801245758613,Sin clasificar
21364,PEACE SMALL WOOD LETTERS,167,468,3407.72,7.62,22,,[],0,Sin regla,Joyería y Bijouterie,0.0012786109453019057,Sin clasificar
21365,MIRRORED WALL ART STARS,79,469,707.92,2.5,20,"Espejos, Relojes y Arte de Pared","['Espejos, Relojes y Arte de Pared']",1,"Espejos, Relojes y Arte de Pared","Espejos, Relojes y Arte de Pared",2.493429348678389,"Espejos, Relojes y Arte de Pared"
21366,MIRRORED WALL ART PHOTO FRAMES,78,238,1140.0,6.05,20,Marcos y Fotografía,"['Marcos y Fotografía', 'Espejos, Relojes y Arte de Pared']",2,Marcos y Fotografía,Marcos y Fotografía,1.4945242700479988,Marcos y Fotografía
21367,MIRRORED WALL ART GENTS,60,211,278.48,2.57,20,"Espejos, Relojes y Arte de Pared","['Espejos, Relojes y Arte de Pared']",1,"Espejos, Relojes y Arte de Pared","Espejos, Relojes y Arte de Pared",2.628958651207676,"Espejos, Relojes y Arte de Pared"
21368,MIRRORED WALL ART LADIES,47,201,212.04,1.87,20,"Espejos, Relojes y Arte de Pared","['Espejos, Relojes y Arte de Pared']",1,"Espejos, Relojes y Arte de Pared","Espejos, Relojes y Arte de Pared",2.27540226265822,"Espejos, Relojes y Arte de Pared"
21369,MIRRORED WALL ART SPLODGES,22,133,225.36,2.91,20,"Espejos, Relojes y Arte de Pared","['Espejos, Relojes y Arte de Pared']",1,"Espejos, Relojes y Arte de Pared","Espejos, Relojes y Arte de Pared",2.6232642730133904,"Espejos, Relojes y Arte de Pared"
21370,MIRRORED WALL ART FOXY,22,54,251.97,7.36,20,"Espejos, Relojes y Arte de Pared","['Espejos, Relojes y Arte de Pared']",1,"Espejos, Relojes y Arte de Pared","Espejos, Relojes y Arte de Pared",2.940076568216803,"Espejos, Relojes y Arte de Pared"
21371,MIRRORED WALL ART POPPIES,64,404,556.01,2.6,20,"Espejos, Relojes y Arte de Pared","['Espejos, Relojes y Arte de Pared']",1,"Espejos, Relojes y Arte de Pared","Espejos, Relojes y Arte de Pared",2.1881439990316496,"Espejos, Relojes y Arte de Pared"
21372,MIRRORED WALL ART TABLE LAMP,51,156,267.01,2.59,20,"Espejos, Relojes y Arte de Pared","['Espejos, Relojes y Arte de Pared']",1,"Espejos, Relojes y Arte de Pared","Espejos, Relojes y Arte de Pared",2.323551680216691,"Espejos, Relojes y Arte de Pared"
21373,MIRRORED WALL ART SNOWFLAKES,61,636,548.89,1.25,20,"Espejos, Relojes y Arte de Pared","['Espejos, Relojes y Arte de Pared']",1,"Espejos, Relojes y Arte de Pared","Espejos, Relojes y Arte de Pared",2.207167651010062,"Espejos, Relojes y Arte de Pared"
21374,MIRRORED WALL ART SKULLS,71,470,809.67,2.9,20,"Espejos, Relojes y Arte de Pared","['Espejos, Relojes y Arte de Pared']",1,"Espejos, Relojes y Arte de Pared","Espejos, Relojes y Arte de Pared",2.3877441558268195,"Espejos, Relojes y Arte de Pared"
21375,LARGE CAMPHOR WOOD FIELD MUSHROOM,62,134,817.6,8.06,22,,[],0,Sin regla,Cocina y Mesa,0.0748677939565674,Sin clasificar
21376,LARGE TALL CAMPHOR WOOD TOADSTOOL,46,183,849.91,6.0,22,,[],0,Sin regla,Velas e Iluminación,0.027565203433387975,Sin clasificar
21377,SMALL CAMPHOR WOOD FIELD MUSHROOM,98,518,742.56,2.52,22,,[],0,Sin regla,Cocina y Mesa,0.11242312769162288,Sin clasificar
21378,SMALL TALL CAMPHOR WOOD TOADSTOOL,88,560,728.97,2.16,22,,[],0,Sin regla,Cocina y Mesa,0.01592844109446634,Sin clasificar
21379,CAMPHOR WOOD PORTOBELLO MUSHROOM,125,641,705.46,1.94,22,,[],0,Sin regla,Decoración del Hogar,0.001582388971212323,Sin clasificar
21380,WOODEN HAPPY BIRTHDAY GARLAND,656,5031,14593.32,3.41,14,Decoración del Hogar,['Decoración del Hogar'],1,Decoración del Hogar,Decoración del Hogar,1.5091327849292573,Decoración del Hogar
21381,MINI WOODEN HAPPY BIRTHDAY GARLAND,543,5104,8568.0,2.19,14,Decoración del Hogar,['Decoración del Hogar'],1,Decoración del Hogar,Decoración del Hogar,1.0258278393357843,Decoración del Hogar
21382,SET 4 SPRING FLOWER DECORATION,153,1238,1665.66,2.22,36,Decoración del Hogar,['Decoración del Hogar'],1,Decoración del Hogar,Decoración del Hogar,1.6100878316971565,Decoración del Hogar
21383,PACK OF 12 STICKY BUNNIES,329,2204,1590.43,0.96,12,Pascua y Fiestas,['Pascua y Fiestas'],1,Pascua y Fiestas,Pascua y Fiestas,1.8607364371078496,Pascua y Fiestas
21384,IVORY HANGING DECORATION BUTTERFLY,152,1917,1810.19,1.05,1,Decoración del Hogar,['Decoración del Hogar'],1,Decoración del Hogar,Decoración del Hogar,1.8775540950596934,Decoración del Hogar
21385,IVORY HANGING DECORATION HEART,709,10832,9358.94,1.05,1,Decoración del Hogar,['Decoración del Hogar'],1,Decoración del Hogar,Decoración del Hogar,2.4781149692456994,Decoración del Hogar
21386,IVORY HANGING DECORATION EGG,110,1148,680.78,0.84,1,Decoración del Hogar,['Decoración del Hogar'],1,Decoración del Hogar,Decoración del Hogar,1.9320202040552545,Decoración del Hogar
21387,IVORY HANGING DECORATION RABBIT,4,25,21.25,0.85,1,Decoración del Hogar,['Decoración del Hogar'],1,Decoración del Hogar,Decoración del Hogar,2.0229042039505267,Decoración del Hogar
21388,IVORY HANGING DECORATION CHICKEN,29,311,290.17,0.92,1,Decoración del Hogar,['Decoración del Hogar'],1,Decoración del Hogar,Decoración del Hogar,2.1531821008557332,Decoración del Hogar
21389,IVORY HANGING DECORATION BIRD,268,2299,2008.09,1.0,1,Decoración del Hogar,['Decoración del Hogar'],1,Decoración del Hogar,Decoración del Hogar,2.4356900395949914,Decoración del Hogar
21390,FILIGRIS HEART WITH BUTTERFLY,605,10937,13552.97,1.46,39,,[],0,Sin regla,Decoración del Hogar,0.12281885515501112,Sin clasificar
21391,FRENCH LAVENDER SCENT HEART,178,1417,1811.89,1.87,39,,[],0,Sin regla,Velas e Iluminación,0.5595257069291655,Velas e Iluminación
21392,RED SPOTTY PUDDING BOWL,49,7545,1478.13,2.38,44,Cocina y Mesa,['Cocina y Mesa'],1,Cocina y Mesa,Cocina y Mesa,2.1790420693755403,Cocina y Mesa
21393,BLUE SPOTTY PUDDING BOWL,44,5244,1172.81,2.13,44,Cocina y Mesa,['Cocina y Mesa'],1,Cocina y Mesa,Cocina y Mesa,2.0891164915499667,Cocina y Mesa
21394,RED POLKADOT BEAKER,150,4005,1864.63,0.79,22,,[],0,Sin regla,Cocina y Mesa,0.26647351791829177,Cocina y Mesa
21395,BLUE POLKADOT BEAKER,115,2968,1401.6,0.91,22,,[],0,Sin regla,Cocina y Mesa,0.23464245344209833,Cocina y Mesa
21396,RED SPOTTY EGG CUP,78,948,1205.25,1.71,8,Cocina y Mesa,['Cocina y Mesa'],1,Cocina y Mesa,Cocina y Mesa,2.1250810264413023,Cocina y Mesa
21397,BLUE SPOTTY EGG CUP,180,2157,2017.74,1.65,8,Cocina y Mesa,['Cocina y Mesa'],1,Cocina y Mesa,Cocina y Mesa,2.0469595997149304,Cocina y Mesa
21398,RED POLKADOT COFFEE MUG,126,2295,2231.9,1.89,9,Cocina y Mesa,['Cocina y Mesa'],1,Cocina y Mesa,Cocina y Mesa,2.2298054199012234,Cocina y Mesa
21399,BLUE POLKADOT COFFEE MUG,118,2378,1550.44,1.53,9,Cocina y Mesa,['Cocina y Mesa'],1,Cocina y Mesa,Cocina y Mesa,2.217885633179343,Cocina y Mesa
21400,RED PUDDING SPOON,91,1078,213.07,0.3,22,Cocina y Mesa,['Cocina y Mesa'],1,Cocina y Mesa,Cocina y Mesa,1.8726209194646775,Cocina y Mesa
21401,BLUE PUDDING SPOON,122,1437,315.7,0.32,22,Cocina y Mesa,['Cocina y Mesa'],1,Cocina y Mesa,Cocina y Mesa,1.8279037021578484,Cocina y Mesa
21402,RED EGG SPOON,152,1698,333.42,0.37,8,Cocina y Mesa,['Cocina y Mesa'],1,Cocina y Mesa,Cocina y Mesa,1.9737392504171019,Cocina y Mesa
21403,BLUE EGG SPOON,157,2319,523.07,0.33,8,Cocina y Mesa,['Cocina y Mesa'],1,Cocina y Mesa,Cocina y Mesa,1.8045404515152628,Cocina y Mesa
21406,SPOTTY CAT DOORSTOP,1,1,8.65,8.65,22,,[],0,Sin regla,Cocina y Mesa,0.016067556975375985,Sin clasificar
21407,BROWN CHECK CAT DOORSTOP,455,1294,5883.33,5.25,22,,[],0,Sin regla,Jardín y Exterior,0.16205222716464518,Sin clasificar
21408,SPOTTY PINK DUCK DOORSTOP,240,703,3045.31,5.91,22,,[],0,Sin regla,Cocina y Mesa,0.16465613587646,Sin clasificar
21409,SPOTTY COCKEREL DOORSTOP,1,1,4.25,4.25,22,,[],0,Sin regla,Jardín y Exterior,0.08126278795968978,Sin clasificar
21410,COUNTRY COTTAGE DOORSTOP GREEN,150,312,1458.28,5.51,22,,[],0,Sin regla,Jardín y Exterior,0.15475068403142478,Sin clasificar
21411,GINGHAM HEART DOORSTOP RED,629,2090,8352.94,4.87,39,,[],0,Sin regla,Decoración del Hogar,0.17310940935287733,Sin clasificar
21412,VINTAGE GOLD TINSEL REEL,74,275,279.0,1.73,22,,[],0,Sin regla,Papelería y Tarjetería,0.4363862279816111,Papelería y Tarjetería
21413,PERIWINKLE T LIGHT HOLDER,52,3162,1131.14,1.64,15,Velas e Iluminación,['Velas e Iluminación'],1,Velas e Iluminación,Velas e Iluminación,2.560244850487375,Velas e Iluminación
21414,SCALLOP SHELL SOAP DISH,37,1637,870.89,2.92,34,,[],0,Sin regla,Cocina y Mesa,0.0848239778693074,Sin clasificar
21415,CLAM SHELL SMALL,82,348,726.16,2.65,34,,[],0,Sin regla,Cocina y Mesa,0.21405113227049188,Cocina y Mesa
21416,CLAM SHELL LARGE,23,751,603.06,4.12,34,,[],0,Sin regla,Cocina y Mesa,0.17468921402365012,Sin clasificar
21417,COCKLE SHELL DISH,118,502,1023.9,3.03,34,,[],0,Sin regla,Cocina y Mesa,0.009426776360215716,Sin clasificar
21418,STARFISH SOAP DISH,67,194,533.84,3.48,34,,[],0,Sin regla,Cocina y Mesa,0.10257345264684381,Sin clasificar
21419,CONCH SHELL,19,1259,577.69,4.35,34,,[],0,Sin regla,Joyería y Bijouterie,0.07597925758335378,Sin clasificar
21420,OYSTER TRINKET BOX,32,120,332.16,3.61,4,Cajas y Almacenamiento,['Cajas y Almacenamiento'],1,Cajas y Almacenamiento,Cajas y Almacenamiento,2.575266241078352,Cajas y Almacenamiento
21421,PORCELAIN ROSE LARGE,108,1792,2144.48,1.57,22,,[],0,Sin regla,Velas e Iluminación,0.5287782794064488,Velas e Iluminación
21422,PORCELAIN ROSE SMALL,148,3160,2619.17,1.08,22,,[],0,Sin regla,Velas e Iluminación,0.4835382915923948,Velas e Iluminación
21424,WOODLAND STORAGE BOX LARGE,142,955,2861.64,4.81,4,Cajas y Almacenamiento,['Cajas y Almacenamiento'],1,Cajas y Almacenamiento,Cajas y Almacenamiento,2.0830180443025292,Cajas y Almacenamiento
21425,SKULLS STORAGE BOX LARGE,95,505,1274.93,4.17,4,Cajas y Almacenamiento,['Cajas y Almacenamiento'],1,Cajas y Almacenamiento,Cajas y Almacenamiento,2.177630319674579,Cajas y Almacenamiento
21426,WOODLAND STORAGE BOX SMALL,101,1028,1647.07,3.22,4,Cajas y Almacenamiento,['Cajas y Almacenamiento'],1,Cajas y Almacenamiento,Cajas y Almacenamiento,2.001398786468808,Cajas y Almacenamiento
21427,SKULLS STORAGE BOX SMALL,120,507,999.06,3.05,4,Cajas y Almacenamiento,['Cajas y Almacenamiento'],1,Cajas y Almacenamiento,Cajas y Almacenamiento,2.091827601681204,Cajas y Almacenamiento
21428,SET3 BOOK BOX GREEN GINGHAM FLOWER,466,2883,11762.93,5.06,4,Cajas y Almacenamiento,['Cajas y Almacenamiento'],1,Cajas y Almacenamiento,Cajas y Almacenamiento,1.7952221126921106,Cajas y Almacenamiento
21429,RED GINGHAM ROSE JEWELLERY BOX,1014,6359,11342.25,2.1,4,Joyería y Bijouterie,"['Joyería y Bijouterie', 'Cajas y Almacenamiento']",2,Joyería y Bijouterie,Joyería y Bijouterie,1.8227127069842506,Joyería y Bijouterie
21430,SET 3 RED GINGHAM ROSE STORAGE BOX,817,4621,18044.97,4.76,4,Cajas y Almacenamiento,['Cajas y Almacenamiento'],1,Cajas y Almacenamiento,Cajas y Almacenamiento,2.1282926066041026,Cajas y Almacenamiento
21431,GREEN GINGHAM FLOWER JEWELLERY BOX,279,1483,2511.36,1.94,4,Joyería y Bijouterie,"['Joyería y Bijouterie', 'Cajas y Almacenamiento']",2,Joyería y Bijouterie,Joyería y Bijouterie,1.7161204047902674,Joyería y Bijouterie
21432,SET OF 3 CASES WOODLAND DESIGN,239,942,5435.91,6.1,22,,[],0,Sin regla,Cocina y Mesa,1.2324685580897397,Cocina y Mesa
21437,24 HANGING EASTER EGGS FLORAL TUB,114,677,2350.92,3.97,22,Pascua y Fiestas,['Pascua y Fiestas'],1,Pascua y Fiestas,Pascua y Fiestas,1.9682789578734332,Pascua y Fiestas
21438,TUB 24 HANGING EASTER EGGS SPOTTY,37,373,1229.82,3.83,22,Pascua y Fiestas,['Pascua y Fiestas'],1,Pascua y Fiestas,Pascua y Fiestas,1.9348195979524285,Pascua y Fiestas
21439,BASKET OF TOADSTOOLS,243,2259,2837.54,1.55,22,,[],0,Sin regla,Velas e Iluminación,0.07899752668752136,Sin clasificar
21440,12 MINI TOADSTOOL PEGS,96,472,597.56,1.33,12,,[],0,Sin regla,Papelería y Tarjetería,0.11539625947202142,Sin clasificar
21441,BLUE BIRDHOUSE DECORATION,134,928,655.46,1.1,1,Jardín y Exterior,"['Jardín y Exterior', 'Decoración del Hogar']",2,Jardín y Exterior,Jardín y Exterior,1.581636022418016,Jardín y Exterior
21442,GREEN BIRDHOUSE DECORATION,136,973,704.97,1.12,1,Jardín y Exterior,"['Jardín y Exterior', 'Decoración del Hogar']",2,Jardín y Exterior,Jardín y Exterior,1.7095466731973779,Jardín y Exterior
21443,OLIVE CHALET BIRDFEEDER,26,257,727.93,4.63,22,,[],0,Sin regla,Joyería y Bijouterie,0.2887558992831115,Joyería y Bijouterie
21444,BLUE CHALET BIRDFEEDER,36,291,902.03,5.46,22,,[],0,Sin regla,Jardín y Exterior,0.1168666494782703,Sin clasificar
21445,12 PINK ROSE PEG PLACE SETTINGS,146,1519,1887.23,1.52,12,,[],0,Sin regla,Joyería y Bijouterie,0.02617482693280926,Sin clasificar
21446,12 RED ROSE PEG PLACE SETTINGS,240,1258,1669.83,1.48,12,,[],0,Sin regla,Joyería y Bijouterie,0.03599648254526233,Sin clasificar
21447,12 IVORY ROSE PEG PLACE SETTINGS,341,2776,3842.63,1.63,12,,[],0,Sin regla,Joyería y Bijouterie,0.06553279943380441,Sin clasificar
21448,12 DAISY PEGS IN WOOD BOX,215,955,1640.17,1.88,12,,[],0,Sin regla,Cajas y Almacenamiento,0.40827235296641584,Cajas y Almacenamiento
21450,DISTRESSED CANDLE STICK WHITE,3,13,77.35,5.95,35,Velas e Iluminación,['Velas e Iluminación'],1,Velas e Iluminación,Velas e Iluminación,1.9026199521490623,Velas e Iluminación
21452,TOADSTOOL MONEY BOX,418,1875,5731.33,3.46,4,Cajas y Almacenamiento,['Cajas y Almacenamiento'],1,Cajas y Almacenamiento,Cajas y Almacenamiento,1.8301873442670489,Cajas y Almacenamiento
21454,PAINTED PINK RABBIT,197,937,807.6,0.91,22,,[],0,Sin regla,Pascua y Fiestas,0.2576731153591121,Pascua y Fiestas
21455,PAINTED YELLOW WOODEN DAISY,171,901,797.27,0.94,22,,[],0,Sin regla,Decoración del Hogar,0.042994086270972676,Sin clasificar
21456,2 PICTURE BOOK EGGS EASTER CHICKS,66,738,776.05,1.45,13,Pascua y Fiestas,['Pascua y Fiestas'],1,Pascua y Fiestas,Pascua y Fiestas,1.9362545048569846,Pascua y Fiestas
21457,2 PICTURE BOOK EGGS EASTER DUCKS,65,685,716.0,1.54,13,Pascua y Fiestas,['Pascua y Fiestas'],1,Pascua y Fiestas,Pascua y Fiestas,1.946289846255423,Pascua y Fiestas
21458,2 PICTURE BOOK EGGS EASTER BUNNY,88,768,849.24,1.64,13,Pascua y Fiestas,['Pascua y Fiestas'],1,Pascua y Fiestas,Pascua y Fiestas,3.0952181685388096,Pascua y Fiestas
21459,YELLOW EASTER EGG HUNT START POST,44,263,520.55,2.3,8,Pascua y Fiestas,['Pascua y Fiestas'],1,Pascua y Fiestas,Pascua y Fiestas,1.9976770412738203,Pascua y Fiestas
21460,GREEN EASTER EGG HUNT START POST,27,113,249.65,2.37,8,Pascua y Fiestas,['Pascua y Fiestas'],1,Pascua y Fiestas,Pascua y Fiestas,1.9634385263619787,Pascua y Fiestas
21461,BLUE EASTER EGG HUNT START POST,23,82,171.04,2.34,8,Pascua y Fiestas,['Pascua y Fiestas'],1,Pascua y Fiestas,Pascua y Fiestas,2.0714796398910322,Pascua y Fiestas
21462,NURSERY A B C PAINTED LETTERS,171,413,2425.41,6.88,22,,[],0,Sin regla,Joyería y Bijouterie,0.02369431268050326,Sin clasificar
21463,MIRRORED DISCO BALL,302,1349,7484.81,6.56,22,"Espejos, Relojes y Arte de Pared","['Espejos, Relojes y Arte de Pared']",1,"Espejos, Relojes y Arte de Pared","Espejos, Relojes y Arte de Pared",1.0633338084252917,"Espejos, Relojes y Arte de Pared"
21464,DISCO BALL ROTATOR BATTERY OPERATED,217,539,2286.75,4.25,22,,[],0,Sin regla,Cocina y Mesa,0.019917071409099263,Sin clasificar
21465,PINK FLOWER CROCHET FOOD COVER,187,793,2875.64,4.03,36,,[],0,Sin regla,Papelería y Tarjetería,0.004808592509048748,Sin clasificar
21466,RED FLOWER CROCHET FOOD COVER,276,927,3479.79,3.98,36,,[],0,Sin regla,Joyería y Bijouterie,0.08602416841119898,Sin clasificar
21467,CHERRY CROCHET FOOD COVER,256,1025,3263.75,4.03,22,,[],0,Sin regla,Textiles del Hogar,0.02458325299184927,Sin clasificar
21468,BUTTERFLY CROCHET FOOD COVER,145,669,2361.39,4.02,22,,[],0,Sin regla,Papelería y Tarjetería,0.06623927370328675,Sin clasificar
21469,POLKA DOT RAFFIA FOOD COVER,210,1165,3482.01,3.97,22,,[],0,Sin regla,Papelería y Tarjetería,0.15873709717312245,Sin clasificar
21470,FLOWER VINE RAFFIA FOOD COVER,322,1102,4190.93,4.2,36,,[],0,Sin regla,Papelería y Tarjetería,0.07934896604933273,Sin clasificar
21471,STRAWBERRY RAFFIA FOOD COVER,319,1406,5095.63,3.92,22,,[],0,Sin regla,Cocina y Mesa,0.0360845761694355,Sin clasificar
21472,LADYBIRD BEE RAFFIA FOOD COVER,287,1056,4077.82,4.4,22,,[],0,Sin regla,Papelería y Tarjetería,0.07182330657253821,Sin clasificar
21473,SWEETHEART CREAM STEEL TABLE RECT,90,157,3212.16,20.84,30,,[],0,Sin regla,Cocina y Mesa,0.3024952210090758,Cocina y Mesa
21474,SWEETHEART CREAM STEEL FOLDIN BENCH,94,210,4189.5,19.95,30,,[],0,Sin regla,Cocina y Mesa,0.10009787234210266,Sin clasificar
21475,SWEETHEART CREAM STEEL FOLDIN CHAIR,1,1,14.95,14.95,30,,[],0,Sin regla,Cocina y Mesa,0.20103062797873222,Cocina y Mesa
21476,STEEL SWEETHEART ROUND TABLE CREAM,85,142,2219.51,16.44,30,,[],0,Sin regla,Cajas y Almacenamiento,0.003214850566247207,Sin clasificar
21477,STRING OF 20 ROSE LIGHTS,45,273,3248.94,14.87,23,Velas e Iluminación,['Velas e Iluminación'],1,Velas e Iluminación,Velas e Iluminación,1.6960405260601497,Velas e Iluminación
21478,SILVER SKULL HOT WATER BOTTLE,93,204,854.23,4.42,2,Botellas de Agua Caliente y Confort,['Botellas de Agua Caliente y Confort'],1,Botellas de Agua Caliente y Confort,Botellas de Agua Caliente y Confort,2.0254709573268364,Botellas de Agua Caliente y Confort
21479,WHITE SKULL HOT WATER BOTTLE,947,6219,31079.8,4.69,2,Botellas de Agua Caliente y Confort,['Botellas de Agua Caliente y Confort'],1,Botellas de Agua Caliente y Confort,Botellas de Agua Caliente y Confort,2.021978432074672,Botellas de Agua Caliente y Confort
21480,PINK STRIPE HOT WATER BOTTLE,58,285,899.52,3.84,2,Botellas de Agua Caliente y Confort,['Botellas de Agua Caliente y Confort'],1,Botellas de Agua Caliente y Confort,Botellas de Agua Caliente y Confort,2.013796596779457,Botellas de Agua Caliente y Confort
21481,FAWN BLUE HOT WATER BOTTLE,1064,8174,25613.45,3.77,2,Botellas de Agua Caliente y Confort,['Botellas de Agua Caliente y Confort'],1,Botellas de Agua Caliente y Confort,Botellas de Agua Caliente y Confort,1.992412144233605,Botellas de Agua Caliente y Confort
21482,MUSHROOM BLUE HOT WATER BOTTLE,185,740,2296.76,3.63,2,Botellas de Agua Caliente y Confort,['Botellas de Agua Caliente y Confort'],1,Botellas de Agua Caliente y Confort,Botellas de Agua Caliente y Confort,1.9717826871391,Botellas de Agua Caliente y Confort
21484,CHICK GREY HOT WATER BOTTLE,875,4584,18171.14,4.57,2,Botellas de Agua Caliente y Confort,['Botellas de Agua Caliente y Confort'],1,Botellas de Agua Caliente y Confort,Botellas de Agua Caliente y Confort,1.978344696872495,Botellas de Agua Caliente y Confort
21485,RETROSPOT HEART HOT WATER BOTTLE,1411,7593,37078.67,5.47,2,Botellas de Agua Caliente y Confort,['Botellas de Agua Caliente y Confort'],1,Botellas de Agua Caliente y Confort,Botellas de Agua Caliente y Confort,2.01725160694332,Botellas de Agua Caliente y Confort
21486,PINK HEART DOTS HOT WATER BOTTLE,297,1116,3638.67,3.9,2,Botellas de Agua Caliente y Confort,['Botellas de Agua Caliente y Confort'],1,Botellas de Agua Caliente y Confort,Botellas de Agua Caliente y Confort,1.7808283417868613,Botellas de Agua Caliente y Confort
21488,RED WHITE SCARF HOT WATER BOTTLE,364,2384,9784.58,4.57,2,Botellas de Agua Caliente y Confort,['Botellas de Agua Caliente y Confort'],1,Botellas de Agua Caliente y Confort,Botellas de Agua Caliente y Confort,2.21348769513612,Botellas de Agua Caliente y Confort
21489,BLUE WHITE SCARF HOT WATER BOTTLE,14,28,157.6,5.96,2,Botellas de Agua Caliente y Confort,['Botellas de Agua Caliente y Confort'],1,Botellas de Agua Caliente y Confort,Botellas de Agua Caliente y Confort,2.1628823044081824,Botellas de Agua Caliente y Confort
21490,SET OF THREE 50 S GIFT WRAPS,56,637,1210.6,2.59,22,Papelería y Tarjetería,['Papelería y Tarjetería'],1,Papelería y Tarjetería,Papelería y Tarjetería,1.7526250054025745,Papelería y Tarjetería
21491,SET OF THREE VINTAGE GIFT WRAPS,250,2878,5367.01,2.12,22,Papelería y Tarjetería,['Papelería y Tarjetería'],1,Papelería y Tarjetería,Papelería y Tarjetería,1.7873711498478688,Papelería y Tarjetería
21493,VINTAGE DESIGN GIFT TAGS,30,272,252.45,1.05,22,Papelería y Tarjetería,['Papelería y Tarjetería'],1,Papelería y Tarjetería,Papelería y Tarjetería,1.4540177283656093,Papelería y Tarjetería
21494,ROTATING LEAVES T LIGHT HOLDER,507,3833,6449.0,2.58,15,Velas e Iluminación,['Velas e Iluminación'],1,Velas e Iluminación,Velas e Iluminación,1.8820128129159892,Velas e Iluminación
21495,SKULLS AND CROSSBONES WRAP,376,12465,5119.3,0.42,37,Papelería y Tarjetería,['Papelería y Tarjetería'],1,Papelería y Tarjetería,Papelería y Tarjetería,1.5272169186557285,Papelería y Tarjetería
21496,WOODLAND CREATURES WRAP,1,25,10.5,0.42,37,Papelería y Tarjetería,['Papelería y Tarjetería'],1,Papelería y Tarjetería,Papelería y Tarjetería,2.022370088047504,Papelería y Tarjetería
21497,FANCY FONTS BIRTHDAY WRAP,485,17500,6978.0,0.42,37,Papelería y Tarjetería,['Papelería y Tarjetería'],1,Papelería y Tarjetería,Papelería y Tarjetería,1.9645006228194244,Papelería y Tarjetería
21498,RED RETROSPOT WRAP,802,26726,10851.92,0.42,37,Papelería y Tarjetería,['Papelería y Tarjetería'],1,Papelería y Tarjetería,Papelería y Tarjetería,1.934188399621055,Papelería y Tarjetería
21499,BLUE POLKADOT WRAP,460,15052,6059.84,0.42,37,Papelería y Tarjetería,['Papelería y Tarjetería'],1,Papelería y Tarjetería,Papelería y Tarjetería,1.8220492057854478,Papelería y Tarjetería
21500,PINK POLKADOT WRAP,492,15950,6443.0,0.42,37,Papelería y Tarjetería,['Papelería y Tarjetería'],1,Papelería y Tarjetería,Papelería y Tarjetería,1.8539728736161363,Papelería y Tarjetería
21503,TOYBOX WRAP,64,1801,740.42,0.42,37,Papelería y Tarjetería,['Papelería y Tarjetería'],1,Papelería y Tarjetería,Papelería y Tarjetería,3.1299248349092816,Papelería y Tarjetería
21504,SKULLS GREETING CARD,330,4913,2005.02,0.47,22,Papelería y Tarjetería,['Papelería y Tarjetería'],1,Papelería y Tarjetería,Papelería y Tarjetería,2.42656229070652,Papelería y Tarjetería
21506,FANCY FONT BIRTHDAY CARD,667,10878,4534.49,0.49,14,Papelería y Tarjetería,['Papelería y Tarjetería'],1,Papelería y Tarjetería,Papelería y Tarjetería,1.8083067300853286,Papelería y Tarjetería
21507,ELEPHANT BIRTHDAY CARD,585,8223,3455.41,0.5,14,Papelería y Tarjetería,['Papelería y Tarjetería'],1,Papelería y Tarjetería,Papelería y Tarjetería,1.9815424860666115,Papelería y Tarjetería
21508,VINTAGE KID DOLLY CARD,541,6716,2808.62,0.52,40,Papelería y Tarjetería,['Papelería y Tarjetería'],1,Papelería y Tarjetería,Papelería y Tarjetería,1.8967640550119478,Papelería y Tarjetería
21509,COWBOYS AND INDIANS BIRTHDAY CARD,629,8696,3587.22,0.5,14,Papelería y Tarjetería,['Papelería y Tarjetería'],1,Papelería y Tarjetería,Papelería y Tarjetería,1.9444008865171267,Papelería y Tarjetería
21511,VINTAGE COLLAGE GREETING CARD,2,40,16.8,0.42,22,Papelería y Tarjetería,['Papelería y Tarjetería'],1,Papelería y Tarjetería,Papelería y Tarjetería,2.2110153708358764,Papelería y Tarjetería
21518,BANK ACCOUNT GREETING CARD,109,1107,469.28,0.5,22,Papelería y Tarjetería,['Papelería y Tarjetería'],1,Papelería y Tarjetería,Papelería y Tarjetería,2.5264646516662284,Papelería y Tarjetería
21519,GIN TONIC DIET GREETING CARD,554,7356,3149.93,0.5,22,Papelería y Tarjetería,['Papelería y Tarjetería'],1,Papelería y Tarjetería,Papelería y Tarjetería,1.6692016317381184,Papelería y Tarjetería
21520,BOOZE WOMEN GREETING CARD,108,957,411.63,0.53,22,Papelería y Tarjetería,['Papelería y Tarjetería'],1,Papelería y Tarjetería,Papelería y Tarjetería,2.623480889998663,Papelería y Tarjetería
21523,DOORMAT FANCY FONT HOME SWEET HOME,1122,6916,46083.71,8.91,22,Jardín y Exterior,['Jardín y Exterior'],1,Jardín y Exterior,Jardín y Exterior,1.7125186522551816,Jardín y Exterior
21524,DOORMAT SPOTTY HOME SWEET HOME,1153,5255,35955.44,8.47,22,Jardín y Exterior,['Jardín y Exterior'],1,Jardín y Exterior,Jardín y Exterior,1.454596346517767,Jardín y Exterior
21525,BEWARE OF THE CAT DOORMAT,2,2,13.5,6.75,22,Jardín y Exterior,['Jardín y Exterior'],1,Jardín y Exterior,Jardín y Exterior,1.98004278828679,Jardín y Exterior
21527,RED RETROSPOT TRADITIONAL TEAPOT,839,3345,24968.47,8.89,22,Cocina y Mesa,['Cocina y Mesa'],1,Cocina y Mesa,Cocina y Mesa,1.6490965257416852,Cocina y Mesa
21528,DAIRY MAID TRADITIONAL TEAPOT,257,899,5680.15,7.65,22,Cocina y Mesa,['Cocina y Mesa'],1,Cocina y Mesa,Cocina y Mesa,1.963572724538202,Cocina y Mesa
21529,RETRO SPOT CERAMIC TOASTRACK,152,503,1790.44,4.02,22,,[],0,Sin regla,Cocina y Mesa,0.8040926053916739,Cocina y Mesa
21530,DAIRY MAID TOASTRACK,165,959,1361.56,2.28,22,,[],0,Sin regla,Cocina y Mesa,1.043864162545439,Cocina y Mesa
21531,RED RETROSPOT SUGAR JAM BOWL,783,4073,10174.12,3.04,44,Cocina y Mesa,['Cocina y Mesa'],1,Cocina y Mesa,Cocina y Mesa,2.7355386130254393,Cocina y Mesa
21532,DAIRY MAID SUGAR JAM BOWL,92,1387,1419.71,2.39,44,Cocina y Mesa,['Cocina y Mesa'],1,Cocina y Mesa,Cocina y Mesa,2.9440939115362186,Cocina y Mesa
21533,RETRO SPOT LARGE MILK JUG,962,3343,16614.87,5.45,22,Cocina y Mesa,['Cocina y Mesa'],1,Cocina y Mesa,Cocina y Mesa,1.7745542868910613,Cocina y Mesa
21534,DAIRY MAID LARGE MILK JUG,345,938,4768.64,5.38,22,Cocina y Mesa,['Cocina y Mesa'],1,Cocina y Mesa,Cocina y Mesa,1.8420509044003701,Cocina y Mesa
21535,RED RETROSPOT SMALL MILK JUG,1133,6776,16837.0,2.86,22,Cocina y Mesa,['Cocina y Mesa'],1,Cocina y Mesa,Cocina y Mesa,1.6486614519418152,Cocina y Mesa
21536,DAIRY MAID SMALL MILK JUG,63,221,474.74,2.27,22,Cocina y Mesa,['Cocina y Mesa'],1,Cocina y Mesa,Cocina y Mesa,1.9130529959028797,Cocina y Mesa
21537,RED RETROSPOT PUDDING BOWL,263,1005,4338.71,4.71,44,Cocina y Mesa,['Cocina y Mesa'],1,Cocina y Mesa,Cocina y Mesa,1.8755250400526684,Cocina y Mesa
21538,DAIRY MAID PUDDING BOWL,51,1308,1924.51,4.01,44,Cocina y Mesa,['Cocina y Mesa'],1,Cocina y Mesa,Cocina y Mesa,2.143425992085323,Cocina y Mesa
21539,RED RETROSPOT BUTTER DISH,717,2723,13551.64,5.79,34,,[],0,Sin regla,Velas e Iluminación,0.10199177705923301,Sin clasificar
21540,DAIRY MAID CERAMIC BUTTER DISH,87,1323,2394.95,4.74,34,,[],0,Sin regla,Cocina y Mesa,0.5949684101014315,Cocina y Mesa
21541,DINOSAURS WATER TRANSFER TATTOOS,203,1907,1636.24,1.04,22,,[],0,Sin regla,Botellas de Agua Caliente y Confort,0.8439881620745484,Botellas de Agua Caliente y Confort
21542,WOODLAND WATER TRANSFER TATTOOS,191,1877,1600.75,1.02,22,,[],0,Sin regla,Botellas de Agua Caliente y Confort,0.7315075852368806,Botellas de Agua Caliente y Confort
21543,BUTTERFLY WATER TRANSFER TATTOOS,24,284,215.0,1.2,22,,[],0,Sin regla,Botellas de Agua Caliente y Confort,0.6550030626032556,Botellas de Agua Caliente y Confort
21544,SKULLS WATER TRANSFER TATTOOS,508,6064,5052.21,1.05,22,,[],0,Sin regla,Botellas de Agua Caliente y Confort,0.6665627849466241,Botellas de Agua Caliente y Confort
21545,CERAMIC BIRDHOUSE BUTTERFLY SMALL,83,697,1640.12,3.56,22,Jardín y Exterior,['Jardín y Exterior'],1,Jardín y Exterior,Jardín y Exterior,1.899789071671865,Jardín y Exterior
21547,CERAMIC BIRDHOUSE CRESTED TIT SMALL,121,719,1848.47,3.59,22,Jardín y Exterior,['Jardín y Exterior'],1,Jardín y Exterior,Jardín y Exterior,1.9222205506564065,Jardín y Exterior
21548,CERAMIC BIRDHOUSE FINCH BLUE ROOF,108,682,1776.12,3.73,22,Jardín y Exterior,['Jardín y Exterior'],1,Jardín y Exterior,Jardín y Exterior,1.9426898399346184,Jardín y Exterior
21549,CERAMIC BIRDHOUSE RED ROOF SMALL,52,547,1270.39,3.31,22,Jardín y Exterior,['Jardín y Exterior'],1,Jardín y Exterior,Jardín y Exterior,1.9181190807689674,Jardín y Exterior
21550,CERAMIC BIRDHOUSE CRESTED TIT LARGE,67,295,1565.51,6.72,22,Jardín y Exterior,['Jardín y Exterior'],1,Jardín y Exterior,Jardín y Exterior,1.9524573686848083,Jardín y Exterior
21551,CERAMIC BIRDHOUSE BUTTERFLY LARGE,22,169,824.95,6.8,22,Jardín y Exterior,['Jardín y Exterior'],1,Jardín y Exterior,Jardín y Exterior,1.8924170210606603,Jardín y Exterior
21552,CERAMIC BIRDHOUSE BLACK ROSE LARGE,36,165,837.6,6.26,22,Jardín y Exterior,['Jardín y Exterior'],1,Jardín y Exterior,Jardín y Exterior,1.6825007651301844,Jardín y Exterior
21553,CERAMIC BIRDHOUSE FINCH BLUE LARGE,39,90,581.27,7.88,22,Jardín y Exterior,['Jardín y Exterior'],1,Jardín y Exterior,Jardín y Exterior,1.7459753850052873,Jardín y Exterior
21554,CERAMIC BIRDHOUSE RED ROOF LARGE,22,167,767.75,6.48,22,Jardín y Exterior,['Jardín y Exterior'],1,Jardín y Exterior,Jardín y Exterior,1.9513208306583387,Jardín y Exterior
21555,CERAMIC STRAWBERRY TRINKET TRAY,134,425,1131.37,3.06,43,,[],0,Sin regla,Cajas y Almacenamiento,0.5759448237800067,Cajas y Almacenamiento
21556,CERAMIC STRAWBERRY MONEY BOX,297,1607,4244.41,3.25,4,Cajas y Almacenamiento,['Cajas y Almacenamiento'],1,Cajas y Almacenamiento,Cajas y Almacenamiento,2.119858778149512,Cajas y Almacenamiento
21557,SET OF 6 FUNKY BEAKERS,304,932,3169.39,4.15,22,,[],0,Sin regla,Papelería y Tarjetería,0.42098072855388746,Papelería y Tarjetería
21558,SKULL LUNCH BOX WITH CUTLERY,776,4207,10810.66,3.26,4,Cajas y Almacenamiento,"['Cajas y Almacenamiento', 'Cocina y Mesa']",2,Cajas y Almacenamiento,Cajas y Almacenamiento,1.9258226717088611,Cajas y Almacenamiento
21559,STRAWBERRY LUNCH BOX WITH CUTLERY,1240,8227,20345.53,3.05,4,Cajas y Almacenamiento,"['Cajas y Almacenamiento', 'Cocina y Mesa']",2,Cajas y Almacenamiento,Cajas y Almacenamiento,1.7769234816123023,Cajas y Almacenamiento
21560,TOADSTOOL LUNCHBOX WITH CUTLERY,4,4,15.44,3.86,22,Cocina y Mesa,['Cocina y Mesa'],1,Cocina y Mesa,Cocina y Mesa,1.1133027215122937,Cocina y Mesa
21561,DINOSAUR LUNCH BOX WITH CUTLERY,525,2969,7303.91,2.9,4,Cajas y Almacenamiento,"['Cajas y Almacenamiento', 'Cocina y Mesa']",2,Cajas y Almacenamiento,Cajas y Almacenamiento,1.8678163561394576,Cajas y Almacenamiento
21562,HAWAIIAN GRASS SKIRT,74,678,970.28,1.85,22,,[],0,Sin regla,Cocina y Mesa,0.06986872821795609,Sin clasificar
21563,RED HEART SHAPE LOVE BUCKET,365,2786,6875.71,3.32,31,,[],0,Sin regla,Cocina y Mesa,0.35692534510582286,Cocina y Mesa
21564,PINK HEART SHAPE LOVE BUCKET,295,1951,4524.5,3.23,31,,[],0,Sin regla,Cocina y Mesa,0.2846971247506874,Cocina y Mesa
21576,LETS GO SHOPPING COTTON TOTE BAG,207,732,1686.19,2.51,6,Bolsos y Carteras,['Bolsos y Carteras'],1,Bolsos y Carteras,Bolsos y Carteras,2.406562482120246,Bolsos y Carteras
21577,SAVE THE PLANET COTTON TOTE BAG,466,2556,5716.52,2.71,6,Bolsos y Carteras,['Bolsos y Carteras'],1,Bolsos y Carteras,Bolsos y Carteras,1.7895094392917394,Bolsos y Carteras
21578,WOODLAND DESIGN COTTON TOTE BAG,384,2205,5062.86,2.61,6,Bolsos y Carteras,['Bolsos y Carteras'],1,Bolsos y Carteras,Bolsos y Carteras,2.0161189118453704,Bolsos y Carteras
21579,LOLITA DESIGN COTTON TOTE BAG,137,1029,1560.85,2.59,6,Bolsos y Carteras,['Bolsos y Carteras'],1,Bolsos y Carteras,Bolsos y Carteras,2.1369014045147874,Bolsos y Carteras
21580,RABBIT DESIGN COTTON TOTE BAG,172,542,1329.63,2.86,6,Bolsos y Carteras,['Bolsos y Carteras'],1,Bolsos y Carteras,Bolsos y Carteras,1.951985219985064,Bolsos y Carteras
21581,SKULLS DESIGN COTTON TOTE BAG,204,1172,1890.74,2.65,6,Bolsos y Carteras,['Bolsos y Carteras'],1,Bolsos y Carteras,Bolsos y Carteras,2.050177298167485,Bolsos y Carteras
21582,KINGS CHOICE SMALL TUBE MATCHES,17,117,193.05,1.65,22,,[],0,Sin regla,Cocina y Mesa,0.17419315980718275,Sin clasificar
21584,RETROSPOT SMALL TUBE MATCHES,369,3769,6070.05,1.65,22,,[],0,Sin regla,Papelería y Tarjetería,0.21988160326034462,Papelería y Tarjetería
21585,SWALLOW SMALL TUBE MATCHES,1,1,1.65,1.65,22,,[],0,Sin regla,Papelería y Tarjetería,0.24054183688735242,Papelería y Tarjetería
21586,KINGS CHOICE GIANT TUBE MATCHES,244,2583,6018.75,2.51,22,,[],0,Sin regla,Cocina y Mesa,0.0317554583151714,Sin clasificar
21587,COSY HOUR GIANT TUBE MATCHES,271,2071,5173.05,2.54,22,,[],0,Sin regla,Papelería y Tarjetería,0.10196946284442782,Sin clasificar
21588,RETROSPOT GIANT TUBE MATCHES,289,3351,7748.55,2.52,22,,[],0,Sin regla,Papelería y Tarjetería,0.15874521194931812,Sin clasificar
21589,SWALLOW GIANT TUBE MATCHES,89,1119,2583.45,2.5,22,,[],0,Sin regla,Papelería y Tarjetería,0.0925053064551623,Sin clasificar
21590,KINGS CHOICE CIGAR BOX MATCHES,295,3448,4141.28,1.25,4,,[],0,Sin regla,Cajas y Almacenamiento,0.8713056597141876,Cajas y Almacenamiento
21591,COSY HOUR CIGAR BOX MATCHES,380,3978,6003.08,1.26,4,,[],0,Sin regla,Cajas y Almacenamiento,1.293639828421912,Cajas y Almacenamiento
21592,RETROSPOT CIGAR BOX MATCHES,487,5876,6552.46,1.19,4,,[],0,Sin regla,Cajas y Almacenamiento,1.0419292588578082,Cajas y Almacenamiento
21593,SWALLOW CIGAR BOX MATCHES,96,1391,1629.31,1.25,4,,[],0,Sin regla,Cajas y Almacenamiento,1.2242594530567872,Cajas y Almacenamiento
21594,DR JAM S AROUZER STRESS BALL,5,5,21.06,4.21,22,Cocina y Mesa,['Cocina y Mesa'],1,Cocina y Mesa,Cocina y Mesa,1.7877267011888895,Cocina y Mesa
21595,DAD S CAB ELECTRONIC METER,9,9,76.95,8.55,22,,[],0,Sin regla,Cocina y Mesa,0.34630694641023374,Cocina y Mesa
21596,HYPOCHONDRIAC PILL STRESS BALL,9,10,42.64,4.26,22,,[],0,Sin regla,Cocina y Mesa,0.29446108717681996,Cocina y Mesa
21609,SET 12 LAVENDER BOTANICAL T LIGHTS,219,1499,4186.29,3.03,23,Velas e Iluminación,['Velas e Iluminación'],1,Velas e Iluminación,Velas e Iluminación,1.964540827993177,Velas e Iluminación
21610,SET 12 PEAR BOTANICAL T LIGHTS,98,542,1543.67,3.04,23,Velas e Iluminación,['Velas e Iluminación'],1,Velas e Iluminación,Velas e Iluminación,1.8176690764675185,Velas e Iluminación
21611,SET OF 12 LILY BOTANICAL T LIGHTS,151,750,2182.19,3.12,23,Velas e Iluminación,['Velas e Iluminación'],1,Velas e Iluminación,Velas e Iluminación,1.2679211235272039,Velas e Iluminación
21612,SET 12 WILDFLOWER BOTANICAL T LIGHT,114,698,2025.77,3.25,12,Velas e Iluminación,['Velas e Iluminación'],1,Velas e Iluminación,Velas e Iluminación,1.7918127620235278,Velas e Iluminación
21613,S 12 VANILLA BOTANICAL T LIGHTS,148,632,1861.45,3.08,23,Velas e Iluminación,['Velas e Iluminación'],1,Velas e Iluminación,Velas e Iluminación,2.2411210713496734,Velas e Iluminación
21614,SET OF 12 ROSE BOTANICAL T LIGHTS,197,1627,4538.17,3.06,23,Velas e Iluminación,['Velas e Iluminación'],1,Velas e Iluminación,Velas e Iluminación,1.6707031913579193,Velas e Iluminación
21615,4 LAVENDER BOTANICAL DINNER CANDLES,172,1168,2308.67,2.35,38,Velas e Iluminación,['Velas e Iluminación'],1,Velas e Iluminación,Velas e Iluminación,2.0933940673826514,Velas e Iluminación
21616,4 PEAR BOTANICAL DINNER CANDLES,196,1152,2458.58,2.47,38,Velas e Iluminación,['Velas e Iluminación'],1,Velas e Iluminación,Velas e Iluminación,1.9999757588019396,Velas e Iluminación
21617,4 LILY BOTANICAL DINNER CANDLES,172,834,2135.01,2.95,38,Velas e Iluminación,['Velas e Iluminación'],1,Velas e Iluminación,Velas e Iluminación,2.008714788888112,Velas e Iluminación
21618,4 WILDFLOWER BOTANICAL CANDLES,146,698,1823.74,2.91,38,Velas e Iluminación,['Velas e Iluminación'],1,Velas e Iluminación,Velas e Iluminación,1.961491954779264,Velas e Iluminación
21619,4 VANILLA BOTANICAL CANDLES,213,1131,2069.02,2.4,38,Velas e Iluminación,['Velas e Iluminación'],1,Velas e Iluminación,Velas e Iluminación,2.1269399288825257,Velas e Iluminación
21620,SET OF 4 ROSE BOTANICAL CANDLES,227,1087,2206.73,2.53,38,Velas e Iluminación,['Velas e Iluminación'],1,Velas e Iluminación,Velas e Iluminación,1.9222057620871464,Velas e Iluminación
21621,VINTAGE UNION JACK BUNTING,1307,6900,60286.04,9.31,17,Pascua y Fiestas,['Pascua y Fiestas'],1,Pascua y Fiestas,Pascua y Fiestas,1.662415590863172,Pascua y Fiestas
21622,VINTAGE UNION JACK CUSHION COVER,632,3699,19936.94,5.84,17,Textiles del Hogar,['Textiles del Hogar'],1,Textiles del Hogar,Textiles del Hogar,1.7661837685535138,Textiles del Hogar
21623,VINTAGE UNION JACK MEMOBOARD,531,6165,45402.18,10.22,17,Decoración del Hogar,['Decoración del Hogar'],1,Decoración del Hogar,Decoración del Hogar,1.5657191139657445,Decoración del Hogar
21624,VINTAGE UNION JACK DOORSTOP,405,1771,10641.15,6.62,17,,[],0,Sin regla,Jardín y Exterior,0.11234198337700008,Sin clasificar
21625,VINTAGE UNION JACK APRON,336,984,7037.62,8.18,17,Cocina y Mesa,['Cocina y Mesa'],1,Cocina y Mesa,Cocina y Mesa,1.3976664492498214,Cocina y Mesa
21626,VINTAGE UNION JACK PENNANT,206,1496,3017.07,2.33,17,,[],0,Sin regla,Papelería y Tarjetería,0.0778396166664857,Sin clasificar
21627,ELEPHANT CARNIVAL POUFFE,115,195,3766.35,22.7,22,,[],0,Sin regla,Cocina y Mesa,0.026835798402828903,Sin clasificar
21628,TRIANGULAR POUFFE VINTAGE,87,164,3185.28,22.65,22,,[],0,Sin regla,Papelería y Tarjetería,0.02806842868012771,Sin clasificar
21629,SQUARE FLOOR CUSHION VINTAGE RED,105,177,1961.37,11.97,22,Textiles del Hogar,['Textiles del Hogar'],1,Textiles del Hogar,Textiles del Hogar,2.1282403672927668,Textiles del Hogar
21630,FLOOR CUSHION ELEPHANT CARNIVAL,95,162,1973.39,13.73,22,Textiles del Hogar,['Textiles del Hogar'],1,Textiles del Hogar,Textiles del Hogar,1.9512572631754945,Textiles del Hogar
21631,HIPPY CHIC DECORATIVE PARASOL,54,221,1571.75,10.78,22,Jardín y Exterior,['Jardín y Exterior'],1,Jardín y Exterior,Jardín y Exterior,1.9922281915496691,Jardín y Exterior
21632,VINTAGE PINK DECORATIVE PARASOL,53,132,1076.22,11.17,22,Jardín y Exterior,['Jardín y Exterior'],1,Jardín y Exterior,Jardín y Exterior,1.8475879679405551,Jardín y Exterior
21633,SUNFLOWER DECORATIVE PARASOL,72,175,1663.11,13.05,22,Jardín y Exterior,['Jardín y Exterior'],1,Jardín y Exterior,Jardín y Exterior,1.964533028157398,Jardín y Exterior
21634,ASSORTED MINI MADRAS NOTEBOOK,69,1771,1507.74,1.36,41,Papelería y Tarjetería,['Papelería y Tarjetería'],1,Papelería y Tarjetería,Papelería y Tarjetería,1.8971519071717002,Papelería y Tarjetería
21635,MADRAS NOTEBOOK LARGE,43,398,855.24,3.29,41,Papelería y Tarjetería,['Papelería y Tarjetería'],1,Papelería y Tarjetería,Papelería y Tarjetería,1.9744420094101627,Papelería y Tarjetería
21636,MADRAS NOTEBOOK MEDIUM,101,1014,985.74,1.49,41,Papelería y Tarjetería,['Papelería y Tarjetería'],1,Papelería y Tarjetería,Papelería y Tarjetería,1.8889863581310082,Papelería y Tarjetería
21637,ASSORTED SANSKRIT MINI NOTEBOOK,93,1358,1741.72,1.84,41,Papelería y Tarjetería,['Papelería y Tarjetería'],1,Papelería y Tarjetería,Papelería y Tarjetería,1.8571043247448005,Papelería y Tarjetería
21638,ASSORTED TUTTI FRUTTI NOTEBOOK,145,1020,2220.94,2.44,41,Papelería y Tarjetería,['Papelería y Tarjetería'],1,Papelería y Tarjetería,Papelería y Tarjetería,1.5144125116041232,Papelería y Tarjetería
21639,ASSORTED TUTTI FRUTTI KEYRING,15,259,228.65,0.96,22,Joyería y Bijouterie,['Joyería y Bijouterie'],1,Joyería y Bijouterie,Joyería y Bijouterie,1.6389529470852593,Joyería y Bijouterie
21640,ASSORTED TUTTI FRUTTI FOB NOTEBOOK,214,2225,2049.4,1.1,41,Papelería y Tarjetería,['Papelería y Tarjetería'],1,Papelería y Tarjetería,Papelería y Tarjetería,1.5446565779205326,Papelería y Tarjetería
21641,ASSORTED TUTTI FRUTTI KEYRING BALL,111,1666,946.31,1.23,22,Joyería y Bijouterie,['Joyería y Bijouterie'],1,Joyería y Bijouterie,Joyería y Bijouterie,1.6553959490566865,Joyería y Bijouterie
21642,ASSORTED TUTTI FRUTTI PEN,261,4413,2575.18,0.88,22,Papelería y Tarjetería,['Papelería y Tarjetería'],1,Papelería y Tarjetería,Papelería y Tarjetería,1.3113913576847773,Papelería y Tarjetería
21643,ASSORTED TUTTI FRUTTI MIRROR,204,1521,2127.94,1.86,20,"Espejos, Relojes y Arte de Pared","['Espejos, Relojes y Arte de Pared']",1,"Espejos, Relojes y Arte de Pared","Espejos, Relojes y Arte de Pared",1.4637461000010887,"Espejos, Relojes y Arte de Pared"
21644,ASSORTED TUTTI FRUTTI HEART BOX,143,1087,1461.47,1.44,4,,[],0,Sin regla,Cajas y Almacenamiento,0.12756166995422857,Sin clasificar
21645,ASSORTED TUTTI FRUTTI ROUND BOX,135,969,1642.65,1.84,4,,[],0,Sin regla,Cajas y Almacenamiento,0.31275320938098616,Cajas y Almacenamiento
21647,ASSORTED TUTTI FRUTTI LARGE PURSE,148,848,1899.28,2.57,22,Bolsos y Carteras,['Bolsos y Carteras'],1,Bolsos y Carteras,Bolsos y Carteras,1.6413876860274637,Bolsos y Carteras
21648,ASSORTED TUTTI FRUTTI SMALL PURSE,233,2940,3956.48,1.83,22,Bolsos y Carteras,['Bolsos y Carteras'],1,Bolsos y Carteras,Bolsos y Carteras,1.6664811541562994,Bolsos y Carteras
21649,ASSORTED TUTTI FRUTTI PHOTO FRAME,29,421,1162.89,3.35,33,Marcos y Fotografía,['Marcos y Fotografía'],1,Marcos y Fotografía,Marcos y Fotografía,1.8917615712915825,Marcos y Fotografía
21650,ASSORTED TUTTI FRUTTI BRACELET,207,3204,1163.8,0.66,5,Joyería y Bijouterie,['Joyería y Bijouterie'],1,Joyería y Bijouterie,Joyería y Bijouterie,1.3902898065359166,Joyería y Bijouterie
21651,HANGING GLASS ETCHED TEALIGHT,125,1361,2200.36,1.84,22,,[],0,Sin regla,Velas e Iluminación,0.4045078545830325,Velas e Iluminación
21652,GLASS ETCHED T LIGHT HOLDER MEDIUM,79,896,1747.94,2.1,15,Velas e Iluminación,['Velas e Iluminación'],1,Velas e Iluminación,Velas e Iluminación,1.6058309884239796,Velas e Iluminación
21653,GLASS ETCHED T LIGHT HOLDER LARGE,115,1246,2565.67,2.27,15,Velas e Iluminación,['Velas e Iluminación'],1,Velas e Iluminación,Velas e Iluminación,1.6554610855352394,Velas e Iluminación
21654,RIDGED GLASS FINGER BOWL,83,1183,820.21,1.28,44,Cocina y Mesa,['Cocina y Mesa'],1,Cocina y Mesa,Cocina y Mesa,1.6439715233817558,Cocina y Mesa
21655,HANGING RIDGE GLASS T LIGHT HOLDER,89,1396,2277.5,1.96,15,Velas e Iluminación,['Velas e Iluminación'],1,Velas e Iluminación,Velas e Iluminación,1.9974635045802818,Velas e Iluminación
21656,RIDGED GLASS POSY VASE,140,985,1614.54,2.05,22,,[],0,Sin regla,Joyería y Bijouterie,0.14229334068956212,Sin clasificar
21657,MILK BOTTLE WITH GLASS STOPPER,118,257,1967.38,8.51,22,,[],0,Sin regla,Botellas de Agua Caliente y Confort,0.07399144726872942,Sin clasificar
21658,GLASS BEURRE DISH,528,2225,9271.89,5.33,34,,[],0,Sin regla,Velas e Iluminación,0.10905929001111703,Sin clasificar
21659,GLASS CAKE STAND,66,120,1891.7,17.16,32,Cocina y Mesa,['Cocina y Mesa'],1,Cocina y Mesa,Cocina y Mesa,1.817338837992779,Cocina y Mesa
21661,VINTAGE GLASS TEA CADDY,99,239,1511.31,7.07,26,,[],0,Sin regla,Cocina y Mesa,0.4144334689697549,Cocina y Mesa
21662,VINTAGE GLASS COFFEE CADDY,107,269,1735.05,7.42,9,,[],0,Sin regla,Cocina y Mesa,0.6404089235992789,Cocina y Mesa
21663,VINTAGE GLASS SUGAR CADDY,32,76,488.16,7.25,22,,[],0,Sin regla,Cocina y Mesa,0.46293429740514125,Cocina y Mesa
21664,RIDGED GLASS STORAGE JAR CREAM LID,68,258,1031.07,4.25,22,Cajas y Almacenamiento,['Cajas y Almacenamiento'],1,Cajas y Almacenamiento,Cajas y Almacenamiento,1.7743791484174771,Cajas y Almacenamiento
21665,TRIANGULAR RIDGED GLASS POSY HOLDER,78,879,638.8,1.09,22,,[],0,Sin regla,Velas e Iluminación,0.1913105010250794,Sin clasificar
21666,RIDGED GLASS T LIGHT HOLDER,86,1760,1105.15,0.82,15,Velas e Iluminación,['Velas e Iluminación'],1,Velas e Iluminación,Velas e Iluminación,1.864478963312179,Velas e Iluminación
21667,GLASS CAKE COVER AND PLATE,163,354,6126.25,18.96,32,Cocina y Mesa,['Cocina y Mesa'],1,Cocina y Mesa,Cocina y Mesa,1.908472707347149,Cocina y Mesa
21668,RED STRIPE CERAMIC DRAWER KNOB,833,10357,13912.17,1.64,10,Cajas y Almacenamiento,['Cajas y Almacenamiento'],1,Cajas y Almacenamiento,Cajas y Almacenamiento,1.9797594871383035,Cajas y Almacenamiento
21669,BLUE STRIPE CERAMIC DRAWER KNOB,819,10578,13839.18,1.57,10,Cajas y Almacenamiento,['Cajas y Almacenamiento'],1,Cajas y Almacenamiento,Cajas y Almacenamiento,1.8833579838253964,Cajas y Almacenamiento
21670,BLUE SPOT CERAMIC DRAWER KNOB,772,8845,12074.4,1.64,10,Cajas y Almacenamiento,['Cajas y Almacenamiento'],1,Cajas y Almacenamiento,Cajas y Almacenamiento,2.0347147832117383,Cajas y Almacenamiento
21671,RED SPOT CERAMIC DRAWER KNOB,730,9488,12339.32,1.61,10,Cajas y Almacenamiento,['Cajas y Almacenamiento'],1,Cajas y Almacenamiento,Cajas y Almacenamiento,1.953265079307601,Cajas y Almacenamiento
21672,WHITE SPOT RED CERAMIC DRAWER KNOB,827,11120,14411.13,1.6,10,Cajas y Almacenamiento,['Cajas y Almacenamiento'],1,Cajas y Almacenamiento,Cajas y Almacenamiento,1.9501427696306033,Cajas y Almacenamiento
21673,WHITE SPOT BLUE CERAMIC DRAWER KNOB,768,10050,13272.39,1.63,10,Cajas y Almacenamiento,['Cajas y Almacenamiento'],1,Cajas y Almacenamiento,Cajas y Almacenamiento,1.9201180737728998,Cajas y Almacenamiento
21674,RIDGED GLASS PENDANT LAMPSHADE,9,43,680.85,16.51,22,Joyería y Bijouterie,['Joyería y Bijouterie'],1,Joyería y Bijouterie,Joyería y Bijouterie,1.3703268503963462,Joyería y Bijouterie
21675,BUTTERFLIES STICKERS,269,1782,1576.84,1.05,13,Papelería y Tarjetería,['Papelería y Tarjetería'],1,Papelería y Tarjetería,Papelería y Tarjetería,1.854003196338359,Papelería y Tarjetería
21676,FLOWERS STICKERS,159,1193,893.72,1.01,13,Papelería y Tarjetería,['Papelería y Tarjetería'],1,Papelería y Tarjetería,Papelería y Tarjetería,1.843920865971427,Papelería y Tarjetería
21677,HEARTS STICKERS,279,2125,1859.38,1.0,13,Papelería y Tarjetería,['Papelería y Tarjetería'],1,Papelería y Tarjetería,Papelería y Tarjetería,1.9139078504238434,Papelería y Tarjetería
21678,PAISLEY PATTERN STICKERS,80,572,423.0,0.97,9,Papelería y Tarjetería,['Papelería y Tarjetería'],1,Papelería y Tarjetería,Papelería y Tarjetería,1.9161385410239546,Papelería y Tarjetería
21679,SKULLS STICKERS,371,4871,4034.51,1.06,13,Papelería y Tarjetería,['Papelería y Tarjetería'],1,Papelería y Tarjetería,Papelería y Tarjetería,2.0003299044819167,Papelería y Tarjetería
21680,WOODLAND STICKERS,269,2858,2483.68,1.14,13,Papelería y Tarjetería,['Papelería y Tarjetería'],1,Papelería y Tarjetería,Papelería y Tarjetería,1.826563710486314,Papelería y Tarjetería
21681,GIANT MEDINA STAMPED METAL BOWL,80,233,2234.81,10.16,44,Cocina y Mesa,['Cocina y Mesa'],1,Cocina y Mesa,Cocina y Mesa,1.8397342423604561,Cocina y Mesa
21682,LARGE MEDINA STAMPED METAL BOWL,152,559,2767.59,5.28,44,Cocina y Mesa,['Cocina y Mesa'],1,Cocina y Mesa,Cocina y Mesa,1.9808521519367912,Cocina y Mesa
21683,MEDIUM MEDINA STAMPED METAL BOWL,153,936,2757.47,3.31,44,Cocina y Mesa,['Cocina y Mesa'],1,Cocina y Mesa,Cocina y Mesa,1.8452024138227876,Cocina y Mesa
21684,SMALL MEDINA STAMPED METAL BOWL,105,1696,1357.61,1.11,44,Cocina y Mesa,['Cocina y Mesa'],1,Cocina y Mesa,Cocina y Mesa,1.9927982560882938,Cocina y Mesa
21685,MEDINA STAMPED METAL TRAY,2,3,44.85,14.95,43,,[],0,Sin regla,Cocina y Mesa,0.5603336216353118,Cocina y Mesa
21686,MEDINA STAMPED METAL STOOL,33,65,2460.14,39.3,22,,[],0,Sin regla,Cocina y Mesa,0.39762502928605514,Cocina y Mesa
21687,SILVER PLATE CANDLE BOWL LARGE,106,477,1871.23,4.65,44,Cocina y Mesa,"['Cocina y Mesa', 'Velas e Iluminación']",2,Cocina y Mesa,Cocina y Mesa,2.877557790101718,Cocina y Mesa
21688,SILVER PLATE CANDLE BOWL SMALL,142,912,2845.65,3.61,44,Cocina y Mesa,"['Cocina y Mesa', 'Velas e Iluminación']",2,Cocina y Mesa,Cocina y Mesa,2.932047868546394,Cocina y Mesa
21689,SILVER VANILLA FLOWER CANDLE POT,62,342,1268.12,4.1,36,Velas e Iluminación,['Velas e Iluminación'],1,Velas e Iluminación,Velas e Iluminación,1.9612725608618895,Velas e Iluminación
21690,SILVER CANDLEPOT JARDIN,88,258,990.84,3.96,22,Velas e Iluminación,['Velas e Iluminación'],1,Velas e Iluminación,Velas e Iluminación,1.9899286829447176,Velas e Iluminación
21691,SILVER VANILLA FLOWER CANDLE POT,79,249,960.99,3.99,36,Velas e Iluminación,['Velas e Iluminación'],1,Velas e Iluminación,Velas e Iluminación,1.9612725608618895,Velas e Iluminación
21692,SILVER LATTICE VANILLA CANDLE POT,120,502,1906.62,4.02,35,Velas e Iluminación,['Velas e Iluminación'],1,Velas e Iluminación,Velas e Iluminación,1.9678920320895448,Velas e Iluminación
21693,SMALL HAMMERED SILVER CANDLEPOT,120,871,2648.62,3.39,22,Velas e Iluminación,['Velas e Iluminación'],1,Velas e Iluminación,Velas e Iluminación,1.8435828913141978,Velas e Iluminación
21694,SMALL REGAL SILVER CANDLEPOT,70,556,1593.16,3.28,22,Velas e Iluminación,['Velas e Iluminación'],1,Velas e Iluminación,Velas e Iluminación,1.8085973922208862,Velas e Iluminación
21695,SMALL SILVER FLOWER CANDLE POT,102,630,1952.18,3.63,36,Velas e Iluminación,['Velas e Iluminación'],1,Velas e Iluminación,Velas e Iluminación,1.8104388087605026,Velas e Iluminación
21696,SMALL SILVER TRELLIS CANDLEPOT,107,749,2251.14,3.25,22,Velas e Iluminación,['Velas e Iluminación'],1,Velas e Iluminación,Velas e Iluminación,1.3887500586665193,Velas e Iluminación
21697,SET 5 MINI DOUGHNUT FRIDGE MAGNET,7,372,295.08,1.49,22,,[],0,Sin regla,Papelería y Tarjetería,0.32266246125472825,Papelería y Tarjetería
21698,MOCK LOBSTER FRIDGE MAGNET,112,530,399.01,1.23,22,,[],0,Sin regla,"Espejos, Relojes y Arte de Pared",0.2249560145621038,"Espejos, Relojes y Arte de Pared"
21699,SET 5 MINI CHOCOLATE FRIDGE MAGNETS,3,108,82.44,1.23,22,,[],0,Sin regla,Papelería y Tarjetería,0.13075669774103515,Sin clasificar
21700,BIG DOUGHNUT FRIDGE MAGNETS,528,6335,7028.51,3.24,22,,[],0,Sin regla,Navidad,0.064343032101849,Sin clasificar
21702,SET 5 MINI GATEAUX FRIDGE MAGNETS,8,2636,918.68,1.34,22,,[],0,Sin regla,Papelería y Tarjetería,0.04234713844112403,Sin clasificar
21703,BAG 125G SWIRLY MARBLES,577,14577,5646.47,0.5,6,Bolsos y Carteras,['Bolsos y Carteras'],1,Bolsos y Carteras,Bolsos y Carteras,1.952899916622583,Bolsos y Carteras
21704,BAG 250G SWIRLY MARBLES,574,17175,13235.16,0.98,6,Bolsos y Carteras,['Bolsos y Carteras'],1,Bolsos y Carteras,Bolsos y Carteras,1.966216503148114,Bolsos y Carteras
21705,BAG 500G SWIRLY MARBLES,228,2534,3145.71,1.81,6,Bolsos y Carteras,['Bolsos y Carteras'],1,Bolsos y Carteras,Bolsos y Carteras,1.9380393969928007,Bolsos y Carteras
21706,FOLDING UMBRELLA RED WHITE POLKADOT,254,1348,5026.21,5.19,22,,[],0,Sin regla,Cocina y Mesa,0.2749423797464585,Cocina y Mesa
21707,FOLDING UMBRELLA BLACKBLUE POLKADOT,172,1005,4184.95,4.95,22,,[],0,Sin regla,Cocina y Mesa,0.1384977337879843,Sin clasificar
21708,FOLDING UMBRELLA CREAM POLKADOT,130,611,2336.48,4.72,22,,[],0,Sin regla,Cocina y Mesa,0.3646577820388942,Cocina y Mesa
21709,FOLDING UMBRELLA CHOCOLATE POLKADOT,117,696,2876.72,5.15,22,,[],0,Sin regla,Velas e Iluminación,0.018061246758974914,Sin clasificar
21710,FOLDING UMBRELLA PINKWHITE POLKADOT,111,726,2235.01,4.93,22,,[],0,Sin regla,Cocina y Mesa,0.2886322458833214,Cocina y Mesa
21711,FOLDING UMBRELLA WHITE RED POLKADOT,71,382,1555.66,5.23,22,,[],0,Sin regla,Cocina y Mesa,0.23466978819197326,Cocina y Mesa
21713,CITRONELLA CANDLE FLOWERPOT,396,2733,5145.44,2.38,35,Velas e Iluminación,['Velas e Iluminación'],1,Velas e Iluminación,Velas e Iluminación,1.5818245813705207,Velas e Iluminación
21714,CITRONELLA CANDLE GARDEN POT,526,4283,6182.39,1.76,42,Jardín y Exterior,"['Jardín y Exterior', 'Velas e Iluminación']",2,Jardín y Exterior,Jardín y Exterior,1.6118181014831212,Jardín y Exterior
21715,GIRLS VINTAGE TIN SEASIDE BUCKET,491,3553,8987.24,3.26,22,,[],0,Sin regla,Cocina y Mesa,0.23634839009125086,Cocina y Mesa
21716,BOYS VINTAGE TIN SEASIDE BUCKET,499,3709,9397.07,3.34,22,,[],0,Sin regla,Cocina y Mesa,0.348277322205041,Cocina y Mesa
21717,EASTER TIN BUCKET,176,1554,4039.63,2.93,22,Pascua y Fiestas,['Pascua y Fiestas'],1,Pascua y Fiestas,Pascua y Fiestas,2.6194933706897574,Pascua y Fiestas
21718,RED METAL BEACH SPADE,470,4030,5250.3,1.67,22,,[],0,Sin regla,Carteles y Señalética,0.011091860629979244,Sin clasificar
21719,LOVELY BONBON STICKER SHEET,143,906,813.14,1.07,22,Papelería y Tarjetería,['Papelería y Tarjetería'],1,Papelería y Tarjetería,Papelería y Tarjetería,1.7831107626849407,Papelería y Tarjetería
21720,CAKE SHOP STICKER SHEET,112,1068,929.81,1.03,32,Papelería y Tarjetería,['Papelería y Tarjetería'],1,Papelería y Tarjetería,Papelería y Tarjetería,1.7180507791007047,Papelería y Tarjetería
21721,CANDY SHOP STICKER SHEET,146,1090,990.5,1.15,22,Papelería y Tarjetería,['Papelería y Tarjetería'],1,Papelería y Tarjetería,Papelería y Tarjetería,1.8238585214222973,Papelería y Tarjetería
21722,SWEET PUDDING STICKER SHEET,79,347,327.75,1.15,22,Papelería y Tarjetería,['Papelería y Tarjetería'],1,Papelería y Tarjetería,Papelería y Tarjetería,1.6099817017565046,Papelería y Tarjetería
21723,ALPHABET HEARTS STICKER SHEET,136,866,769.13,1.03,22,Papelería y Tarjetería,['Papelería y Tarjetería'],1,Papelería y Tarjetería,Papelería y Tarjetería,1.554258954110904,Papelería y Tarjetería
21724,PANDA AND BUNNIES STICKER SHEET,179,996,888.34,1.01,22,Pascua y Fiestas,"['Pascua y Fiestas', 'Papelería y Tarjetería']",2,Pascua y Fiestas,Pascua y Fiestas,1.52605495721994,Pascua y Fiestas
21725,SWEETIES STICKERS,174,1135,1036.43,1.15,13,Papelería y Tarjetería,['Papelería y Tarjetería'],1,Papelería y Tarjetería,Papelería y Tarjetería,2.0820392179927536,Papelería y Tarjetería
21726,MULTI HEARTS STICKERS,158,1077,930.99,0.97,13,Papelería y Tarjetería,['Papelería y Tarjetería'],1,Papelería y Tarjetería,Papelería y Tarjetería,1.416852574914735,Papelería y Tarjetería
21728,METAL MEDINA LANTERN,40,298,2773.11,13.71,22,Velas e Iluminación,['Velas e Iluminación'],1,Velas e Iluminación,Velas e Iluminación,2.0757463979469253,Velas e Iluminación
21729,SMALL MARAKESH METAL LANTERN,31,124,422.9,4.05,22,Velas e Iluminación,['Velas e Iluminación'],1,Velas e Iluminación,Velas e Iluminación,1.9085193836154577,Velas e Iluminación
21730,GLASS STAR FROSTED T LIGHT HOLDER,297,1115,5534.17,5.45,15,Velas e Iluminación,['Velas e Iluminación'],1,Velas e Iluminación,Velas e Iluminación,1.9367276229699535,Velas e Iluminación
21731,RED TOADSTOOL LED NIGHT LIGHT,1554,28910,48315.84,2.24,22,Velas e Iluminación,['Velas e Iluminación'],1,Velas e Iluminación,Velas e Iluminación,1.9367371374951505,Velas e Iluminación
21732,RED HANGING METAL STAR TLIGHT HLDR,60,925,3214.57,3.82,22,Velas e Iluminación,['Velas e Iluminación'],1,Velas e Iluminación,Velas e Iluminación,1.610473243735625,Velas e Iluminación
21733,RED HANGING HEART T LIGHT HOLDER,1793,17575,50346.49,3.1,15,Velas e Iluminación,"['Velas e Iluminación', 'Decoración del Hogar']",2,Velas e Iluminación,Velas e Iluminación,2.0385221937470526,Velas e Iluminación
21734,SMALL MARAKESH LANTERN ON STICK,30,97,529.49,5.73,22,Velas e Iluminación,['Velas e Iluminación'],1,Velas e Iluminación,Velas e Iluminación,1.79894341347579,Velas e Iluminación
21735,TWO DOOR CURIO CABINET,262,853,11112.85,15.35,22,Cajas y Almacenamiento,['Cajas y Almacenamiento'],1,Cajas y Almacenamiento,Cajas y Almacenamiento,1.930257269883523,Cajas y Almacenamiento
21736,GOLD SCROLL GLASS T LIGHT HOLDER,28,193,393.69,2.34,15,Velas e Iluminación,['Velas e Iluminación'],1,Velas e Iluminación,Velas e Iluminación,2.0195973495063564,Velas e Iluminación
21737,SET 3 WICKER LOG BASKETS,164,398,7362.66,19.87,22,Decoración del Hogar,['Decoración del Hogar'],1,Decoración del Hogar,Decoración del Hogar,1.5679039653401965,Decoración del Hogar
21738,COSY SLIPPER SHOES SMALL RED,136,422,1322.63,3.5,22,,[],0,Sin regla,Cocina y Mesa,0.1691763267984438,Sin clasificar
21739,COSY SLIPPER SHOES SMALL GREEN,178,494,1451.85,3.05,22,,[],0,Sin regla,Cocina y Mesa,0.10206863525513044,Sin clasificar
21740,COSY SLIPPER SHOES LARGE RED,67,201,698.01,3.69,22,,[],0,Sin regla,Bolsos y Carteras,0.003371889252364535,Sin clasificar
21741,COSY SLIPPER SHOES LARGE GREEN,192,701,2293.75,3.83,22,,[],0,Sin regla,Cocina y Mesa,0.07611673924567686,Sin clasificar
21742,LARGE ROUND WICKER PLATTER,195,437,2647.28,6.05,22,Decoración del Hogar,['Decoración del Hogar'],1,Decoración del Hogar,Decoración del Hogar,1.7862263773743696,Decoración del Hogar
21743,STAR PORTABLE TABLE LIGHT,185,1288,3767.08,3.55,19,Velas e Iluminación,['Velas e Iluminación'],1,Velas e Iluminación,Velas e Iluminación,1.663895030243976,Velas e Iluminación
21744,SNOWFLAKE PORTABLE TABLE LIGHT,222,898,2697.16,3.18,19,Velas e Iluminación,['Velas e Iluminación'],1,Velas e Iluminación,Velas e Iluminación,1.6017546422668305,Velas e Iluminación
21745,GAOLERS KEYS DECORATIVE GARDEN,492,2699,9201.49,3.95,42,Jardín y Exterior,['Jardín y Exterior'],1,Jardín y Exterior,Jardín y Exterior,2.087103416611963,Jardín y Exterior
21746,SMALL RED RETROSPOT WINDMILL,496,5965,7468.34,1.51,22,,[],0,Sin regla,Cocina y Mesa,0.3075674176717039,Cocina y Mesa
21747,SMALL SKULL WINDMILL,154,2049,2452.35,1.44,22,,[],0,Sin regla,Cocina y Mesa,0.1948869986858432,Sin clasificar
21749,LARGE RED RETROSPOT WINDMILL,286,5657,10980.98,2.54,22,,[],0,Sin regla,Cocina y Mesa,0.15268940427138933,Sin clasificar
21750,LARGE SKULL WINDMILL,62,309,663.85,2.43,22,,[],0,Sin regla,Cocina y Mesa,0.1401004289624872,Sin clasificar
21752,GLASS CAKE STAND MIRRORED BASE,37,77,1244.81,17.72,32,"Espejos, Relojes y Arte de Pared","['Espejos, Relojes y Arte de Pared', 'Cocina y Mesa']",2,"Espejos, Relojes y Arte de Pared","Espejos, Relojes y Arte de Pared",1.3498169616773468,"Espejos, Relojes y Arte de Pared"
21754,HOME BUILDING BLOCK WORD,2087,7595,46516.99,6.59,22,Decoración del Hogar,['Decoración del Hogar'],1,Decoración del Hogar,Decoración del Hogar,1.943197140867992,Decoración del Hogar
21755,LOVE BUILDING BLOCK WORD,1717,5643,34836.02,6.68,31,Decoración del Hogar,['Decoración del Hogar'],1,Decoración del Hogar,Decoración del Hogar,1.811785676233777,Decoración del Hogar
21756,BATH BUILDING BLOCK WORD,584,1612,9944.65,6.57,22,Decoración del Hogar,['Decoración del Hogar'],1,Decoración del Hogar,Decoración del Hogar,1.9637614617818966,Decoración del Hogar
21757,LIGHTHOUSE PRINTED METAL SIGN,43,80,454.3,6.31,11,Carteles y Señalética,['Carteles y Señalética'],1,Carteles y Señalética,Carteles y Señalética,1.9895878438062826,Carteles y Señalética
21758,VINTAGE SHELLS PRINT,79,135,1069.76,9.01,22,,[],0,Sin regla,Papelería y Tarjetería,0.09420091701046784,Sin clasificar
21759,METAL WALL SHELF UNIT WITH HOOKS,13,30,1274.47,54.19,22,,[],0,Sin regla,"Espejos, Relojes y Arte de Pared",0.25941092408249034,"Espejos, Relojes y Arte de Pared"
21760,FRENCH STYLE WALL DRESSER,13,15,1740.0,116.92,20,,[],0,Sin regla,"Espejos, Relojes y Arte de Pared",0.22772460454067878,"Espejos, Relojes y Arte de Pared"
21761,WOOD AND GLASS MEDICINE CABINET,24,65,1814.75,29.58,22,Cajas y Almacenamiento,['Cajas y Almacenamiento'],1,Cajas y Almacenamiento,Cajas y Almacenamiento,2.184146213167243,Cajas y Almacenamiento
21763,VINTAGE WOODEN BAR STOOL,17,43,1157.9,27.95,22,,[],0,Sin regla,Papelería y Tarjetería,0.14296152432686482,Sin clasificar
21764,VINTAGE WOODEN PLATE RACK,11,17,659.15,39.5,26,Cocina y Mesa,['Cocina y Mesa'],1,Cocina y Mesa,Cocina y Mesa,1.466791850292981,Cocina y Mesa
21765,HANGING METAL BIRD BATH,146,371,3076.39,9.03,22,,[],0,Sin regla,Decoración del Hogar,0.6607886166974719,Decoración del Hogar
21767,FRENCH STYLE WIRE DOOR CABINET,1,1,29.95,29.95,22,Cajas y Almacenamiento,['Cajas y Almacenamiento'],1,Cajas y Almacenamiento,Cajas y Almacenamiento,1.9193747985757739,Cajas y Almacenamiento
21768,WALL MOUNTED VINTAGE ORGANISER,164,497,6756.09,18.04,20,,[],0,Sin regla,"Espejos, Relojes y Arte de Pared",0.17698720158602044,Sin clasificar
21769,VINTAGE POST OFFICE CABINET,48,123,7954.87,77.63,22,Cajas y Almacenamiento,['Cajas y Almacenamiento'],1,Cajas y Almacenamiento,Cajas y Almacenamiento,1.8875778129387704,Cajas y Almacenamiento
21770,OPEN CLOSED METAL SIGN,652,2991,14807.3,5.44,11,Carteles y Señalética,['Carteles y Señalética'],1,Carteles y Señalética,Carteles y Señalética,2.67527865551538,Carteles y Señalética
21772,VINTAGE METAL CAKE STAND CREAM,1,1,12.75,12.75,32,Cocina y Mesa,['Cocina y Mesa'],1,Cocina y Mesa,Cocina y Mesa,1.7784165996543664,Cocina y Mesa
21773,DECORATIVE ROSE BATHROOM BOTTLE,310,1642,1899.4,1.92,22,,[],0,Sin regla,Botellas de Agua Caliente y Confort,0.1359346619403996,Sin clasificar
21774,DECORATIVE CATS BATHROOM BOTTLE,370,1711,2129.81,2.01,22,,[],0,Sin regla,Botellas de Agua Caliente y Confort,0.07151484049538492,Sin clasificar
21775,DECORATIVE FLORE BATHROOM BOTTLE,278,874,1326.29,2.01,22,,[],0,Sin regla,Botellas de Agua Caliente y Confort,0.18205329618116717,Sin clasificar
21777,RECIPE BOX WITH METAL HEART,368,1126,9075.51,9.1,4,,[],0,Sin regla,Cajas y Almacenamiento,0.6825061120764085,Cajas y Almacenamiento
21779,MA CAMPAGNE MINI WOODEN CHEST,22,301,1097.8,4.61,22,Cajas y Almacenamiento,['Cajas y Almacenamiento'],1,Cajas y Almacenamiento,Cajas y Almacenamiento,0.5837648625638379,Cajas y Almacenamiento
21780,MA CAMPAGNE 4 DRAWER WALL SHELF,32,203,1745.85,10.91,22,,[],0,Sin regla,"Espejos, Relojes y Arte de Pared",0.049663079260779286,Sin clasificar
21781,MA CAMPAGNE CUTLERY BOX,367,655,10125.72,16.55,4,Cocina y Mesa,['Cocina y Mesa'],1,Cocina y Mesa,Cocina y Mesa,1.266967876088769,Cocina y Mesa
21784,SHOE SHINE BOX,178,290,3538.28,12.69,4,,[],0,Sin regla,Cajas y Almacenamiento,1.2956417971353584,Cajas y Almacenamiento
21785,RAIN PONCHO,101,2005,1514.63,0.99,22,,[],0,Sin regla,Papelería y Tarjetería,0.04327095797639524,Sin clasificar
21786,POLKADOT RAIN HAT,461,7471,3049.03,0.63,22,,[],0,Sin regla,Cocina y Mesa,0.24063140596733296,Cocina y Mesa
21787,RAIN PONCHO RETROSPOT,476,15135,11926.08,1.04,22,,[],0,Sin regla,Papelería y Tarjetería,0.08157692066563704,Sin clasificar
21788,KIDS RAIN MAC BLUE,213,3375,2725.09,0.91,22,,[],0,Sin regla,Bolsos y Carteras,0.25231524861255183,Bolsos y Carteras
21789,KIDS RAIN MAC PINK,221,2920,2437.07,0.94,22,,[],0,Sin regla,Bolsos y Carteras,0.31812899057567556,Bolsos y Carteras
21790,VINTAGE SNAP CARDS,1913,27244,23506.17,1.01,25,Papelería y Tarjetería,['Papelería y Tarjetería'],1,Papelería y Tarjetería,Papelería y Tarjetería,2.2703037940233903,Papelería y Tarjetería
21791,VINTAGE HEADS AND TAILS CARD GAME,1330,17604,22858.6,1.49,22,Papelería y Tarjetería,['Papelería y Tarjetería'],1,Papelería y Tarjetería,Papelería y Tarjetería,1.8650143827882777,Papelería y Tarjetería
21792,CLASSIC FRENCH STYLE BASKET GREEN,141,494,2517.88,5.97,22,,[],0,Sin regla,Cajas y Almacenamiento,0.26620431185881444,Cajas y Almacenamiento
21793,CLASSIC FRENCH STYLE BASKET BROWN,103,353,1627.36,5.17,22,,[],0,Sin regla,Cajas y Almacenamiento,0.16327486564250215,Sin clasificar
21794,CLASSIC FRENCH STYLE BASKET NATURAL,178,713,3552.09,6.0,22,,[],0,Sin regla,Cajas y Almacenamiento,0.22951088333242164,Cajas y Almacenamiento
21795,SET OF 3 BLUE STRIPE BASKET,80,441,3734.94,13.15,22,,[],0,Sin regla,Decoración del Hogar,0.09195673046615871,Sin clasificar
21796,SET OF 3 RED STRIPE BASKETS,67,324,2782.19,12.66,22,,[],0,Sin regla,Cocina y Mesa,0.0573427335710901,Sin clasificar
21801,CHRISTMAS TREE DECORATION WITH BELL,259,3398,1467.66,0.46,0,Navidad,"['Navidad', 'Decoración del Hogar']",2,Navidad,Navidad,1.8735032164858438,Navidad
21802,CHRISTMAS TREE HEART DECORATION,325,4377,1917.2,0.49,0,Navidad,"['Navidad', 'Decoración del Hogar']",2,Navidad,Navidad,2.2038511726411816,Navidad
21803,CHRISTMAS TREE STAR DECORATION,323,4463,1938.96,0.47,0,Navidad,"['Navidad', 'Decoración del Hogar']",2,Navidad,Navidad,2.281496409615775,Navidad
21804,WHITE CHRISTMAS GARLAND STARS TREES,142,597,2240.99,3.84,14,Navidad,"['Navidad', 'Decoración del Hogar']",2,Navidad,Navidad,1.9346252071172994,Navidad
21805,WHITE CHRISTMAS TREE DECORATION,105,2221,957.63,0.51,0,Navidad,"['Navidad', 'Decoración del Hogar']",2,Navidad,Navidad,2.3816086536411936,Navidad
21806,WHITE CHRISTMAS HEART DECORATION,132,2707,1179.43,0.5,1,Navidad,"['Navidad', 'Decoración del Hogar']",2,Navidad,Navidad,2.085461180076277,Navidad
21807,WHITE CHRISTMAS STAR DECORATION,178,3225,1422.45,0.51,1,Navidad,"['Navidad', 'Decoración del Hogar']",2,Navidad,Navidad,2.117001721663664,Navidad
21808,CHRISTMAS GARLAND STARS TREES,146,1001,2715.53,3.6,14,Navidad,"['Navidad', 'Decoración del Hogar']",2,Navidad,Navidad,1.9833660465518967,Navidad
21809,CHRISTMAS HANGING TREE WITH BELL,212,3015,2427.89,1.24,0,Navidad,['Navidad'],1,Navidad,Navidad,2.095162220353239,Navidad
21810,CHRISTMAS HANGING STAR WITH BELL,360,6959,4374.41,0.96,0,Navidad,['Navidad'],1,Navidad,Navidad,2.1681042764373233,Navidad
21811,HANGING HEART WITH BELL,398,6340,4577.18,1.15,39,Decoración del Hogar,['Decoración del Hogar'],1,Decoración del Hogar,Decoración del Hogar,1.2388978209035824,Decoración del Hogar
21812,GARLAND WITH HEARTS AND BELLS,206,805,3917.49,5.6,14,Decoración del Hogar,['Decoración del Hogar'],1,Decoración del Hogar,Decoración del Hogar,1.8670990081666101,Decoración del Hogar
21813,GARLAND WITH STARS AND BELLS,186,815,3761.41,5.46,14,Decoración del Hogar,['Decoración del Hogar'],1,Decoración del Hogar,Decoración del Hogar,1.9751771139608278,Decoración del Hogar
21814,HEART T LIGHT HOLDER,99,670,1016.53,1.82,15,Velas e Iluminación,['Velas e Iluminación'],1,Velas e Iluminación,Velas e Iluminación,2.7498462925628586,Velas e Iluminación
21815,STAR T LIGHT HOLDER,94,679,1060.24,1.86,15,Velas e Iluminación,['Velas e Iluminación'],1,Velas e Iluminación,Velas e Iluminación,2.4808469416755345,Velas e Iluminación
21816,CHRISTMAS TREE T LIGHT HOLDER,51,422,637.34,1.7,15,Navidad,"['Navidad', 'Velas e Iluminación']",2,Navidad,Navidad,2.1694768832362192,Navidad
21817,GLITTER CHRISTMAS TREE,135,1687,1077.19,0.73,0,Navidad,['Navidad'],1,Navidad,Navidad,2.2208583019434265,Navidad
21818,GLITTER CHRISTMAS HEART,310,4196,2549.45,0.72,0,Navidad,['Navidad'],1,Navidad,Navidad,2.092238184109776,Navidad
21819,GLITTER CHRISTMAS STAR,257,3847,2247.14,0.71,0,Navidad,['Navidad'],1,Navidad,Navidad,2.1036711427235195,Navidad
21820,GLITTER HEART GARLAND WITH BELLS,184,795,3132.39,4.69,14,Decoración del Hogar,['Decoración del Hogar'],1,Decoración del Hogar,Decoración del Hogar,2.0107225999564973,Decoración del Hogar
21821,GLITTER STAR GARLAND WITH BELLS,156,713,2866.6,4.84,14,Decoración del Hogar,['Decoración del Hogar'],1,Decoración del Hogar,Decoración del Hogar,1.8782692755126549,Decoración del Hogar
21822,GLITTER CHRISTMAS TREE WITH BELLS,146,1010,1343.7,1.58,0,Navidad,['Navidad'],1,Navidad,Navidad,1.8892686507344134,Navidad
21823,PAINTED METAL HEART WITH HOLLY BELL,226,2468,2447.72,1.31,39,Navidad,['Navidad'],1,Navidad,Navidad,1.799534573303546,Navidad
21824,PAINTED METAL STAR WITH HOLLY BELLS,220,2782,2351.46,1.12,22,Navidad,['Navidad'],1,Navidad,Navidad,1.8415614391417099,Navidad
21825,PAINTED METAL TREE WITH HOLLY BELLS,80,733,1053.19,1.55,22,Navidad,['Navidad'],1,Navidad,Navidad,1.8399920366517617,Navidad
21826,EIGHT PIECE DINOSAUR SET,249,1800,2326.87,1.46,22,,[],0,Sin regla,Cocina y Mesa,0.07360569243641002,Sin clasificar
21827,EIGHT PIECE CREEPY CRAWLIE SET,143,835,1068.89,1.36,22,,[],0,Sin regla,Cocina y Mesa,0.06527671615286523,Sin clasificar
21828,EIGHT PIECE SNAKE SET,183,1105,1396.62,1.48,22,,[],0,Sin regla,Cocina y Mesa,0.4199634570097694,Cocina y Mesa
21829,DINOSAUR KEYRINGS ASSORTED,412,15035,3242.18,0.26,22,Joyería y Bijouterie,['Joyería y Bijouterie'],1,Joyería y Bijouterie,Joyería y Bijouterie,1.51829290922286,Joyería y Bijouterie
21830,ASSORTED CREEPY CRAWLIES,258,7658,3185.6,0.46,22,,[],0,Sin regla,Papelería y Tarjetería,0.04162060150614921,Sin clasificar
21832,CHOCOLATE CALCULATOR,464,3338,5836.76,2.27,22,,[],0,Sin regla,Velas e Iluminación,0.023919619037830797,Sin clasificar
21833,CAMOUFLAGE LED TORCH,445,6239,10681.67,2.05,22,,[],0,Sin regla,Velas e Iluminación,0.19006670189204566,Sin clasificar
21836,GINGHAM OVEN GLOVE RED HEART,101,249,1003.89,4.37,39,,[],0,Sin regla,Decoración del Hogar,0.09367201512411205,Sin clasificar
21837,CROSS STITCH ALPHABET CUSHION COVER,91,244,1622.64,7.64,21,Textiles del Hogar,['Textiles del Hogar'],1,Textiles del Hogar,Textiles del Hogar,1.9776873553230978,Textiles del Hogar
21838,DADDY MOUSE RED GINGHAM BOW TIE,1,1,5.45,5.45,22,,[],0,Sin regla,Papelería y Tarjetería,0.16058158753391605,Sin clasificar
21839,MUMMY MOUSE RED GINGHAM RIBBON,83,201,1085.59,5.5,22,Papelería y Tarjetería,['Papelería y Tarjetería'],1,Papelería y Tarjetería,Papelería y Tarjetería,1.6928931950106338,Papelería y Tarjetería
21841,BABY MOUSE RED GINGHAM DRESS,134,437,1857.47,4.42,22,,[],0,Sin regla,Papelería y Tarjetería,0.16279101191715928,Sin clasificar
21842,PINK HEART CANDY BUTTON CALCULATOR,47,551,1308.74,3.01,39,,[],0,Sin regla,Decoración del Hogar,0.05235294125075163,Sin clasificar
21843,RED RETROSPOT CAKE STAND,1529,6128,64918.3,12.24,32,Cocina y Mesa,['Cocina y Mesa'],1,Cocina y Mesa,Cocina y Mesa,1.8096231226574657,Cocina y Mesa
21844,RED RETROSPOT MUG,496,5374,15329.44,3.31,24,Cocina y Mesa,['Cocina y Mesa'],1,Cocina y Mesa,Cocina y Mesa,2.1271587999662147,Cocina y Mesa
21845,DAIRY MAID STRIPE MUG,158,2521,3758.41,2.17,24,Cocina y Mesa,['Cocina y Mesa'],1,Cocina y Mesa,Cocina y Mesa,1.9360661921975941,Cocina y Mesa
21846,PINK DIAMANTE PEN IN GIFT BOX,265,1601,3803.4,3.91,4,Cajas y Almacenamiento,"['Cajas y Almacenamiento', 'Papelería y Tarjetería']",2,Cajas y Almacenamiento,Cajas y Almacenamiento,1.9470414166472043,Cajas y Almacenamiento
21847,GREEN DIAMANTE PEN IN GIFT BOX,72,347,675.37,3.26,4,Cajas y Almacenamiento,"['Cajas y Almacenamiento', 'Papelería y Tarjetería']",2,Cajas y Almacenamiento,Cajas y Almacenamiento,1.9094625627510398,Cajas y Almacenamiento
21849,SILVER DIAMANTE PEN IN GIFT BOX,136,633,1483.51,3.72,4,Cajas y Almacenamiento,"['Cajas y Almacenamiento', 'Papelería y Tarjetería']",2,Cajas y Almacenamiento,Cajas y Almacenamiento,1.9512896802013313,Cajas y Almacenamiento
21850,BLUE DIAMANTE PEN IN GIFT BOX,106,447,1072.98,3.89,4,Cajas y Almacenamiento,"['Cajas y Almacenamiento', 'Papelería y Tarjetería']",2,Cajas y Almacenamiento,Cajas y Almacenamiento,1.9276997558525277,Cajas y Almacenamiento
21851,LILAC DIAMANTE PEN IN GIFT BOX,149,628,1473.56,3.96,4,Cajas y Almacenamiento,"['Cajas y Almacenamiento', 'Papelería y Tarjetería']",2,Cajas y Almacenamiento,Cajas y Almacenamiento,1.9089231633521617,Cajas y Almacenamiento
21852,EMPIRE TEDDY,2,2,13.9,6.95,22,,[],0,Sin regla,Papelería y Tarjetería,0.8554473660581903,Papelería y Tarjetería
21853,GUMBALL CUSTOM CARS TOP TRUMPS GAME,3,3,15.4,5.13,22,,[],0,Sin regla,Cajas y Almacenamiento,0.02267460832022017,Sin clasificar
21854,EURO FOOTBALL STARS TOP TRUMPS GAME,1,1,5.17,5.17,22,,[],0,Sin regla,Papelería y Tarjetería,0.0715450410398516,Sin clasificar
21857,STAR WARS TOP TRUMPS GAME,2,2,10.23,5.12,22,,[],0,Sin regla,Cocina y Mesa,0.08929619267860722,Sin clasificar
21858,HIGH SCHOOL MUSICAL 3 TOP TRUMPS,2,2,10.23,5.12,22,,[],0,Sin regla,Papelería y Tarjetería,0.253789468553699,Papelería y Tarjetería
21860,DR WHO TOP TRUMPS GAME,1,1,5.17,5.17,22,,[],0,Sin regla,Papelería y Tarjetería,0.009406827969793419,Sin clasificar
21864,UNION JACK FLAG PASSPORT COVER,417,1853,4431.54,2.75,17,,[],0,Sin regla,Textiles del Hogar,0.34258270436536586,Textiles del Hogar
21865,PINK UNION JACK PASSPORT COVER,300,896,2085.64,2.61,17,,[],0,Sin regla,Textiles del Hogar,0.27445109946015245,Textiles del Hogar
21866,UNION JACK FLAG LUGGAGE TAG,460,2168,3591.5,1.77,17,,[],0,Sin regla,Bolsos y Carteras,0.057568549441317285,Sin clasificar
21867,PINK UNION JACK LUGGAGE TAG,301,1144,1562.87,1.54,17,,[],0,Sin regla,Bolsos y Carteras,0.08112631267672032,Sin clasificar
21868,POTTING SHED TEA MUG,888,9075,11163.64,1.62,24,Cocina y Mesa,['Cocina y Mesa'],1,Cocina y Mesa,Cocina y Mesa,1.8060914055182362,Cocina y Mesa
21869,POTTING SHED COFFEE MUG,112,1264,1469.58,1.35,9,Cocina y Mesa,['Cocina y Mesa'],1,Cocina y Mesa,Cocina y Mesa,1.8499435171006882,Cocina y Mesa
21870,I CAN ONLY PLEASE ONE PERSON MUG,634,6083,7627.49,1.54,24,Cocina y Mesa,['Cocina y Mesa'],1,Cocina y Mesa,Cocina y Mesa,1.8474652620760912,Cocina y Mesa
21871,SAVE THE PLANET MUG,786,11492,13654.89,1.73,24,Cocina y Mesa,['Cocina y Mesa'],1,Cocina y Mesa,Cocina y Mesa,1.7207301262614092,Cocina y Mesa
21872,GLAMOROUS MUG,332,5092,5163.8,1.54,24,Cocina y Mesa,['Cocina y Mesa'],1,Cocina y Mesa,Cocina y Mesa,1.9903853829138605,Cocina y Mesa
21873,IF YOU CAN T STAND THE HEAT MUG,199,2010,2360.01,1.67,24,Cocina y Mesa,['Cocina y Mesa'],1,Cocina y Mesa,Cocina y Mesa,1.8852072975795946,Cocina y Mesa
21874,GIN AND TONIC MUG,617,6332,8209.17,1.81,24,Cocina y Mesa,['Cocina y Mesa'],1,Cocina y Mesa,Cocina y Mesa,1.8628937158609786,Cocina y Mesa
21875,KINGS CHOICE MUG,416,6818,7882.08,1.7,24,Cocina y Mesa,['Cocina y Mesa'],1,Cocina y Mesa,Cocina y Mesa,1.7032643076897582,Cocina y Mesa
21876,POTTERING MUG,624,5663,7351.25,1.98,24,Cocina y Mesa,['Cocina y Mesa'],1,Cocina y Mesa,Cocina y Mesa,2.843455053356443,Cocina y Mesa
21877,HOME SWEET HOME MUG,757,14054,15954.75,1.58,24,Cocina y Mesa,['Cocina y Mesa'],1,Cocina y Mesa,Cocina y Mesa,1.1881066063173853,Cocina y Mesa
21878,PACK OF 6 SANDCASTLE FLAGS ASSORTED,410,5586,4586.48,1.06,22,,[],0,Sin regla,Cocina y Mesa,0.37014267435163545,Cocina y Mesa
21879,HEARTS GIFT TAPE,153,1567,664.84,0.75,22,,[],0,Sin regla,Cajas y Almacenamiento,0.22104500800533028,Cajas y Almacenamiento
21880,RED RETROSPOT TAPE,330,2483,1289.83,0.65,22,,[],0,Sin regla,Cocina y Mesa,0.02873262918822561,Sin clasificar
21881,CUTE CATS TAPE,118,1332,554.95,0.83,22,,[],0,Sin regla,Cocina y Mesa,0.4164681481863505,Cocina y Mesa
21882,SKULLS TAPE,121,1052,499.44,0.78,22,,[],0,Sin regla,Papelería y Tarjetería,0.21538078095505758,Papelería y Tarjetería
21883,STARS GIFT TAPE,226,2348,1199.48,0.74,22,,[],0,Sin regla,Cajas y Almacenamiento,0.024451021461537326,Sin clasificar
21884,CAKES AND BOWS GIFT TAPE,161,1448,663.61,0.99,22,,[],0,Sin regla,Cajas y Almacenamiento,0.22680150972722918,Cajas y Almacenamiento
21888,BINGO SET,827,3520,13862.17,4.6,22,,[],0,Sin regla,Cocina y Mesa,0.5253817409912755,Cocina y Mesa
21889,WOODEN BOX OF DOMINOES,1142,12805,17095.66,1.55,4,,[],0,Sin regla,Cajas y Almacenamiento,0.0036863922687563333,Sin clasificar
21890,S 6 WOODEN SKITTLES IN COTTON BAG,554,3489,10451.6,3.73,6,Bolsos y Carteras,['Bolsos y Carteras'],1,Bolsos y Carteras,Bolsos y Carteras,1.970622368807681,Bolsos y Carteras
21891,TRADITIONAL WOODEN SKIPPING ROPE,859,12142,15547.75,1.54,22,,[],0,Sin regla,Cocina y Mesa,0.7514736681586701,Cocina y Mesa
21892,TRADITIONAL WOODEN CATCH CUP GAME,839,7826,10151.28,1.57,22,Cocina y Mesa,['Cocina y Mesa'],1,Cocina y Mesa,Cocina y Mesa,1.8281470383256315,Cocina y Mesa
21893,POTTING SHED SEED TIN,20,172,587.8,5.5,22,,[],0,Sin regla,Papelería y Tarjetería,0.11959157418259075,Sin clasificar
21894,POTTING SHED SEED ENVELOPES,249,1320,1836.14,1.74,22,Papelería y Tarjetería,['Papelería y Tarjetería'],1,Papelería y Tarjetería,Papelería y Tarjetería,1.537234052475248,Papelería y Tarjetería
21895,POTTING SHED SOW N GROW SET,86,555,1718.63,4.85,22,,[],0,Sin regla,Papelería y Tarjetería,0.09518233860811887,Sin clasificar
21896,POTTING SHED TWINE,293,2387,4944.04,2.49,22,,[],0,Sin regla,Papelería y Tarjetería,0.07515270607697305,Sin clasificar
21897,POTTING SHED CANDLE CITRONELLA,108,866,2641.36,3.11,35,Velas e Iluminación,['Velas e Iluminación'],1,Velas e Iluminación,Velas e Iluminación,1.642895741148247,Velas e Iluminación
21898,POTTING SHED ROSE CANDLE,117,827,2538.81,3.0,35,Velas e Iluminación,['Velas e Iluminación'],1,Velas e Iluminación,Velas e Iluminación,1.8152692446062582,Velas e Iluminación
21899,KEY FOB GARAGE DESIGN,631,6676,4322.47,0.81,22,,[],0,Sin regla,Joyería y Bijouterie,0.13996219890671652,Sin clasificar
21900,KEY FOB SHED,849,8323,5529.14,0.87,22,,[],0,Sin regla,Joyería y Bijouterie,0.49512225898920414,Joyería y Bijouterie
21901,KEY FOB BACK DOOR,707,6158,4061.51,0.81,22,,[],0,Sin regla,Jardín y Exterior,0.18495953293782869,Sin clasificar
21902,KEY FOB FRONT DOOR,490,5359,3408.03,0.78,22,,[],0,Sin regla,Jardín y Exterior,0.2168089451630425,Jardín y Exterior
21903,MAN FLU METAL SIGN,407,3436,6908.87,2.44,11,Carteles y Señalética,['Carteles y Señalética'],1,Carteles y Señalética,Carteles y Señalética,2.901795584153091,Carteles y Señalética
21904,HOUSE WRECKING METAL SIGN,146,757,1201.52,2.09,11,Carteles y Señalética,['Carteles y Señalética'],1,Carteles y Señalética,Carteles y Señalética,1.9984164677594152,Carteles y Señalética
21905,MORE BUTTER METAL SIGN,263,1615,2141.07,1.69,11,Carteles y Señalética,['Carteles y Señalética'],1,Carteles y Señalética,Carteles y Señalética,2.708950194895144,Carteles y Señalética
21906,PHARMACIE FIRST AID TIN,426,1786,12879.46,8.39,22,,[],0,Sin regla,Cocina y Mesa,0.46191666401193404,Cocina y Mesa
21907,I M ON HOLIDAY METAL SIGN,777,5163,10866.22,2.28,11,Carteles y Señalética,['Carteles y Señalética'],1,Carteles y Señalética,Carteles y Señalética,1.972747968384165,Carteles y Señalética
21908,CHOCOLATE THIS WAY METAL SIGN,983,9678,19125.98,2.46,11,Carteles y Señalética,['Carteles y Señalética'],1,Carteles y Señalética,Carteles y Señalética,2.14561655079782,Carteles y Señalética
21910,WAY OUT METAL SIGN,111,1066,1398.18,1.76,11,Carteles y Señalética,['Carteles y Señalética'],1,Carteles y Señalética,Carteles y Señalética,2.3858799160292326,Carteles y Señalética
21911,GARDEN METAL SIGN,345,2546,4080.85,2.04,11,Jardín y Exterior,"['Jardín y Exterior', 'Carteles y Señalética']",2,Jardín y Exterior,Carteles y Señalética,0.9089664671169355,Carteles y Señalética
21912,VINTAGE SNAKES LADDERS,830,3734,14651.33,4.68,22,,[],0,Sin regla,Papelería y Tarjetería,0.1435524062403173,Sin clasificar
21913,VINTAGE SEASIDE JIGSAW PUZZLES,299,1129,4302.48,4.35,22,,[],0,Sin regla,Jardín y Exterior,0.053054526190979945,Sin clasificar
21914,BLUE HARMONICA IN BOX,976,12957,17725.36,1.45,4,,[],0,Sin regla,Cajas y Almacenamiento,0.25768592206767205,Cajas y Almacenamiento
21915,RED HARMONICA IN BOX,1031,36289,42664.54,1.4,4,,[],0,Sin regla,Cajas y Almacenamiento,0.1986779718173507,Sin clasificar
21916,SET 12 RETRO WHITE CHALK STICKS,725,11011,4751.06,0.52,12,,[],0,Sin regla,Cocina y Mesa,0.08369838358339388,Sin clasificar
21917,SET 12 KIDS WHITE CHALK STICKS,471,8010,3324.22,0.5,12,,[],0,Sin regla,Papelería y Tarjetería,0.26508695268011223,Papelería y Tarjetería
21918,SET 12 KIDS COLOUR CHALK STICKS,795,14598,6013.14,0.52,12,,[],0,Sin regla,Papelería y Tarjetería,0.47628850273859713,Papelería y Tarjetería
21919,ELECTRONIC TALKING BREATH A LOSER,5,6,30.47,5.08,22,,[],0,Sin regla,Cocina y Mesa,0.2993745887075186,Cocina y Mesa
21922,UNION STRIPE WITH FRINGE HAMMOCK,389,1443,11199.18,8.86,22,,[],0,Sin regla,Jardín y Exterior,0.07388789840658827,Sin clasificar
21923,RED CREAM STRIPE FRINGE HAMMOCK,119,337,2662.64,8.58,22,,[],0,Sin regla,Cocina y Mesa,0.14595160688322706,Sin clasificar
21924,BLUE CREAM STRIPE FRINGE HAMMOCK,124,315,2486.66,8.61,22,,[],0,Sin regla,Cocina y Mesa,0.09995310227007526,Sin clasificar
21925,UNION STRIPE CUSHION COVER,169,1201,1562.33,1.58,21,Textiles del Hogar,['Textiles del Hogar'],1,Textiles del Hogar,Textiles del Hogar,2.2029686065168153,Textiles del Hogar
21926,RED CREAM STRIPE CUSHION COVER,147,1009,1325.27,1.6,21,Textiles del Hogar,['Textiles del Hogar'],1,Textiles del Hogar,Textiles del Hogar,2.0414715345926306,Textiles del Hogar
21927,BLUE CREAM STRIPE CUSHION COVER,193,1260,1728.24,1.69,21,Textiles del Hogar,['Textiles del Hogar'],1,Textiles del Hogar,Textiles del Hogar,2.067737036978315,Textiles del Hogar
21928,JUMBO BAG SCANDINAVIAN PAISLEY,1551,24268,46202.52,2.48,9,Bolsos y Carteras,['Bolsos y Carteras'],1,Bolsos y Carteras,Bolsos y Carteras,1.8165167592325924,Bolsos y Carteras
21929,JUMBO BAG PINK VINTAGE PAISLEY,1631,25608,49651.99,2.5,9,Bolsos y Carteras,['Bolsos y Carteras'],1,Bolsos y Carteras,Bolsos y Carteras,2.127418711988641,Bolsos y Carteras
21930,JUMBO STORAGE BAG SKULLS,1337,13390,27368.08,2.53,6,Bolsos y Carteras,"['Bolsos y Carteras', 'Cajas y Almacenamiento']",2,Bolsos y Carteras,Bolsos y Carteras,1.761390624521808,Bolsos y Carteras
21931,JUMBO STORAGE BAG SUKI,2352,29182,61537.55,2.53,6,Bolsos y Carteras,"['Bolsos y Carteras', 'Cajas y Almacenamiento']",2,Bolsos y Carteras,Bolsos y Carteras,1.8872580964626628,Bolsos y Carteras
21932,SCANDINAVIAN PAISLEY PICNIC BAG,653,3871,8498.61,2.43,9,Bolsos y Carteras,['Bolsos y Carteras'],1,Bolsos y Carteras,Bolsos y Carteras,1.6103839086734566,Bolsos y Carteras
21933,PINK VINTAGE PAISLEY PICNIC BAG,632,4116,9087.63,2.44,9,Bolsos y Carteras,['Bolsos y Carteras'],1,Bolsos y Carteras,Bolsos y Carteras,1.8906987735004956,Bolsos y Carteras
21934,SKULL SHOULDER BAG,727,4597,8275.22,2.2,6,Bolsos y Carteras,['Bolsos y Carteras'],1,Bolsos y Carteras,Bolsos y Carteras,2.224012827395688,Bolsos y Carteras
21935,SUKI SHOULDER BAG,922,7127,13103.21,2.31,6,Bolsos y Carteras,['Bolsos y Carteras'],1,Bolsos y Carteras,Bolsos y Carteras,2.280102579960498,Bolsos y Carteras
21936,RED RETROSPOT PICNIC BAG,1052,7805,22741.31,3.63,6,Bolsos y Carteras,['Bolsos y Carteras'],1,Bolsos y Carteras,Bolsos y Carteras,1.919238683309626,Bolsos y Carteras
21937,STRAWBERRY PICNIC BAG,661,4100,12038.82,3.61,6,Bolsos y Carteras,['Bolsos y Carteras'],1,Bolsos y Carteras,Bolsos y Carteras,1.9810380787025768,Bolsos y Carteras
21942,SKULLS DESIGN FLANNEL,221,1672,1136.28,1.25,22,,[],0,Sin regla,Papelería y Tarjetería,0.08147573059066626,Sin clasificar
21943,CAKES AND RABBITS DESIGN FLANNEL,149,591,529.16,1.1,22,,[],0,Sin regla,Cocina y Mesa,0.33826076565817187,Cocina y Mesa
21944,KITTENS DESIGN FLANNEL,205,1789,1106.01,1.15,22,,[],0,Sin regla,Papelería y Tarjetería,0.09102575925204742,Sin clasificar
21945,STRAWBERRIES DESIGN FLANNEL,242,1862,1307.1,1.26,22,,[],0,Sin regla,Cocina y Mesa,0.12392794536064211,Sin clasificar
21946,PARTY TIME DESIGN FLANNEL,67,625,358.97,1.0,22,,[],0,Sin regla,Pascua y Fiestas,0.2920707279223911,Pascua y Fiestas
21947,SET OF 6 HEART CHOPSTICKS,304,1675,2302.81,1.72,39,Cocina y Mesa,['Cocina y Mesa'],1,Cocina y Mesa,Cocina y Mesa,1.7389791172031364,Cocina y Mesa
21948,SET OF 6 CAKE CHOPSTICKS,269,2293,2921.36,1.88,32,Cocina y Mesa,['Cocina y Mesa'],1,Cocina y Mesa,Cocina y Mesa,2.342079608240936,Cocina y Mesa
21949,SET OF 6 STRAWBERRY CHOPSTICKS,270,2598,3164.18,1.77,22,Cocina y Mesa,['Cocina y Mesa'],1,Cocina y Mesa,Cocina y Mesa,1.774138110770306,Cocina y Mesa
21950,SET OF 6 DOTS CHOPSTICKS,18,211,263.63,2.4,22,Cocina y Mesa,['Cocina y Mesa'],1,Cocina y Mesa,Cocina y Mesa,1.8950976375065927,Cocina y Mesa
21955,DOORMAT UNION JACK GUNS AND ROSES,734,3911,23734.4,8.59,17,Jardín y Exterior,['Jardín y Exterior'],1,Jardín y Exterior,Jardín y Exterior,1.8778284226997128,Jardín y Exterior
21967,PACK OF 12 SKULL TISSUES,484,15652,4401.44,0.42,12,,[],0,Sin regla,Papelería y Tarjetería,0.2842336527652413,Papelería y Tarjetería
21972,SET OF 36 DINOSAUR PAPER DOILIES,171,1055,1560.82,1.64,22,Papelería y Tarjetería,['Papelería y Tarjetería'],1,Papelería y Tarjetería,Papelería y Tarjetería,1.9762483480129762,Papelería y Tarjetería
21973,SET OF 36 MUSHROOM PAPER DOILIES,210,1670,2420.03,1.8,22,Papelería y Tarjetería,['Papelería y Tarjetería'],1,Papelería y Tarjetería,Papelería y Tarjetería,1.9075293756787042,Papelería y Tarjetería
21974,SET OF 36 PAISLEY FLOWER DOILIES,810,7046,10622.15,1.99,36,Papelería y Tarjetería,['Papelería y Tarjetería'],1,Papelería y Tarjetería,Papelería y Tarjetería,1.8776568375804266,Papelería y Tarjetería
21975,PACK OF 60 DINOSAUR CAKE CASES,1329,31332,15236.62,0.63,32,Cocina y Mesa,['Cocina y Mesa'],1,Cocina y Mesa,Cocina y Mesa,1.916469927788515,Cocina y Mesa
21976,PACK OF 60 MUSHROOM CAKE CASES,965,14570,7792.37,0.77,32,Cocina y Mesa,['Cocina y Mesa'],1,Cocina y Mesa,Cocina y Mesa,1.9403090127138065,Cocina y Mesa
21977,PACK OF 60 PINK PAISLEY CAKE CASES,2025,56061,28081.73,0.71,32,Cocina y Mesa,['Cocina y Mesa'],1,Cocina y Mesa,Cocina y Mesa,1.9285734492399413,Cocina y Mesa
21980,PACK OF 12 RED RETROSPOT TISSUES,680,31337,8650.14,0.39,12,,[],0,Sin regla,Papelería y Tarjetería,0.27463623104334034,Papelería y Tarjetería
21981,PACK OF 12 WOODLAND TISSUES,564,26204,7129.46,0.47,12,,[],0,Sin regla,Papelería y Tarjetería,0.26239945462921177,Papelería y Tarjetería
21982,PACK OF 12 SUKI TISSUES,732,32086,10395.88,0.45,12,,[],0,Sin regla,Papelería y Tarjetería,0.33809366586617084,Papelería y Tarjetería
21983,PACK OF 12 BLUE PAISLEY TISSUES,327,6118,1875.02,0.42,12,,[],0,Sin regla,Papelería y Tarjetería,0.5415262427002744,Papelería y Tarjetería
21984,PACK OF 12 PINK PAISLEY TISSUES,439,25351,7023.95,0.41,12,,[],0,Sin regla,Papelería y Tarjetería,0.39229373441501625,Papelería y Tarjetería
21985,PACK OF 12 HEARTS DESIGN TISSUES,932,25523,8972.11,0.41,12,,[],0,Sin regla,Papelería y Tarjetería,0.08065912339540826,Sin clasificar
21986,PACK OF 12 PINK POLKADOT TISSUES,473,13476,4786.13,0.41,12,,[],0,Sin regla,Papelería y Tarjetería,0.0974186124874955,Sin clasificar
21987,PACK OF 6 SKULL PAPER CUPS,393,6417,3988.06,0.73,22,Cocina y Mesa,['Cocina y Mesa'],1,Cocina y Mesa,Cocina y Mesa,1.6523541266413084,Cocina y Mesa
21988,PACK OF 6 SKULL PAPER PLATES,424,7829,5820.1,0.95,22,Cocina y Mesa,['Cocina y Mesa'],1,Cocina y Mesa,Cocina y Mesa,1.610150724357322,Cocina y Mesa
21989,PACK OF 20 SKULL PAPER NAPKINS,662,8552,6790.7,1.08,22,Cocina y Mesa,['Cocina y Mesa'],1,Cocina y Mesa,Cocina y Mesa,1.8312752840035371,Cocina y Mesa
21990,MODERN FLORAL STATIONERY SET,500,2453,4530.54,2.27,22,Papelería y Tarjetería,['Papelería y Tarjetería'],1,Papelería y Tarjetería,Papelería y Tarjetería,1.7834737100704947,Papelería y Tarjetería
21991,BOHEMIAN COLLAGE STATIONERY SET,292,1103,1927.54,2.24,22,Papelería y Tarjetería,['Papelería y Tarjetería'],1,Papelería y Tarjetería,Papelería y Tarjetería,1.8980632838790885,Papelería y Tarjetería
21992,VINTAGE PAISLEY STATIONERY SET,662,3320,6744.8,2.42,9,Papelería y Tarjetería,['Papelería y Tarjetería'],1,Papelería y Tarjetería,Papelería y Tarjetería,1.9233246239624209,Papelería y Tarjetería
21993,FLORAL FOLK STATIONERY SET,580,2849,5216.88,2.26,22,Papelería y Tarjetería,['Papelería y Tarjetería'],1,Papelería y Tarjetería,Papelería y Tarjetería,1.8679193151343016,Papelería y Tarjetería
22016,DOTCOMGIFTSHOP GIFT VOUCHER 100 00,1,1,83.33,83.33,22,,[],0,Sin regla,Cajas y Almacenamiento,0.10927663430473078,Sin clasificar
22021,BLUE FELT EASTER EGG BASKET,238,1413,2430.31,1.79,8,Pascua y Fiestas,['Pascua y Fiestas'],1,Pascua y Fiestas,Pascua y Fiestas,2.0603778051383133,Pascua y Fiestas
22023,EMPIRE BIRTHDAY CARD,431,4975,2076.77,0.53,14,Papelería y Tarjetería,['Papelería y Tarjetería'],1,Papelería y Tarjetería,Papelería y Tarjetería,2.3409634706928113,Papelería y Tarjetería
22024,RAINY LADIES BIRTHDAY CARD,439,5391,2257.0,0.56,14,Papelería y Tarjetería,['Papelería y Tarjetería'],1,Papelería y Tarjetería,Papelería y Tarjetería,1.9960856677461951,Papelería y Tarjetería
22025,RING OF ROSES BIRTHDAY CARD,289,3970,1641.64,0.54,14,Papelería y Tarjetería,['Papelería y Tarjetería'],1,Papelería y Tarjetería,Papelería y Tarjetería,1.9390302434957931,Papelería y Tarjetería
22026,BANQUET BIRTHDAY CARD,366,4029,1717.47,0.53,14,Papelería y Tarjetería,['Papelería y Tarjetería'],1,Papelería y Tarjetería,Papelería y Tarjetería,1.9892748184414595,Papelería y Tarjetería
22027,TEA PARTY BIRTHDAY CARD,847,11297,4806.49,0.52,14,Papelería y Tarjetería,['Papelería y Tarjetería'],1,Papelería y Tarjetería,Papelería y Tarjetería,1.4456747961135974,Papelería y Tarjetería
22028,PENNY FARTHING BIRTHDAY CARD,508,6344,2665.13,0.53,14,Papelería y Tarjetería,['Papelería y Tarjetería'],1,Papelería y Tarjetería,Papelería y Tarjetería,2.7810851527505305,Papelería y Tarjetería
22029,SPACEBOY BIRTHDAY CARD,1104,17602,7280.76,0.51,14,Papelería y Tarjetería,['Papelería y Tarjetería'],1,Papelería y Tarjetería,Papelería y Tarjetería,2.3554033457026327,Papelería y Tarjetería
22030,SWALLOWS GREETING CARD,693,12735,5197.84,0.46,22,Papelería y Tarjetería,['Papelería y Tarjetería'],1,Papelería y Tarjetería,Papelería y Tarjetería,2.201859078026124,Papelería y Tarjetería
22031,BOTANICAL LAVENDER BIRTHDAY CARD,142,1125,493.99,0.52,14,Papelería y Tarjetería,['Papelería y Tarjetería'],1,Papelería y Tarjetería,Papelería y Tarjetería,1.835975461029895,Papelería y Tarjetería
22032,BOTANICAL LILY GREETING CARD,111,980,418.12,0.47,22,Papelería y Tarjetería,['Papelería y Tarjetería'],1,Papelería y Tarjetería,Papelería y Tarjetería,1.96824809992489,Papelería y Tarjetería
22033,BOTANICAL ROSE GREETING CARD,128,1603,681.93,0.48,22,Papelería y Tarjetería,['Papelería y Tarjetería'],1,Papelería y Tarjetería,Papelería y Tarjetería,1.9559820661957759,Papelería y Tarjetería
22034,ROBIN CHRISTMAS CARD,94,1617,673.49,0.45,0,Navidad,"['Navidad', 'Papelería y Tarjetería']",2,Navidad,Navidad,3.567519167190257,Navidad
22035,VINTAGE CARAVAN GREETING CARD,361,4083,1731.24,0.55,22,Papelería y Tarjetería,['Papelería y Tarjetería'],1,Papelería y Tarjetería,Papelería y Tarjetería,2.05300383535463,Papelería y Tarjetería
22036,DINOSAUR BIRTHDAY CARD,135,1649,695.11,0.5,14,Papelería y Tarjetería,['Papelería y Tarjetería'],1,Papelería y Tarjetería,Papelería y Tarjetería,2.145648293045736,Papelería y Tarjetería
22037,ROBOT BIRTHDAY CARD,635,7054,3035.7,0.52,14,Papelería y Tarjetería,['Papelería y Tarjetería'],1,Papelería y Tarjetería,Papelería y Tarjetería,2.062297519391152,Papelería y Tarjetería
22038,BOTANICAL LAVENDER GIFT WRAP,45,1150,481.0,0.42,37,Papelería y Tarjetería,['Papelería y Tarjetería'],1,Papelería y Tarjetería,Papelería y Tarjetería,1.7678421588434987,Papelería y Tarjetería
22039,BOTANICAL LILY GIFT WRAP,30,850,353.0,0.41,37,Papelería y Tarjetería,['Papelería y Tarjetería'],1,Papelería y Tarjetería,Papelería y Tarjetería,1.9224622162436669,Papelería y Tarjetería
22040,BOTANICAL ROSE GIFT WRAP,94,2815,1144.3,0.42,37,Papelería y Tarjetería,['Papelería y Tarjetería'],1,Papelería y Tarjetería,Papelería y Tarjetería,1.8795605047551673,Papelería y Tarjetería
22041,RECORD FRAME 7 SINGLE SIZE,560,7540,18650.87,3.56,13,Marcos y Fotografía,['Marcos y Fotografía'],1,Marcos y Fotografía,Marcos y Fotografía,1.446273755238927,Marcos y Fotografía
22042,CHRISTMAS CARD SINGING ANGEL,129,1738,627.19,0.41,0,Navidad,"['Navidad', 'Papelería y Tarjetería']",2,Navidad,Navidad,2.1574509969630933,Navidad
22043,CHRISTMAS CARD SCREEN PRINT,126,2197,619.25,0.33,0,Navidad,"['Navidad', 'Papelería y Tarjetería']",2,Navidad,Navidad,2.0664017738521245,Navidad
22044,CHRISTMAS CARD STACK OF PRESENTS,89,1940,550.28,0.32,0,Navidad,"['Navidad', 'Papelería y Tarjetería']",2,Navidad,Navidad,2.1213454390778574,Navidad
22045,SPACEBOY GIFT WRAP,473,14542,5981.64,0.42,37,Papelería y Tarjetería,['Papelería y Tarjetería'],1,Papelería y Tarjetería,Papelería y Tarjetería,2.3129100271917906,Papelería y Tarjetería
22046,TEA PARTY WRAPPING PAPER,208,6375,2613.5,0.42,26,,[],0,Sin regla,Pascua y Fiestas,0.2730520967508265,Pascua y Fiestas
22047,EMPIRE GIFT WRAP,261,8250,3351.0,0.42,37,Papelería y Tarjetería,['Papelería y Tarjetería'],1,Papelería y Tarjetería,Papelería y Tarjetería,2.324604224308979,Papelería y Tarjetería
22048,BIRTHDAY BANQUET GIFT WRAP,102,2815,1166.3,0.42,37,Papelería y Tarjetería,['Papelería y Tarjetería'],1,Papelería y Tarjetería,Papelería y Tarjetería,2.064156233163885,Papelería y Tarjetería
22049,WRAP CHRISTMAS SCREEN PRINT,115,3500,1015.75,0.3,37,Navidad,"['Navidad', 'Papelería y Tarjetería']",2,Navidad,Navidad,1.945409074043042,Navidad
22050,PINK PAISLEY ROSE GIFT WRAP,115,3300,1354.0,0.42,37,Papelería y Tarjetería,['Papelería y Tarjetería'],1,Papelería y Tarjetería,Papelería y Tarjetería,1.917751712760559,Papelería y Tarjetería
22051,BLUE SCANDINAVIAN PAISLEY WRAP,116,3175,1317.5,0.42,9,Papelería y Tarjetería,['Papelería y Tarjetería'],1,Papelería y Tarjetería,Papelería y Tarjetería,1.7647411453685002,Papelería y Tarjetería
22052,VINTAGE CARAVAN GIFT WRAP,128,3525,1460.5,0.42,37,Papelería y Tarjetería,['Papelería y Tarjetería'],1,Papelería y Tarjetería,Papelería y Tarjetería,1.9833485083290077,Papelería y Tarjetería
22053,EMPIRE DESIGN ROSETTE,87,4551,4020.89,1.51,22,,[],0,Sin regla,Papelería y Tarjetería,0.24626444681165482,Papelería y Tarjetería
22054,MINI CAKE STAND HANGING HEARTS,78,361,655.01,2.15,32,Cocina y Mesa,"['Cocina y Mesa', 'Decoración del Hogar']",2,Cocina y Mesa,Cocina y Mesa,1.8553432855847038,Cocina y Mesa
22055,MINI CAKE STAND HANGING STRAWBERY,747,4925,8179.19,2.16,32,Cocina y Mesa,['Cocina y Mesa'],1,Cocina y Mesa,Cocina y Mesa,1.8126263240417329,Cocina y Mesa
22056,CERAMIC PLATE LOVE HEART DESIGN,34,607,656.87,1.94,31,Cocina y Mesa,['Cocina y Mesa'],1,Cocina y Mesa,Cocina y Mesa,1.8428620447049315,Cocina y Mesa
22057,CERAMIC PLATE STRAWBERRY DESIGN,260,3060,4011.73,2.05,26,Cocina y Mesa,['Cocina y Mesa'],1,Cocina y Mesa,Cocina y Mesa,1.8482431676576099,Cocina y Mesa
22058,CERAMIC LOVE HEARTS DESIGN MUG,110,520,795.72,1.66,24,Cocina y Mesa,['Cocina y Mesa'],1,Cocina y Mesa,Cocina y Mesa,1.8903744969536223,Cocina y Mesa
22059,CERAMIC STRAWBERRY DESIGN MUG,477,4940,6639.03,1.77,24,Cocina y Mesa,['Cocina y Mesa'],1,Cocina y Mesa,Cocina y Mesa,1.874564261633131,Cocina y Mesa
22060,LARGE CAKE STAND HANGING HEARTS,161,733,5691.41,9.87,32,Cocina y Mesa,"['Cocina y Mesa', 'Decoración del Hogar']",2,Cocina y Mesa,Cocina y Mesa,1.7075362081819658,Cocina y Mesa
22061,LARGE CAKE STAND HANGING STRAWBERY,521,2171,19121.37,11.22,32,Cocina y Mesa,['Cocina y Mesa'],1,Cocina y Mesa,Cocina y Mesa,1.8064086907323578,Cocina y Mesa
22062,CERAMIC BOWL WITH LOVE HEART DESIGN,132,761,1248.15,2.4,31,Cocina y Mesa,['Cocina y Mesa'],1,Cocina y Mesa,Cocina y Mesa,1.9075314932834522,Cocina y Mesa
22063,CERAMIC BOWL WITH STRAWBERRY DESIGN,365,2303,6356.06,3.65,44,Cocina y Mesa,['Cocina y Mesa'],1,Cocina y Mesa,Cocina y Mesa,1.9161828367389173,Cocina y Mesa
22064,PINK DOUGHNUT TRINKET POT,706,6606,10592.66,2.14,22,Cajas y Almacenamiento,['Cajas y Almacenamiento'],1,Cajas y Almacenamiento,Cajas y Almacenamiento,1.9503997084846054,Cajas y Almacenamiento
22065,CHRISTMAS PUDDING TRINKET POT,470,8640,6273.84,1.42,0,Navidad,"['Navidad', 'Cajas y Almacenamiento']",2,Navidad,Navidad,0.44254711216086184,Navidad
22066,LOVE HEART TRINKET POT,280,3435,2729.16,1.16,31,Cajas y Almacenamiento,['Cajas y Almacenamiento'],1,Cajas y Almacenamiento,Cajas y Almacenamiento,1.8947060385824657,Cajas y Almacenamiento
22067,CHOC TRUFFLE GOLD TRINKET POT,254,1855,3019.32,2.1,22,Cajas y Almacenamiento,['Cajas y Almacenamiento'],1,Cajas y Almacenamiento,Cajas y Almacenamiento,1.9175382691785825,Cajas y Almacenamiento
22068,BLACK PIRATE TREASURE CHEST,278,1112,1979.82,2.25,22,Cajas y Almacenamiento,['Cajas y Almacenamiento'],1,Cajas y Almacenamiento,Cajas y Almacenamiento,1.9162327333839175,Cajas y Almacenamiento
22069,BROWN PIRATE TREASURE CHEST,269,968,2164.63,2.96,22,Cajas y Almacenamiento,['Cajas y Almacenamiento'],1,Cajas y Almacenamiento,Cajas y Almacenamiento,1.9480856526186694,Cajas y Almacenamiento
22070,SMALL RED RETROSPOT MUG IN BOX,324,1835,5701.49,4.04,24,Cocina y Mesa,['Cocina y Mesa'],1,Cocina y Mesa,Cocina y Mesa,1.68637075292214,Cocina y Mesa
22071,SMALL WHITE RETROSPOT MUG IN BOX,260,1530,4355.88,3.86,24,Cocina y Mesa,['Cocina y Mesa'],1,Cocina y Mesa,Cocina y Mesa,1.725607456945966,Cocina y Mesa
22072,RED RETROSPOT TEA CUP AND SAUCER,525,2405,9231.01,4.43,26,Cocina y Mesa,['Cocina y Mesa'],1,Cocina y Mesa,Cocina y Mesa,2.594256386147972,Cocina y Mesa
22073,RED RETROSPOT STORAGE JAR,487,2124,8457.89,4.62,22,Cajas y Almacenamiento,['Cajas y Almacenamiento'],1,Cajas y Almacenamiento,Cajas y Almacenamiento,1.9328272110686042,Cajas y Almacenamiento
22074,6 RIBBONS SHIMMERING PINKS,291,2156,2216.34,1.52,22,Papelería y Tarjetería,['Papelería y Tarjetería'],1,Papelería y Tarjetería,Papelería y Tarjetería,1.9148527733534886,Papelería y Tarjetería
22075,6 RIBBONS ELEGANT CHRISTMAS,363,3079,4660.69,1.81,0,Navidad,"['Navidad', 'Papelería y Tarjetería']",2,Navidad,Navidad,2.437491783641918,Navidad
22076,6 RIBBONS EMPIRE,379,2353,3490.19,1.73,22,Papelería y Tarjetería,['Papelería y Tarjetería'],1,Papelería y Tarjetería,Papelería y Tarjetería,1.9603645738560207,Papelería y Tarjetería
22077,6 RIBBONS RUSTIC CHARM,1780,17238,31513.11,2.11,29,Papelería y Tarjetería,['Papelería y Tarjetería'],1,Papelería y Tarjetería,Papelería y Tarjetería,1.6425281787850121,Papelería y Tarjetería
22078,RIBBON REEL LACE DESIGN,487,3984,8449.94,2.5,22,Papelería y Tarjetería,['Papelería y Tarjetería'],1,Papelería y Tarjetería,Papelería y Tarjetería,1.968583813563996,Papelería y Tarjetería
22079,RIBBON REEL HEARTS DESIGN,690,5028,8457.84,1.93,22,Papelería y Tarjetería,['Papelería y Tarjetería'],1,Papelería y Tarjetería,Papelería y Tarjetería,1.7815598155540162,Papelería y Tarjetería
22080,RIBBON REEL SPOTS DESIGN,524,3887,6512.44,1.92,22,Papelería y Tarjetería,['Papelería y Tarjetería'],1,Papelería y Tarjetería,Papelería y Tarjetería,1.8611320521620889,Papelería y Tarjetería
22081,RIBBON REEL FLORA FAUNA,304,1559,2761.04,2.18,22,Papelería y Tarjetería,['Papelería y Tarjetería'],1,Papelería y Tarjetería,Papelería y Tarjetería,2.1108708393148836,Papelería y Tarjetería
22082,RIBBON REEL STRIPES DESIGN,976,7267,12192.05,1.89,22,Papelería y Tarjetería,['Papelería y Tarjetería'],1,Papelería y Tarjetería,Papelería y Tarjetería,1.9933167362301747,Papelería y Tarjetería
22083,PAPER CHAIN KIT RETROSPOT,1409,13716,40412.82,3.62,22,Papelería y Tarjetería,['Papelería y Tarjetería'],1,Papelería y Tarjetería,Papelería y Tarjetería,1.6135769438293242,Papelería y Tarjetería
22084,PAPER CHAIN KIT EMPIRE,821,8803,25163.56,3.27,22,Papelería y Tarjetería,['Papelería y Tarjetería'],1,Papelería y Tarjetería,Papelería y Tarjetería,1.8006766898793125,Papelería y Tarjetería
22085,PAPER CHAIN KIT SKULLS,231,2538,6883.87,3.19,22,Papelería y Tarjetería,['Papelería y Tarjetería'],1,Papelería y Tarjetería,Papelería y Tarjetería,1.7425373107042954,Papelería y Tarjetería
22086,PAPER CHAIN KIT 50 S CHRISTMAS,2068,35084,117760.29,3.37,0,Navidad,"['Navidad', 'Papelería y Tarjetería']",2,Navidad,Navidad,1.946956312514677,Navidad
22087,PAPER BUNTING WHITE LACE,865,8475,25389.1,3.48,22,Pascua y Fiestas,['Pascua y Fiestas'],1,Pascua y Fiestas,Pascua y Fiestas,2.0916399273933672,Pascua y Fiestas
22088,PAPER BUNTING COLOURED LACE,626,4399,13076.88,3.52,22,Pascua y Fiestas,['Pascua y Fiestas'],1,Pascua y Fiestas,Pascua y Fiestas,1.9412859221033816,Pascua y Fiestas
22089,PAPER BUNTING VINTAGE PAISLEY,561,3506,10303.35,3.38,9,Pascua y Fiestas,['Pascua y Fiestas'],1,Pascua y Fiestas,Pascua y Fiestas,1.866815103324281,Pascua y Fiestas
22090,PAPER BUNTING RETROSPOT,1720,16698,50431.9,3.67,22,Pascua y Fiestas,['Pascua y Fiestas'],1,Pascua y Fiestas,Pascua y Fiestas,2.1857652184423193,Pascua y Fiestas
22091,EMPIRE TISSUE BOX,324,3179,2485.86,1.26,4,,[],0,Sin regla,Cajas y Almacenamiento,0.31702649477051026,Cajas y Almacenamiento
22092,BLUE PAISLEY TISSUE BOX,140,933,592.91,0.82,4,,[],0,Sin regla,Cajas y Almacenamiento,0.2659351322019359,Cajas y Almacenamiento
22093,MOTORING TISSUE BOX,278,2346,1429.87,0.96,4,,[],0,Sin regla,Cajas y Almacenamiento,0.8918728097870038,Cajas y Almacenamiento
22094,RED RETROSPOT TISSUE BOX,342,3557,2649.05,1.31,4,,[],0,Sin regla,Cajas y Almacenamiento,0.6050756927214078,Cajas y Almacenamiento
22095,LADS ONLY TISSUE BOX,292,2978,3123.03,1.39,4,,[],0,Sin regla,Cajas y Almacenamiento,0.9878915958846648,Cajas y Almacenamiento
22096,PINK PAISLEY SQUARE TISSUE BOX,185,1667,938.86,0.92,4,,[],0,Sin regla,Cajas y Almacenamiento,0.3979169438731973,Cajas y Almacenamiento
22097,SWALLOW SQUARE TISSUE BOX,250,2064,1281.75,0.99,4,,[],0,Sin regla,Cajas y Almacenamiento,0.7119829280876988,Cajas y Almacenamiento
22098,BOUDOIR SQUARE TISSUE BOX,319,2865,1952.04,1.25,4,,[],0,Sin regla,Cajas y Almacenamiento,0.5855186543410609,Cajas y Almacenamiento
22099,CARAVAN SQUARE TISSUE BOX,300,2123,1585.46,1.28,4,,[],0,Sin regla,Cajas y Almacenamiento,0.4415897822513045,Cajas y Almacenamiento
22100,SKULLS SQUARE TISSUE BOX,128,1005,709.5,1.46,4,,[],0,Sin regla,Cajas y Almacenamiento,0.5923246876318422,Cajas y Almacenamiento
22101,MIRROR MOSAIC VOTIVE HOLDER,117,1909,2790.27,2.33,20,"Espejos, Relojes y Arte de Pared","['Espejos, Relojes y Arte de Pared', 'Velas e Iluminación']",2,"Espejos, Relojes y Arte de Pared","Espejos, Relojes y Arte de Pared",1.9611612639909657,"Espejos, Relojes y Arte de Pared"
22102,MIRROR MOSAIC T LIGHT HOLDER,59,1842,1191.69,2.0,15,"Espejos, Relojes y Arte de Pared","['Espejos, Relojes y Arte de Pared', 'Velas e Iluminación']",2,"Espejos, Relojes y Arte de Pared","Espejos, Relojes y Arte de Pared",1.9575182232459838,"Espejos, Relojes y Arte de Pared"
22103,MIRROR MOSAIC T LIGHT HOLDER ROUND,71,1746,1760.64,2.05,15,"Espejos, Relojes y Arte de Pared","['Espejos, Relojes y Arte de Pared', 'Velas e Iluminación']",2,"Espejos, Relojes y Arte de Pared","Espejos, Relojes y Arte de Pared",1.7881507573517021,"Espejos, Relojes y Arte de Pared"
22104,MIRROR MOSAIC CANDLE PLATE,99,1187,968.08,1.58,35,"Espejos, Relojes y Arte de Pared","['Espejos, Relojes y Arte de Pared', 'Cocina y Mesa', 'Velas e Iluminación']",3,"Espejos, Relojes y Arte de Pared","Espejos, Relojes y Arte de Pared",1.7997705890643787,"Espejos, Relojes y Arte de Pared"
22105,MIRROR MOSAIC GOBLET CANDLE HOLDER,56,692,1294.7,4.25,35,"Espejos, Relojes y Arte de Pared","['Espejos, Relojes y Arte de Pared', 'Velas e Iluminación']",2,"Espejos, Relojes y Arte de Pared","Espejos, Relojes y Arte de Pared",1.767269741121478,"Espejos, Relojes y Arte de Pared"
22106,MIRROR MOSAIC HURRICANE LAMP,79,509,1589.98,5.47,20,"Espejos, Relojes y Arte de Pared","['Espejos, Relojes y Arte de Pared']",1,"Espejos, Relojes y Arte de Pared","Espejos, Relojes y Arte de Pared",2.058908246719446,"Espejos, Relojes y Arte de Pared"
22107,PIZZA PLATE IN BOX,373,1240,4840.59,4.64,4,Cocina y Mesa,['Cocina y Mesa'],1,Cocina y Mesa,Cocina y Mesa,1.7427478982867661,Cocina y Mesa
22108,PING MICROWAVE PLATE,128,313,978.74,3.54,26,Cocina y Mesa,['Cocina y Mesa'],1,Cocina y Mesa,Cocina y Mesa,1.863741359769209,Cocina y Mesa
22109,FULL ENGLISH BREAKFAST PLATE,649,3338,13750.11,5.13,26,Cocina y Mesa,['Cocina y Mesa'],1,Cocina y Mesa,Cocina y Mesa,1.8281238782673253,Cocina y Mesa
22110,BIRD HOUSE HOT WATER BOTTLE,524,2609,8563.76,3.84,2,Botellas de Agua Caliente y Confort,['Botellas de Agua Caliente y Confort'],1,Botellas de Agua Caliente y Confort,Botellas de Agua Caliente y Confort,1.9368173504387785,Botellas de Agua Caliente y Confort
22111,SCOTTIE DOG HOT WATER BOTTLE,1727,9776,49771.94,5.73,2,Botellas de Agua Caliente y Confort,['Botellas de Agua Caliente y Confort'],1,Botellas de Agua Caliente y Confort,Botellas de Agua Caliente y Confort,1.7552493672915084,Botellas de Agua Caliente y Confort
22112,CHOCOLATE HOT WATER BOTTLE,1745,11065,57981.94,5.85,2,Botellas de Agua Caliente y Confort,['Botellas de Agua Caliente y Confort'],1,Botellas de Agua Caliente y Confort,Botellas de Agua Caliente y Confort,1.981078078769541,Botellas de Agua Caliente y Confort
22113,GREY HEART HOT WATER BOTTLE,1026,5759,22025.93,4.2,2,Botellas de Agua Caliente y Confort,['Botellas de Agua Caliente y Confort'],1,Botellas de Agua Caliente y Confort,Botellas de Agua Caliente y Confort,2.1395554511647052,Botellas de Agua Caliente y Confort
22114,HOT WATER BOTTLE TEA AND SYMPATHY,1597,11677,59189.14,4.77,2,Botellas de Agua Caliente y Confort,['Botellas de Agua Caliente y Confort'],1,Botellas de Agua Caliente y Confort,Botellas de Agua Caliente y Confort,2.0312783325694257,Botellas de Agua Caliente y Confort
22115,METAL SIGN EMPIRE TEA,503,2889,5695.1,3.27,11,Carteles y Señalética,['Carteles y Señalética'],1,Carteles y Señalética,Carteles y Señalética,2.01772418628633,Carteles y Señalética
22116,METAL SIGN HIS DINNER IS SERVED,198,823,1103.88,1.82,11,Carteles y Señalética,['Carteles y Señalética'],1,Carteles y Señalética,Carteles y Señalética,1.930524684226663,Carteles y Señalética
22117,METAL SIGN HER DINNER IS SERVED,230,1765,5207.73,3.06,11,Carteles y Señalética,['Carteles y Señalética'],1,Carteles y Señalética,Carteles y Señalética,1.941784561454421,Carteles y Señalética
22118,JOY WOODEN BLOCK LETTERS,276,799,3842.07,5.4,22,,[],0,Sin regla,Decoración del Hogar,0.5466166834241002,Decoración del Hogar
22119,PEACE WOODEN BLOCK LETTERS,347,896,5543.87,6.81,22,,[],0,Sin regla,Decoración del Hogar,0.49202162969447183,Decoración del Hogar
22120,WELCOME WOODEN BLOCK LETTERS,367,1018,10314.19,11.29,22,,[],0,Sin regla,Decoración del Hogar,0.4679816134110736,Decoración del Hogar
22121,NOEL WOODEN BLOCK LETTERS,444,1481,9167.61,6.64,22,,[],0,Sin regla,Decoración del Hogar,0.5656940127291618,Decoración del Hogar
22122,SET OF 2 FANCY FONT TEA TOWELS,196,1095,3290.08,3.47,26,Cocina y Mesa,['Cocina y Mesa'],1,Cocina y Mesa,Cocina y Mesa,1.7093796039810747,Cocina y Mesa
22123,PING MICROWAVE APRON,167,655,1700.14,3.73,22,Cocina y Mesa,['Cocina y Mesa'],1,Cocina y Mesa,Cocina y Mesa,1.9579784637486028,Cocina y Mesa
22124,SET OF 2 TEA TOWELS PING MICROWAVE,132,298,751.93,2.72,26,Cocina y Mesa,['Cocina y Mesa'],1,Cocina y Mesa,Cocina y Mesa,1.9664114781034585,Cocina y Mesa
22125,UNION JACK HOT WATER BOTTLE,189,653,4089.09,6.85,2,Botellas de Agua Caliente y Confort,['Botellas de Agua Caliente y Confort'],1,Botellas de Agua Caliente y Confort,Botellas de Agua Caliente y Confort,1.9560830597111027,Botellas de Agua Caliente y Confort
22127,PARTY CONES CARNIVAL ASSORTED,159,3468,4153.11,1.82,22,,[],0,Sin regla,Pascua y Fiestas,0.05175594069072531,Sin clasificar
22128,PARTY CONES CANDY ASSORTED,197,3923,4759.59,1.54,22,,[],0,Sin regla,Decoración del Hogar,0.29535337339840195,Decoración del Hogar
22129,PARTY CONES CANDY TREE DECORATION,175,3246,3095.12,1.63,1,Decoración del Hogar,['Decoración del Hogar'],1,Decoración del Hogar,Decoración del Hogar,1.7431972008487022,Decoración del Hogar
22130,PARTY CONE CHRISTMAS DECORATION,432,9737,10991.21,1.8,1,Navidad,"['Navidad', 'Decoración del Hogar']",2,Navidad,Navidad,2.0033358786712876,Navidad
22131,FOOD CONTAINER SET 3 LOVE HEART,711,5243,9914.89,2.55,31,,[],0,Sin regla,Cocina y Mesa,0.20858281510222038,Cocina y Mesa
22132,RED LOVE HEART SHAPE CUP,389,3345,2989.81,1.15,31,Cocina y Mesa,['Cocina y Mesa'],1,Cocina y Mesa,Cocina y Mesa,1.844126967577462,Cocina y Mesa
22133,PINK LOVE HEART SHAPE CUP,328,2464,2258.61,1.23,31,Cocina y Mesa,['Cocina y Mesa'],1,Cocina y Mesa,Cocina y Mesa,1.824749192174809,Cocina y Mesa
22134,MINI LADLE LOVE HEART RED,299,2354,1043.58,0.64,31,,[],0,Sin regla,Cocina y Mesa,0.2775118364952422,Cocina y Mesa
22135,MINI LADLE LOVE HEART PINK,317,1624,806.15,0.68,31,,[],0,Sin regla,Cocina y Mesa,0.26956271224682,Cocina y Mesa
22136,LOVE HEART SOCK HANGER,270,1989,3322.22,2.09,31,,[],0,Sin regla,Cocina y Mesa,0.5051969016507729,Cocina y Mesa
22137,BATHROOM SET LOVE HEART DESIGN,43,606,1508.28,3.62,31,,[],0,Sin regla,Cocina y Mesa,0.44171000767153973,Cocina y Mesa
22138,BAKING SET 9 PIECE RETROSPOT,1926,9366,45882.01,5.37,22,Cocina y Mesa,['Cocina y Mesa'],1,Cocina y Mesa,Cocina y Mesa,1.6969812457811462,Cocina y Mesa
22139,RETROSPOT TEA SET CERAMIC 11 PC,2103,10609,52843.01,5.58,26,Cocina y Mesa,['Cocina y Mesa'],1,Cocina y Mesa,Cocina y Mesa,1.5255953520742542,Cocina y Mesa
22141,CHRISTMAS CRAFT TREE TOP ANGEL,582,3663,8895.21,2.6,0,Navidad,['Navidad'],1,Navidad,Navidad,2.058507268090962,Navidad
22142,CHRISTMAS CRAFT WHITE FAIRY,515,4300,6445.39,1.73,0,Navidad,['Navidad'],1,Navidad,Navidad,2.374518229498785,Navidad
22143,CHRISTMAS CRAFT HEART DECORATIONS,71,446,942.88,2.58,0,Navidad,"['Navidad', 'Decoración del Hogar']",2,Navidad,Navidad,1.906737282052553,Navidad
22144,CHRISTMAS CRAFT LITTLE FRIENDS,716,5134,12382.47,2.59,0,Navidad,['Navidad'],1,Navidad,Navidad,1.8117943151068494,Navidad
22145,CHRISTMAS CRAFT HEART STOCKING,201,1306,2752.66,2.37,0,Navidad,['Navidad'],1,Navidad,Navidad,3.5083169323426855,Navidad
22146,EASTER CRAFT IVY WREATH WITH CHICK,109,1413,2633.13,2.0,22,Pascua y Fiestas,"['Pascua y Fiestas', 'Decoración del Hogar']",2,Pascua y Fiestas,Pascua y Fiestas,1.8676305446585277,Pascua y Fiestas
22147,FELTCRAFT BUTTERFLY HEARTS,1171,12828,17893.58,1.62,22,Papelería y Tarjetería,['Papelería y Tarjetería'],1,Papelería y Tarjetería,Papelería y Tarjetería,1.4746472870375547,Papelería y Tarjetería
22148,EASTER CRAFT 4 CHICKS,305,3237,6480.29,2.31,22,Pascua y Fiestas,['Pascua y Fiestas'],1,Pascua y Fiestas,Pascua y Fiestas,2.3099895607306884,Pascua y Fiestas
22149,FELTCRAFT 6 FLOWER FRIENDS,1407,12674,26218.97,2.38,36,Papelería y Tarjetería,['Papelería y Tarjetería'],1,Papelería y Tarjetería,Papelería y Tarjetería,1.620776737513597,Papelería y Tarjetería
22150,3 STRIPEY MICE FELTCRAFT,957,7815,14486.55,2.2,22,Papelería y Tarjetería,['Papelería y Tarjetería'],1,Papelería y Tarjetería,Papelería y Tarjetería,1.7856132990678923,Papelería y Tarjetería
22151,PLACE SETTING WHITE HEART,736,27562,11609.19,0.54,39,,[],0,Sin regla,Navidad,0.10020420041088918,Sin clasificar
22152,PLACE SETTING WHITE STAR,249,6241,2642.28,0.52,22,,[],0,Sin regla,Navidad,0.18821036895548515,Sin clasificar
22153,ANGEL DECORATION STARS ON DRESS,293,5705,2469.16,0.55,1,Decoración del Hogar,['Decoración del Hogar'],1,Decoración del Hogar,Decoración del Hogar,1.9091238232208705,Decoración del Hogar
22154,ANGEL DECORATION 3 BUTTONS,329,7114,3073.32,0.53,1,Decoración del Hogar,['Decoración del Hogar'],1,Decoración del Hogar,Decoración del Hogar,1.915557713903796,Decoración del Hogar
22155,STAR DECORATION RUSTIC,355,5925,2671.81,0.56,1,Decoración del Hogar,['Decoración del Hogar'],1,Decoración del Hogar,Decoración del Hogar,1.8882017289270518,Decoración del Hogar
22156,HEART DECORATION WITH PEARLS,594,6156,5537.57,1.08,1,Decoración del Hogar,['Decoración del Hogar'],1,Decoración del Hogar,Decoración del Hogar,2.0315571778828687,Decoración del Hogar
22157,ANGEL DECORATION WITH LACE PADDED,128,1698,1451.4,0.89,1,Decoración del Hogar,['Decoración del Hogar'],1,Decoración del Hogar,Decoración del Hogar,1.9282451681649415,Decoración del Hogar
22158,3 HEARTS HANGING DECORATION RUSTIC,732,8985,29198.28,3.22,1,Decoración del Hogar,['Decoración del Hogar'],1,Decoración del Hogar,Decoración del Hogar,2.0702363613185115,Decoración del Hogar
22161,HEART DECORATION RUSTIC HANGING,508,6726,2738.28,0.7,1,Decoración del Hogar,['Decoración del Hogar'],1,Decoración del Hogar,Decoración del Hogar,2.4238070475857465,Decoración del Hogar
22162,HEART GARLAND RUSTIC PADDED,265,1218,3737.9,3.38,14,Decoración del Hogar,['Decoración del Hogar'],1,Decoración del Hogar,Decoración del Hogar,1.9662670700973388,Decoración del Hogar
22163,HEART STRING MEMO HOLDER HANGING,202,1269,2235.12,2.33,39,,[],0,Sin regla,Decoración del Hogar,0.7806260107805436,Decoración del Hogar
22164,STRING OF STARS CARD HOLDER,49,315,883.22,3.35,22,Papelería y Tarjetería,['Papelería y Tarjetería'],1,Papelería y Tarjetería,Papelería y Tarjetería,1.7269080845871887,Papelería y Tarjetería
22165,DIAMANTE HEART SHAPED WALL MIRROR,275,976,7673.73,12.87,20,"Espejos, Relojes y Arte de Pared","['Espejos, Relojes y Arte de Pared']",1,"Espejos, Relojes y Arte de Pared","Espejos, Relojes y Arte de Pared",2.165952648101184,"Espejos, Relojes y Arte de Pared"
22166,WALL MIRROR RECTANGLE DIAMANTE PINK,159,440,3528.75,12.14,20,"Espejos, Relojes y Arte de Pared","['Espejos, Relojes y Arte de Pared']",1,"Espejos, Relojes y Arte de Pared","Espejos, Relojes y Arte de Pared",2.1996683454665114,"Espejos, Relojes y Arte de Pared"
22167,OVAL WALL MIRROR DIAMANTE,304,690,6056.33,11.31,20,"Espejos, Relojes y Arte de Pared","['Espejos, Relojes y Arte de Pared']",1,"Espejos, Relojes y Arte de Pared","Espejos, Relojes y Arte de Pared",2.5104527230443927,"Espejos, Relojes y Arte de Pared"
22168,ORGANISER WOOD ANTIQUE WHITE,312,659,5475.93,8.5,22,,[],0,Sin regla,Decoración del Hogar,0.5629245591940566,Decoración del Hogar
22169,FAMILY ALBUM WHITE PICTURE FRAME,701,2275,19507.6,9.79,13,Marcos y Fotografía,['Marcos y Fotografía'],1,Marcos y Fotografía,Marcos y Fotografía,2.3768696132465124,Marcos y Fotografía
22170,PICTURE FRAME WOOD TRIPLE PORTRAIT,575,2385,15645.27,7.42,13,Marcos y Fotografía,['Marcos y Fotografía'],1,Marcos y Fotografía,Marcos y Fotografía,1.908601830136056,Marcos y Fotografía
22171,3 HOOK PHOTO SHELF ANTIQUE WHITE,661,3141,23709.46,9.8,33,Marcos y Fotografía,['Marcos y Fotografía'],1,Marcos y Fotografía,Marcos y Fotografía,0.397160401066073,Marcos y Fotografía
22172,METAL SHELF WITH RAIL,186,378,3451.82,9.58,22,,[],0,Sin regla,Jardín y Exterior,0.23083286562044336,Jardín y Exterior
22173,METAL 4 HOOK HANGER FRENCH CHATEAU,1006,5026,15411.9,3.73,22,,[],0,Sin regla,Cocina y Mesa,0.06505649200165764,Sin clasificar
22174,PHOTO CUBE,565,5122,10374.33,2.52,33,,[],0,Sin regla,Marcos y Fotografía,1.1003209281744066,Marcos y Fotografía
22175,PINK OWL SOFT TOY,365,1824,5278.31,3.42,22,,[],0,Sin regla,Bolsos y Carteras,0.028268144965881148,Sin clasificar
22176,BLUE OWL SOFT TOY,260,1184,3542.73,3.36,22,,[],0,Sin regla,Bolsos y Carteras,0.014079132189066534,Sin clasificar
22177,5 HOOK BLACKBOARD ORGANISER,125,325,3101.46,11.89,22,Decoración del Hogar,['Decoración del Hogar'],1,Decoración del Hogar,Decoración del Hogar,1.8911577081603443,Decoración del Hogar
22178,VICTORIAN GLASS HANGING T LIGHT,1841,40081,52382.82,1.57,15,Velas e Iluminación,['Velas e Iluminación'],1,Velas e Iluminación,Velas e Iluminación,1.7628136890485118,Velas e Iluminación
22179,SET 10 LIGHTS NIGHT OWL,569,2023,14418.61,8.44,23,Velas e Iluminación,['Velas e Iluminación'],1,Velas e Iluminación,Velas e Iluminación,2.161136552622049,Velas e Iluminación
22180,RETROSPOT LAMP,410,975,10103.38,11.28,22,,[],0,Sin regla,Navidad,0.0939359426809604,Sin clasificar
22181,SNOWSTORM PHOTO FRAME FRIDGE MAGNET,140,1538,1291.38,1.02,33,Marcos y Fotografía,['Marcos y Fotografía'],1,Marcos y Fotografía,Marcos y Fotografía,2.326947792724896,Marcos y Fotografía
22182,CAKE STAND VICTORIAN FILIGREE SMALL,172,561,2156.45,4.56,32,Cocina y Mesa,['Cocina y Mesa'],1,Cocina y Mesa,Cocina y Mesa,1.8756550148606337,Cocina y Mesa
22183,CAKE STAND VICTORIAN FILIGREE MED,209,586,3297.25,6.31,32,Cocina y Mesa,['Cocina y Mesa'],1,Cocina y Mesa,Cocina y Mesa,1.8518474199320405,Cocina y Mesa
22184,CAKE STAND VICTORIAN FILIGREE LARGE,146,389,2887.07,9.2,32,Cocina y Mesa,['Cocina y Mesa'],1,Cocina y Mesa,Cocina y Mesa,1.8403364295055336,Cocina y Mesa
22185,SLATE TILE NATURAL HANGING,466,3896,6224.72,1.92,22,,[],0,Sin regla,Decoración del Hogar,0.3737480313895515,Decoración del Hogar
22186,RED STAR CARD HOLDER,346,2004,5431.4,3.24,22,Papelería y Tarjetería,['Papelería y Tarjetería'],1,Papelería y Tarjetería,Papelería y Tarjetería,1.9575472213003509,Papelería y Tarjetería
22187,GREEN CHRISTMAS TREE CARD HOLDER,366,2104,6820.7,4.36,0,Navidad,"['Navidad', 'Papelería y Tarjetería']",2,Navidad,Navidad,2.1614018773868833,Navidad
22188,BLACK HEART CARD HOLDER,567,10353,28112.03,4.46,39,Papelería y Tarjetería,['Papelería y Tarjetería'],1,Papelería y Tarjetería,Papelería y Tarjetería,2.027508864676175,Papelería y Tarjetería
22189,CREAM HEART CARD HOLDER,1304,16186,49300.94,4.43,39,Papelería y Tarjetería,['Papelería y Tarjetería'],1,Papelería y Tarjetería,Papelería y Tarjetería,1.8469757797315403,Papelería y Tarjetería
22190,LOCAL CAFE MUG,245,1400,2591.67,2.36,24,Cocina y Mesa,['Cocina y Mesa'],1,Cocina y Mesa,Cocina y Mesa,2.0718868741789933,Cocina y Mesa
22191,IVORY DINER WALL CLOCK,623,1967,16216.05,8.73,16,"Espejos, Relojes y Arte de Pared","['Espejos, Relojes y Arte de Pared']",1,"Espejos, Relojes y Arte de Pared","Espejos, Relojes y Arte de Pared",2.1914438873644175,"Espejos, Relojes y Arte de Pared"
22192,BLUE DINER WALL CLOCK,544,1426,12104.8,8.9,16,"Espejos, Relojes y Arte de Pared","['Espejos, Relojes y Arte de Pared']",1,"Espejos, Relojes y Arte de Pared","Espejos, Relojes y Arte de Pared",2.2812706299875147,"Espejos, Relojes y Arte de Pared"
22193,RED DINER WALL CLOCK,617,1910,16117.98,9.22,16,"Espejos, Relojes y Arte de Pared","['Espejos, Relojes y Arte de Pared']",1,"Espejos, Relojes y Arte de Pared","Espejos, Relojes y Arte de Pared",2.384871673499691,"Espejos, Relojes y Arte de Pared"
22194,BLACK DINER WALL CLOCK,160,373,3212.1,9.19,16,"Espejos, Relojes y Arte de Pared","['Espejos, Relojes y Arte de Pared']",1,"Espejos, Relojes y Arte de Pared","Espejos, Relojes y Arte de Pared",2.2403576465259936,"Espejos, Relojes y Arte de Pared"
22195,LARGE HEART MEASURING SPOONS,824,5127,9144.24,2.25,39,Cocina y Mesa,['Cocina y Mesa'],1,Cocina y Mesa,Cocina y Mesa,1.7307293957001155,Cocina y Mesa
22196,SMALL HEART MEASURING SPOONS,1006,6586,6141.19,1.18,39,Cocina y Mesa,['Cocina y Mesa'],1,Cocina y Mesa,Cocina y Mesa,1.7604606096108915,Cocina y Mesa
22197,SMALL POPCORN HOLDER,2366,88499,79520.2,1.03,22,Cocina y Mesa,['Cocina y Mesa'],1,Cocina y Mesa,Cocina y Mesa,1.693688643820341,Cocina y Mesa
22198,LARGE POPCORN HOLDER,654,7331,12759.61,2.07,22,Cocina y Mesa,['Cocina y Mesa'],1,Cocina y Mesa,Cocina y Mesa,1.638145599937154,Cocina y Mesa
22199,FRYING PAN RED RETROSPOT,406,1827,7480.35,5.19,8,,[],0,Sin regla,Cocina y Mesa,0.11563152999724835,Sin clasificar
22200,FRYING PAN PINK POLKADOT,358,1296,5784.92,5.63,8,,[],0,Sin regla,Cocina y Mesa,0.44019455686135667,Cocina y Mesa
22201,FRYING PAN BLUE POLKADOT,166,509,2034.4,4.55,8,,[],0,Sin regla,Cocina y Mesa,0.43264336341610843,Cocina y Mesa
22202,MILK PAN PINK RETROSPOT,265,1074,4336.25,5.25,8,,[],0,Sin regla,Cocina y Mesa,0.45669758895615875,Cocina y Mesa
22203,MILK PAN RED RETROSPOT,394,1402,5469.51,4.64,8,,[],0,Sin regla,Cocina y Mesa,0.4738174869104127,Cocina y Mesa
22204,MILK PAN BLUE POLKADOT,170,537,1974.29,4.21,8,,[],0,Sin regla,Cocina y Mesa,0.6890044053234797,Cocina y Mesa
22206,MUG DOTCOMGIFTSHOP COM,10,14,11.82,0.84,24,Cocina y Mesa,['Cocina y Mesa'],1,Cocina y Mesa,Cocina y Mesa,2.219566456533874,Cocina y Mesa
22207,FRYING PAN UNION FLAG,480,3103,13298.57,5.55,8,,[],0,Sin regla,Textiles del Hogar,0.23956017143628122,Textiles del Hogar
22208,WOOD STAMP SET THANK YOU,441,2366,3036.95,1.56,22,,[],0,Sin regla,Papelería y Tarjetería,0.2628870997886783,Papelería y Tarjetería
22209,WOOD STAMP SET HAPPY BIRTHDAY,259,1415,1753.94,1.42,14,,[],0,Sin regla,Decoración del Hogar,0.15321048661758918,Sin clasificar
22210,WOOD STAMP SET BEST WISHES,295,1586,1898.42,1.38,22,,[],0,Sin regla,Cajas y Almacenamiento,0.005977315072110079,Sin clasificar
22211,WOOD STAMP SET FLOWERS,297,1531,2022.35,1.52,22,,[],0,Sin regla,Cocina y Mesa,0.03651693045011872,Sin clasificar
22212,FOUR HOOK WHITE LOVEBIRDS,840,4024,8642.3,2.62,22,,[],0,Sin regla,Cocina y Mesa,0.022753667434338154,Sin clasificar
22214,CANDLE PLATE LACE WHITE,92,549,1279.79,2.72,35,Cocina y Mesa,"['Cocina y Mesa', 'Velas e Iluminación']",2,Cocina y Mesa,Cocina y Mesa,1.57188671248525,Cocina y Mesa
22215,CAKE STAND WHITE TWO TIER LACE,359,1085,8809.93,9.03,32,Cocina y Mesa,['Cocina y Mesa'],1,Cocina y Mesa,Cocina y Mesa,1.9506510941388981,Cocina y Mesa
22216,T LIGHT HOLDER WHITE LACE,121,1396,1215.83,1.07,15,Velas e Iluminación,['Velas e Iluminación'],1,Velas e Iluminación,Velas e Iluminación,1.8958398185158074,Velas e Iluminación
22217,T LIGHT HOLDER HANGING LACE,216,2374,2814.81,1.41,15,Velas e Iluminación,['Velas e Iluminación'],1,Velas e Iluminación,Velas e Iluminación,1.9244280309010422,Velas e Iluminación
22218,CAKE STAND LACE WHITE,264,1232,5365.66,5.4,32,Cocina y Mesa,['Cocina y Mesa'],1,Cocina y Mesa,Cocina y Mesa,1.9251296381780145,Cocina y Mesa
22219,LOVEBIRD HANGING DECORATION WHITE,1170,9771,9270.48,1.13,1,Decoración del Hogar,['Decoración del Hogar'],1,Decoración del Hogar,Decoración del Hogar,1.9324145010623757,Decoración del Hogar
22220,CAKE STAND LOVEBIRD 2 TIER WHITE,270,745,6885.44,10.38,32,Cocina y Mesa,['Cocina y Mesa'],1,Cocina y Mesa,Cocina y Mesa,1.8792562875815322,Cocina y Mesa
22221,CAKE STAND LOVEBIRD 2 TIER PINK,157,905,6702.33,10.58,32,Cocina y Mesa,['Cocina y Mesa'],1,Cocina y Mesa,Cocina y Mesa,1.9532028233168515,Cocina y Mesa
22222,CAKE PLATE LOVEBIRD WHITE,403,1489,6160.84,5.63,32,Cocina y Mesa,['Cocina y Mesa'],1,Cocina y Mesa,Cocina y Mesa,2.0488929679411925,Cocina y Mesa
22223,CAKE PLATE LOVEBIRD PINK,177,726,3359.66,5.41,32,Cocina y Mesa,['Cocina y Mesa'],1,Cocina y Mesa,Cocina y Mesa,2.1859615845729095,Cocina y Mesa
22224,WHITE LOVEBIRD LANTERN,404,2373,7527.94,3.62,22,Velas e Iluminación,['Velas e Iluminación'],1,Velas e Iluminación,Velas e Iluminación,1.8242150062625961,Velas e Iluminación
22227,HANGING HEART MIRROR DECORATION,664,6021,4344.17,0.89,1,"Espejos, Relojes y Arte de Pared","['Espejos, Relojes y Arte de Pared', 'Decoración del Hogar']",2,"Espejos, Relojes y Arte de Pared","Espejos, Relojes y Arte de Pared",1.4058769133340911,"Espejos, Relojes y Arte de Pared"
22228,BUNNY WOODEN PAINTED WITH BIRD,278,1727,1456.6,1.02,22,Pascua y Fiestas,['Pascua y Fiestas'],1,Pascua y Fiestas,Pascua y Fiestas,1.8829317691979548,Pascua y Fiestas
22229,BUNNY WOODEN PAINTED WITH FLOWER,189,1007,845.3,1.02,36,Pascua y Fiestas,['Pascua y Fiestas'],1,Pascua y Fiestas,Pascua y Fiestas,1.5552348596706,Pascua y Fiestas
22230,JIGSAW TREE WITH WATERING CAN,196,1657,1134.64,0.94,22,Jardín y Exterior,['Jardín y Exterior'],1,Jardín y Exterior,Jardín y Exterior,1.7445915445759193,Jardín y Exterior
22231,JIGSAW TREE WITH BIRDHOUSE,301,2135,2712.48,1.55,22,Jardín y Exterior,['Jardín y Exterior'],1,Jardín y Exterior,Jardín y Exterior,1.8789590340630955,Jardín y Exterior
22232,JIGSAW TOADSTOOLS 3 PIECE,158,1109,1318.99,1.56,22,,[],0,Sin regla,Cocina y Mesa,0.2957918483530824,Cocina y Mesa
22233,JIGSAW RABBIT AND BIRDHOUSE,167,949,1210.11,1.51,22,Jardín y Exterior,['Jardín y Exterior'],1,Jardín y Exterior,Jardín y Exterior,1.5465477910418082,Jardín y Exterior
22236,CAKE STAND 3 TIER MAGIC GARDEN,421,1127,13965.52,13.38,32,Jardín y Exterior,"['Jardín y Exterior', 'Cocina y Mesa']",2,Jardín y Exterior,Jardín y Exterior,1.7054982863707107,Jardín y Exterior
22241,GARLAND WOODEN HAPPY EASTER,479,4349,5862.42,1.59,14,Pascua y Fiestas,"['Pascua y Fiestas', 'Decoración del Hogar']",2,Pascua y Fiestas,Pascua y Fiestas,1.9406724035283451,Pascua y Fiestas
22242,HOOK 5 HANGER MAGIC TOADSTOOL,371,4756,7559.91,1.92,22,,[],0,Sin regla,Papelería y Tarjetería,0.04656541212192766,Sin clasificar
22243,5 HOOK HANGER RED MAGIC TOADSTOOL,395,7678,11860.25,1.9,22,,[],0,Sin regla,Cocina y Mesa,0.015497756988603562,Sin clasificar
22244,3 HOOK HANGER MAGIC GARDEN,432,4760,9101.96,2.69,42,Jardín y Exterior,['Jardín y Exterior'],1,Jardín y Exterior,Jardín y Exterior,1.955233410210032,Jardín y Exterior
22245,HOOK 1 HANGER MAGIC GARDEN,418,4633,3988.85,1.11,42,Jardín y Exterior,['Jardín y Exterior'],1,Jardín y Exterior,Jardín y Exterior,1.9353556819662692,Jardín y Exterior
22246,GARLAND MAGIC GARDEN 1 8M,189,1081,2287.95,2.7,42,Jardín y Exterior,"['Jardín y Exterior', 'Decoración del Hogar']",2,Jardín y Exterior,Jardín y Exterior,2.092111470248024,Jardín y Exterior
22247,BUNNY DECORATION MAGIC GARDEN,187,1184,1022.79,1.05,42,Pascua y Fiestas,"['Pascua y Fiestas', 'Jardín y Exterior', 'Decoración del Hogar']",3,Pascua y Fiestas,Pascua y Fiestas,1.5674436335632567,Pascua y Fiestas
22248,DECORATION PINK CHICK MAGIC GARDEN,179,1013,901.5,1.07,42,Jardín y Exterior,"['Jardín y Exterior', 'Decoración del Hogar']",2,Jardín y Exterior,Jardín y Exterior,1.8173069230770653,Jardín y Exterior
22249,DECORATION WHITE CHICK MAGIC GARDEN,248,1636,1434.66,1.04,42,Jardín y Exterior,"['Jardín y Exterior', 'Decoración del Hogar']",2,Jardín y Exterior,Jardín y Exterior,1.8814527728356034,Jardín y Exterior
22250,DECORATION BUTTERFLY MAGIC GARDEN,263,1521,1382.96,1.14,42,Jardín y Exterior,"['Jardín y Exterior', 'Decoración del Hogar']",2,Jardín y Exterior,Jardín y Exterior,1.861744874566528,Jardín y Exterior
22251,BIRDHOUSE DECORATION MAGIC GARDEN,301,1871,2317.64,1.56,42,Jardín y Exterior,"['Jardín y Exterior', 'Decoración del Hogar']",2,Jardín y Exterior,Jardín y Exterior,2.7597543629560546,Jardín y Exterior
22252,BIRDCAGE DECORATION TEALIGHT HOLDER,116,956,1175.56,1.28,1,Jardín y Exterior,"['Jardín y Exterior', 'Decoración del Hogar']",2,Jardín y Exterior,Decoración del Hogar,0.22069621351154245,Decoración del Hogar
22253,6 CROCHET STRAWBERRIES,89,964,1158.28,1.47,22,,[],0,Sin regla,Joyería y Bijouterie,0.25361535031528604,Joyería y Bijouterie
22254,FELT TOADSTOOL LARGE,150,1398,1792.21,1.52,22,,[],0,Sin regla,Cocina y Mesa,0.12406952261854298,Sin clasificar
22255,FELT TOADSTOOL SMALL,145,1185,1127.11,1.15,22,,[],0,Sin regla,Cocina y Mesa,0.16961361931307734,Sin clasificar
22256,FELT FARM ANIMAL CHICKEN,122,933,1200.07,1.57,22,,[],0,Sin regla,Decoración del Hogar,0.14008622851067332,Sin clasificar
22257,FELT FARM ANIMAL SHEEP,59,419,345.48,1.24,22,,[],0,Sin regla,Papelería y Tarjetería,0.030234126291663443,Sin clasificar
22258,FELT FARM ANIMAL RABBIT,133,1342,1291.05,1.46,22,,[],0,Sin regla,Pascua y Fiestas,0.06913367925055336,Sin clasificar
22259,FELT FARM ANIMAL HEN,74,590,482.95,1.3,22,,[],0,Sin regla,Decoración del Hogar,0.17632350032437827,Sin clasificar
22260,FELT EGG COSY BLUE RABBIT,246,1557,1594.77,1.29,8,,[],0,Sin regla,Pascua y Fiestas,0.1562612900632474,Sin clasificar
22261,FELT EGG COSY WHITE RABBIT,254,2105,2024.35,1.15,8,,[],0,Sin regla,Pascua y Fiestas,0.19137414341959635,Sin clasificar
22262,FELT EGG COSY CHICKEN,319,2026,1947.82,1.15,8,,[],0,Sin regla,Cocina y Mesa,0.07997406370591509,Sin clasificar
22263,FELT EGG COSY LADYBIRD,107,836,627.38,1.17,8,,[],0,Sin regla,Pascua y Fiestas,0.09535292304947629,Sin clasificar
22264,FELT FARM ANIMAL WHITE BUNNY,170,2014,1152.22,1.06,22,Pascua y Fiestas,['Pascua y Fiestas'],1,Pascua y Fiestas,Pascua y Fiestas,1.921533005673885,Pascua y Fiestas
22265,EASTER DECORATION NATURAL CHICK,177,1843,1207.8,0.76,1,Pascua y Fiestas,"['Pascua y Fiestas', 'Decoración del Hogar']",2,Pascua y Fiestas,Pascua y Fiestas,1.8429028469402389,Pascua y Fiestas
22266,EASTER DECORATION HANGING BUNNY,170,2542,1040.11,0.69,1,Pascua y Fiestas,"['Pascua y Fiestas', 'Decoración del Hogar']",2,Pascua y Fiestas,Pascua y Fiestas,3.517063532726075,Pascua y Fiestas
22267,EASTER DECORATION EGG BUNNY,121,1472,1291.47,1.17,8,Pascua y Fiestas,"['Pascua y Fiestas', 'Decoración del Hogar']",2,Pascua y Fiestas,Pascua y Fiestas,3.765983291121401,Pascua y Fiestas
22268,EASTER DECORATION SITTING BUNNY,245,2554,1271.29,0.83,1,Pascua y Fiestas,"['Pascua y Fiestas', 'Decoración del Hogar']",2,Pascua y Fiestas,Pascua y Fiestas,3.4825702721542138,Pascua y Fiestas
22269,EGG CUP NATURAL CHICKEN,206,1521,1357.7,1.21,8,Cocina y Mesa,['Cocina y Mesa'],1,Cocina y Mesa,Cocina y Mesa,1.799634907399542,Cocina y Mesa
22270,HAPPY EASTER HANGING DECORATION,158,685,2638.67,4.25,1,Pascua y Fiestas,"['Pascua y Fiestas', 'Decoración del Hogar']",2,Pascua y Fiestas,Pascua y Fiestas,1.6421221877752594,Pascua y Fiestas
22271,FELTCRAFT DOLL ROSIE,794,4866,13921.73,3.27,22,Papelería y Tarjetería,['Papelería y Tarjetería'],1,Papelería y Tarjetería,Papelería y Tarjetería,1.9160193283432727,Papelería y Tarjetería
22272,FELTCRAFT DOLL MARIA,304,1371,3848.34,3.16,22,Papelería y Tarjetería,['Papelería y Tarjetería'],1,Papelería y Tarjetería,Papelería y Tarjetería,1.9815916307417536,Papelería y Tarjetería
22273,FELTCRAFT DOLL MOLLY,820,7355,20150.99,3.3,22,Papelería y Tarjetería,['Papelería y Tarjetería'],1,Papelería y Tarjetería,Papelería y Tarjetería,1.981530521351356,Papelería y Tarjetería
22274,FELTCRAFT DOLL EMILY,661,3773,10770.07,3.27,22,Papelería y Tarjetería,['Papelería y Tarjetería'],1,Papelería y Tarjetería,Papelería y Tarjetería,1.9575449902447493,Papelería y Tarjetería
22275,WEEKEND BAG VINTAGE ROSE PAISLEY,319,946,7875.33,8.89,9,Bolsos y Carteras,['Bolsos y Carteras'],1,Bolsos y Carteras,Bolsos y Carteras,1.9721872166622931,Bolsos y Carteras
22276,WASH BAG VINTAGE ROSE PAISLEY,374,1889,4884.86,3.02,9,Bolsos y Carteras,['Bolsos y Carteras'],1,Bolsos y Carteras,Bolsos y Carteras,1.9500758182769986,Bolsos y Carteras
22277,COSMETIC BAG VINTAGE ROSE PAISLEY,252,1400,2927.49,2.48,9,Bolsos y Carteras,['Bolsos y Carteras'],1,Bolsos y Carteras,Bolsos y Carteras,2.079325719068394,Bolsos y Carteras
22278,OVERNIGHT BAG VINTAGE ROSE PAISLEY,388,1016,5959.53,6.75,9,Bolsos y Carteras,['Bolsos y Carteras'],1,Bolsos y Carteras,Bolsos y Carteras,1.9208668668546667,Bolsos y Carteras
22279,POCKET BAG BLUE PAISLEY RED SPOT,217,1440,2104.62,1.63,9,Bolsos y Carteras,['Bolsos y Carteras'],1,Bolsos y Carteras,Bolsos y Carteras,1.8908642532306696,Bolsos y Carteras
22280,POCKET BAG PINK PAISELY BROWN SPOT,162,877,1248.74,1.56,6,Bolsos y Carteras,['Bolsos y Carteras'],1,Bolsos y Carteras,Bolsos y Carteras,1.9190101363202914,Bolsos y Carteras
22281,EASTER TREE YELLOW BIRDS,149,511,3285.86,8.12,22,Pascua y Fiestas,['Pascua y Fiestas'],1,Pascua y Fiestas,Pascua y Fiestas,1.951054425534851,Pascua y Fiestas
22282,12 EGG HOUSE PAINTED WOOD,216,561,7304.69,16.84,12,,[],0,Sin regla,Papelería y Tarjetería,0.2893670977739218,Papelería y Tarjetería
22283,6 EGG HOUSE PAINTED WOOD,382,1032,8533.09,9.6,8,,[],0,Sin regla,Papelería y Tarjetería,0.1487159353980385,Sin clasificar
22284,HEN HOUSE DECORATION,305,2465,4017.74,2.0,1,Decoración del Hogar,['Decoración del Hogar'],1,Decoración del Hogar,Decoración del Hogar,1.848563185230451,Decoración del Hogar
22285,DECORATION HEN ON NEST HANGING,269,2705,4248.01,1.93,1,Decoración del Hogar,['Decoración del Hogar'],1,Decoración del Hogar,Decoración del Hogar,2.196876902526793,Decoración del Hogar
22286,DECORATION WOBBLY RABBIT METAL,195,1937,2200.75,1.74,1,Decoración del Hogar,['Decoración del Hogar'],1,Decoración del Hogar,Decoración del Hogar,1.859714819765653,Decoración del Hogar
22287,DECORATION WOBBLY CHICKEN METAL,121,1340,1435.75,1.68,1,Decoración del Hogar,['Decoración del Hogar'],1,Decoración del Hogar,Decoración del Hogar,1.9611042668002456,Decoración del Hogar
22288,HANGING METAL RABBIT DECORATION,125,1310,1525.99,1.56,1,Decoración del Hogar,['Decoración del Hogar'],1,Decoración del Hogar,Decoración del Hogar,1.8526478831928088,Decoración del Hogar
22289,DECORATION HANGING METAL CHICKEN,78,764,817.48,1.55,1,Decoración del Hogar,['Decoración del Hogar'],1,Decoración del Hogar,Decoración del Hogar,1.916874818176102,Decoración del Hogar
22290,STANDING METAL RABBIT WITH EGG,79,670,1223.02,2.36,8,,[],0,Sin regla,Pascua y Fiestas,0.039768244474198244,Sin clasificar
22291,SPRING DEC HANGING CHICK CREAM,269,3193,4412.93,1.64,22,,[],0,Sin regla,Decoración del Hogar,0.14589906412811948,Sin clasificar
22292,HANGING CHICK YELLOW DECORATION,227,2779,3773.74,1.6,1,Decoración del Hogar,['Decoración del Hogar'],1,Decoración del Hogar,Decoración del Hogar,1.8812781110146939,Decoración del Hogar
22293,HANGING CHICK GREEN DECORATION,230,2034,2860.2,1.8,1,Decoración del Hogar,['Decoración del Hogar'],1,Decoración del Hogar,Decoración del Hogar,1.7029004206989575,Decoración del Hogar
22294,HEART FILIGREE DOVE SMALL,894,16671,20629.38,1.46,39,,[],0,Sin regla,Cocina y Mesa,0.3969306556473588,Cocina y Mesa
22295,HEART FILIGREE DOVE LARGE,724,8411,13873.54,1.83,39,,[],0,Sin regla,Cocina y Mesa,0.3488570062483492,Cocina y Mesa
22296,HEART IVORY TRELLIS LARGE,854,9719,16027.56,1.81,39,,[],0,Sin regla,Decoración del Hogar,0.08429185618496249,Sin clasificar
22297,HEART IVORY TRELLIS SMALL,989,13715,17702.62,1.65,39,,[],0,Sin regla,Decoración del Hogar,0.041459068177765956,Sin clasificar
22299,PIG KEYRING WITH LIGHT SOUND,202,3912,4430.82,1.63,22,Joyería y Bijouterie,"['Joyería y Bijouterie', 'Velas e Iluminación']",2,Joyería y Bijouterie,Joyería y Bijouterie,1.6827708397143115,Joyería y Bijouterie
22300,COFFEE MUG DOG BALL DESIGN,530,4116,9891.4,3.01,9,Cocina y Mesa,['Cocina y Mesa'],1,Cocina y Mesa,Cocina y Mesa,2.118687300938964,Cocina y Mesa
22301,COFFEE MUG CAT BIRD DESIGN,645,5009,12124.78,3.18,9,Cocina y Mesa,['Cocina y Mesa'],1,Cocina y Mesa,Cocina y Mesa,1.9465226051153635,Cocina y Mesa
22302,COFFEE MUG PEARS DESIGN,399,4926,10492.45,2.72,9,Cocina y Mesa,['Cocina y Mesa'],1,Cocina y Mesa,Cocina y Mesa,2.2542741362382777,Cocina y Mesa
22303,COFFEE MUG APPLES DESIGN,541,5439,12701.63,2.73,9,Cocina y Mesa,['Cocina y Mesa'],1,Cocina y Mesa,Cocina y Mesa,2.274427724890101,Cocina y Mesa
22304,COFFEE MUG BLUE PAISLEY DESIGN,167,2380,4689.56,2.86,9,Cocina y Mesa,['Cocina y Mesa'],1,Cocina y Mesa,Cocina y Mesa,1.922416794159363,Cocina y Mesa
22305,COFFEE MUG PINK PAISLEY DESIGN,144,2267,4711.53,2.8,9,Cocina y Mesa,['Cocina y Mesa'],1,Cocina y Mesa,Cocina y Mesa,2.0707501049813803,Cocina y Mesa
22306,SILVER MUG BONE CHINA TREE OF LIFE,165,1621,2316.2,2.03,24,Cocina y Mesa,['Cocina y Mesa'],1,Cocina y Mesa,Cocina y Mesa,1.8479908062053338,Cocina y Mesa
22307,GOLD MUG BONE CHINA TREE OF LIFE,119,1199,1804.11,2.35,24,Cocina y Mesa,['Cocina y Mesa'],1,Cocina y Mesa,Cocina y Mesa,1.8630051571138004,Cocina y Mesa
22308,TEA COSY BLUE STRIPE,214,677,2085.05,3.93,26,,[],0,Sin regla,Cocina y Mesa,0.4501380543363003,Cocina y Mesa
22309,TEA COSY RED STRIPE,267,1331,3459.08,3.45,26,,[],0,Sin regla,Cocina y Mesa,0.42889521369003736,Cocina y Mesa
22310,IVORY KNITTED MUG COSY,226,1739,3113.94,2.51,24,Cocina y Mesa,['Cocina y Mesa'],1,Cocina y Mesa,Cocina y Mesa,1.8829832681088958,Cocina y Mesa
22311,OFFICE MUG WARMER BLACK SILVER,302,2116,6755.56,4.55,24,Cocina y Mesa,['Cocina y Mesa'],1,Cocina y Mesa,Cocina y Mesa,1.924831073232245,Cocina y Mesa
22312,OFFICE MUG WARMER POLKADOT,272,1233,4254.05,4.29,24,Cocina y Mesa,['Cocina y Mesa'],1,Cocina y Mesa,Cocina y Mesa,2.089212467753198,Cocina y Mesa
22313,OFFICE MUG WARMER PINK,139,985,3146.07,4.27,24,Cocina y Mesa,['Cocina y Mesa'],1,Cocina y Mesa,Cocina y Mesa,2.089514211913352,Cocina y Mesa
22314,OFFICE MUG WARMER CHOC BLUE,254,1110,3888.48,4.34,24,Cocina y Mesa,['Cocina y Mesa'],1,Cocina y Mesa,Cocina y Mesa,1.6138105968878358,Cocina y Mesa
22315,200 RED WHITE BENDY STRAWS,389,2136,2749.51,1.45,22,,[],0,Sin regla,Cocina y Mesa,0.25360324409885593,Cocina y Mesa
22316,200 BENDY SKULL STRAWS,119,1257,1432.82,1.4,22,,[],0,Sin regla,Cocina y Mesa,0.016014080206979697,Sin clasificar
22317,FIVE CATS HANGING DECORATION,168,587,1827.64,3.68,1,Decoración del Hogar,['Decoración del Hogar'],1,Decoración del Hogar,Decoración del Hogar,1.909994197054544,Decoración del Hogar
22318,FIVE HEART HANGING DECORATION,393,1583,4983.98,3.68,1,Decoración del Hogar,['Decoración del Hogar'],1,Decoración del Hogar,Decoración del Hogar,2.1850408261970795,Decoración del Hogar
22319,HAIRCLIPS FORTIES FABRIC ASSORTED,174,2987,1698.04,0.81,22,,[],0,Sin regla,Cocina y Mesa,0.06171081731565298,Sin clasificar
22320,BIRDS MOBILE VINTAGE DESIGN,180,598,3545.02,6.2,22,Decoración del Hogar,['Decoración del Hogar'],1,Decoración del Hogar,Decoración del Hogar,1.7631668060302061,Decoración del Hogar
22321,BIRD DECORATION RED RETROSPOT,305,2528,2339.95,1.23,1,Decoración del Hogar,['Decoración del Hogar'],1,Decoración del Hogar,Decoración del Hogar,1.8918906911018878,Decoración del Hogar
22322,BIRD DECORATION GREEN POLKADOT,272,1617,1528.21,1.23,1,Decoración del Hogar,['Decoración del Hogar'],1,Decoración del Hogar,Decoración del Hogar,1.8553209095511332,Decoración del Hogar
22323,PINK POLKADOT KIDS BAG,117,635,1683.31,3.19,6,Bolsos y Carteras,['Bolsos y Carteras'],1,Bolsos y Carteras,Bolsos y Carteras,2.0012555094515854,Bolsos y Carteras
22324,BLUE POLKADOT KIDS BAG,153,664,1797.06,3.32,6,Bolsos y Carteras,['Bolsos y Carteras'],1,Bolsos y Carteras,Bolsos y Carteras,1.9696785556989553,Bolsos y Carteras
22325,MOBILE VINTAGE HEARTS,225,699,3139.99,5.01,22,Decoración del Hogar,['Decoración del Hogar'],1,Decoración del Hogar,Decoración del Hogar,1.9129108381702697,Decoración del Hogar
22326,ROUND SNACK BOXES SET OF4 WOODLAND,1403,15446,44257.74,3.43,22,Cajas y Almacenamiento,['Cajas y Almacenamiento'],1,Cajas y Almacenamiento,Cajas y Almacenamiento,1.6003296438550034,Cajas y Almacenamiento
22327,ROUND SNACK BOXES SET OF 4 SKULLS,660,3065,9943.55,3.8,22,Cajas y Almacenamiento,['Cajas y Almacenamiento'],1,Cajas y Almacenamiento,Cajas y Almacenamiento,1.7465188569820225,Cajas y Almacenamiento
22328,ROUND SNACK BOXES SET OF 4 FRUITS,1168,12959,36170.31,3.19,22,Cajas y Almacenamiento,['Cajas y Almacenamiento'],1,Cajas y Almacenamiento,Cajas y Almacenamiento,1.8812392806487641,Cajas y Almacenamiento
22329,ROUND CONTAINER SET OF 5 RETROSPOT,613,5159,8430.45,2.08,22,,[],0,Sin regla,Cocina y Mesa,0.1861486252036189,Sin clasificar
22330,72 ROUND PINK DOILIES,22,128,197.9,1.87,22,Papelería y Tarjetería,['Papelería y Tarjetería'],1,Papelería y Tarjetería,Papelería y Tarjetería,1.791414072367734,Papelería y Tarjetería
22331,WOODLAND PARTY BAG STICKER SET,441,3660,6011.57,1.98,6,Pascua y Fiestas,"['Pascua y Fiestas', 'Bolsos y Carteras', 'Papelería y Tarjetería']",3,Pascua y Fiestas,Pascua y Fiestas,1.9645601108988984,Pascua y Fiestas
22332,SKULLS PARTY BAG STICKER SET,385,4158,6520.55,1.82,6,Pascua y Fiestas,"['Pascua y Fiestas', 'Bolsos y Carteras', 'Papelería y Tarjetería']",3,Pascua y Fiestas,Pascua y Fiestas,1.857576824355498,Pascua y Fiestas
22333,RETROSPOT PARTY BAG STICKER SET,702,10030,15639.65,1.86,6,Pascua y Fiestas,"['Pascua y Fiestas', 'Bolsos y Carteras', 'Papelería y Tarjetería']",3,Pascua y Fiestas,Pascua y Fiestas,1.907222789553607,Pascua y Fiestas
22334,DINOSAUR PARTY BAG STICKER SET,268,2230,3552.36,1.74,6,Pascua y Fiestas,"['Pascua y Fiestas', 'Bolsos y Carteras', 'Papelería y Tarjetería']",3,Pascua y Fiestas,Pascua y Fiestas,1.8110745774583736,Pascua y Fiestas
22335,HEART DECORATION PAINTED ZINC,524,8666,5644.77,0.85,1,Decoración del Hogar,['Decoración del Hogar'],1,Decoración del Hogar,Decoración del Hogar,2.2302454147282376,Decoración del Hogar
22336,DOVE DECORATION PAINTED ZINC,222,4661,2234.96,0.73,1,Decoración del Hogar,['Decoración del Hogar'],1,Decoración del Hogar,Decoración del Hogar,1.8146864471126367,Decoración del Hogar
22337,ANGEL DECORATION PAINTED ZINC,149,2473,1522.52,0.73,1,Decoración del Hogar,['Decoración del Hogar'],1,Decoración del Hogar,Decoración del Hogar,2.1944702990288985,Decoración del Hogar
22338,STAR DECORATION PAINTED ZINC,271,6087,2151.99,0.55,1,Decoración del Hogar,['Decoración del Hogar'],1,Decoración del Hogar,Decoración del Hogar,2.0001861892929513,Decoración del Hogar
22339,CHRISTMAS TREE PAINTED ZINC,151,3521,1385.46,0.57,0,Navidad,['Navidad'],1,Navidad,Navidad,2.34745036686848,Navidad
22340,NOEL GARLAND PAINTED ZINC,184,1799,1511.05,1.24,14,Decoración del Hogar,['Decoración del Hogar'],1,Decoración del Hogar,Decoración del Hogar,2.020316946221368,Decoración del Hogar
22341,LOVE GARLAND PAINTED ZINC,242,3467,5698.89,2.36,14,Decoración del Hogar,['Decoración del Hogar'],1,Decoración del Hogar,Decoración del Hogar,1.834412056678166,Decoración del Hogar
22342,HOME GARLAND PAINTED ZINC,230,1817,2521.25,2.04,14,Decoración del Hogar,['Decoración del Hogar'],1,Decoración del Hogar,Decoración del Hogar,1.9139939674737088,Decoración del Hogar
22343,PARTY PIZZA DISH RED RETROSPOT,188,3297,1985.74,0.83,34,,[],0,Sin regla,Pascua y Fiestas,0.5175442968159456,Pascua y Fiestas
22344,PARTY PIZZA DISH PINK POLKADOT,133,1580,807.32,0.84,34,,[],0,Sin regla,Pascua y Fiestas,0.2863930444758668,Pascua y Fiestas
22345,PARTY PIZZA DISH BLUE POLKADOT,130,1466,710.6,0.8,34,,[],0,Sin regla,Pascua y Fiestas,0.1795124341337868,Sin clasificar
22346,PARTY PIZZA DISH GREEN POLKADOT,104,1300,612.61,0.81,34,,[],0,Sin regla,Pascua y Fiestas,0.02738530287319496,Sin clasificar
22347,PIZZA SLICE DISH,115,2716,3119.18,1.66,34,,[],0,Sin regla,Cocina y Mesa,0.32248932754199044,Cocina y Mesa
22348,TEA BAG PLATE RED RETROSPOT,971,12453,10583.12,1.07,26,Bolsos y Carteras,"['Bolsos y Carteras', 'Cocina y Mesa']",2,Bolsos y Carteras,Bolsos y Carteras,0.917055059058502,Bolsos y Carteras
22349,DOG BOWL CHASING BALL DESIGN,368,2571,10551.67,4.15,44,Cocina y Mesa,['Cocina y Mesa'],1,Cocina y Mesa,Cocina y Mesa,1.83131190356531,Cocina y Mesa
22350,ILLUSTRATED CAT BOWL,334,2840,7883.44,3.08,44,Cocina y Mesa,['Cocina y Mesa'],1,Cocina y Mesa,Cocina y Mesa,2.05806296564148,Cocina y Mesa
22351,DOTCOMGIFTSHOP TEA TOWEL,3,15,29.81,2.77,26,Cocina y Mesa,['Cocina y Mesa'],1,Cocina y Mesa,Cocina y Mesa,1.731754568155816,Cocina y Mesa
22352,LUNCH BOX WITH CUTLERY RETROSPOT,1122,7090,17830.71,3.13,4,Cajas y Almacenamiento,"['Cajas y Almacenamiento', 'Cocina y Mesa']",2,Cajas y Almacenamiento,Cajas y Almacenamiento,1.8677242554190272,Cajas y Almacenamiento
22353,LUNCH BOX WITH CUTLERY FAIRY CAKES,498,3039,7917.89,3.15,19,Cajas y Almacenamiento,"['Cajas y Almacenamiento', 'Cocina y Mesa']",2,Cajas y Almacenamiento,Cajas y Almacenamiento,1.6853944444742646,Cajas y Almacenamiento
22354,RETROSPOT PADDED SEAT CUSHION,281,2228,8454.56,4.25,22,Textiles del Hogar,['Textiles del Hogar'],1,Textiles del Hogar,Textiles del Hogar,1.9047258412273105,Textiles del Hogar
22355,CHARLOTTE BAG SUKI DESIGN,1752,31956,45377.56,1.16,6,Bolsos y Carteras,['Bolsos y Carteras'],1,Bolsos y Carteras,Bolsos y Carteras,2.0464274050453124,Bolsos y Carteras
22356,CHARLOTTE BAG PINK POLKADOT,1599,20015,20871.9,1.16,6,Bolsos y Carteras,['Bolsos y Carteras'],1,Bolsos y Carteras,Bolsos y Carteras,1.970574649286493,Bolsos y Carteras
22357,KINGS CHOICE BISCUIT TIN,462,2073,9352.41,5.12,22,Cocina y Mesa,['Cocina y Mesa'],1,Cocina y Mesa,Cocina y Mesa,1.4291028544725455,Cocina y Mesa
22358,KINGS CHOICE TEA CADDY,610,2651,8393.61,3.87,26,,[],0,Sin regla,Cocina y Mesa,0.5113296673216897,Cocina y Mesa
22359,GLASS JAR KINGS CHOICE,202,1278,4052.18,3.62,22,,[],0,Sin regla,Cocina y Mesa,0.3010412223028669,Cocina y Mesa
22360,GLASS JAR ENGLISH CONFECTIONERY,427,2503,7535.5,3.78,22,,[],0,Sin regla,Cocina y Mesa,0.24673289160113226,Cocina y Mesa
22361,GLASS JAR DAISY FRESH COTTON WOOL,498,1845,6036.26,4.27,22,,[],0,Sin regla,Cocina y Mesa,0.1758299433175422,Sin clasificar
22362,GLASS JAR PEACOCK BATH SALTS,253,747,2410.53,3.82,22,,[],0,Sin regla,Cocina y Mesa,0.1980193548967894,Sin clasificar
22363,GLASS JAR MARMALADE,172,781,2303.39,3.64,22,,[],0,Sin regla,Cocina y Mesa,0.31444989779510485,Cocina y Mesa
22364,GLASS JAR DIGESTIVE BISCUITS,342,2054,6498.61,3.92,22,,[],0,Sin regla,Cocina y Mesa,0.40893198900801575,Cocina y Mesa
22365,DOORMAT RESPECTABLE HOUSE,443,2329,15289.79,8.92,22,Jardín y Exterior,['Jardín y Exterior'],1,Jardín y Exterior,Jardín y Exterior,2.0478625403872166,Jardín y Exterior
22366,DOORMAT AIRMAIL,568,2540,17242.3,9.06,22,Jardín y Exterior,['Jardín y Exterior'],1,Jardín y Exterior,Jardín y Exterior,2.9813916552796336,Jardín y Exterior
22367,CHILDRENS APRON SPACEBOY DESIGN,1161,8059,15778.67,2.25,22,Cocina y Mesa,['Cocina y Mesa'],1,Cocina y Mesa,Cocina y Mesa,2.017566353498089,Cocina y Mesa
22371,AIRLINE BAG VINTAGE TOKYO 78,687,1828,8936.8,5.36,6,Bolsos y Carteras,['Bolsos y Carteras'],1,Bolsos y Carteras,Bolsos y Carteras,2.2802048464665923,Bolsos y Carteras
22372,AIRLINE BAG VINTAGE WORLD CHAMPION,288,604,3073.43,5.34,6,Bolsos y Carteras,['Bolsos y Carteras'],1,Bolsos y Carteras,Bolsos y Carteras,1.9227363310621706,Bolsos y Carteras
22374,AIRLINE BAG VINTAGE JET SET RED,432,1023,5099.84,5.33,6,Bolsos y Carteras,['Bolsos y Carteras'],1,Bolsos y Carteras,Bolsos y Carteras,1.9753012229694669,Bolsos y Carteras
22375,AIRLINE BAG VINTAGE JET SET BROWN,285,590,2969.29,5.49,6,Bolsos y Carteras,['Bolsos y Carteras'],1,Bolsos y Carteras,Bolsos y Carteras,1.928463524145335,Bolsos y Carteras
22376,AIRLINE BAG VINTAGE JET SET WHITE,249,529,2632.18,5.22,6,Bolsos y Carteras,['Bolsos y Carteras'],1,Bolsos y Carteras,Bolsos y Carteras,1.9406794180059102,Bolsos y Carteras
22377,BOTTLE BAG RETROSPOT,436,3618,6920.11,2.47,6,Bolsos y Carteras,['Bolsos y Carteras'],1,Bolsos y Carteras,Bolsos y Carteras,1.7943061403183247,Bolsos y Carteras
22378,WALL TIDY RETROSPOT,547,3749,6826.51,2.86,20,,[],0,Sin regla,"Espejos, Relojes y Arte de Pared",0.9231928602061188,"Espejos, Relojes y Arte de Pared"
22379,RECYCLING BAG RETROSPOT,1583,15765,34640.84,2.9,6,Bolsos y Carteras,['Bolsos y Carteras'],1,Bolsos y Carteras,Bolsos y Carteras,1.9647562918108594,Bolsos y Carteras
22380,TOY TIDY SPACEBOY,690,4964,10217.66,2.46,22,,[],0,Sin regla,Cocina y Mesa,0.1398660291696644,Sin clasificar
22381,TOY TIDY PINK POLKADOT,1111,9265,19619.54,2.73,22,,[],0,Sin regla,Cocina y Mesa,0.38048953735596724,Cocina y Mesa
22382,LUNCH BAG SPACEBOY DESIGN,2173,20248,34071.97,1.9,6,Bolsos y Carteras,['Bolsos y Carteras'],1,Bolsos y Carteras,Bolsos y Carteras,1.9718798562436206,Bolsos y Carteras
22383,LUNCH BAG SUKI DESIGN,2436,25058,43254.35,2.08,6,Bolsos y Carteras,['Bolsos y Carteras'],1,Bolsos y Carteras,Bolsos y Carteras,2.0450992596453337,Bolsos y Carteras
22384,LUNCH BAG PINK POLKADOT,2137,20783,34088.79,1.95,6,Bolsos y Carteras,['Bolsos y Carteras'],1,Bolsos y Carteras,Bolsos y Carteras,2.0040332113476698,Bolsos y Carteras
22385,JUMBO BAG SPACEBOY DESIGN,1259,17057,32433.5,2.44,6,Bolsos y Carteras,['Bolsos y Carteras'],1,Bolsos y Carteras,Bolsos y Carteras,2.023874973450283,Bolsos y Carteras
22386,JUMBO BAG PINK POLKADOT,2269,39437,76324.62,2.41,6,Bolsos y Carteras,['Bolsos y Carteras'],1,Bolsos y Carteras,Bolsos y Carteras,2.0701259403711925,Bolsos y Carteras
22389,PAPERWEIGHT SAVE THE PLANET,92,647,1245.52,2.54,22,,[],0,Sin regla,Cocina y Mesa,0.3845017053017438,Cocina y Mesa
22390,PAPERWEIGHT CHILDHOOD MEMORIES,83,813,1448.52,2.65,22,,[],0,Sin regla,Velas e Iluminación,0.004783668630488513,Sin clasificar
22391,PAPERWEIGHT HOME SWEET HOME,66,323,635.19,2.82,22,,[],0,Sin regla,Decoración del Hogar,0.01906893269876786,Sin clasificar
22393,PAPERWEIGHT VINTAGE COLLAGE,120,834,1459.37,2.87,22,,[],0,Sin regla,Papelería y Tarjetería,0.10936383067082167,Sin clasificar
22394,PAPERWEIGHT KINGS CHOICE,55,346,544.29,2.54,22,,[],0,Sin regla,Cocina y Mesa,0.2528586583849123,Cocina y Mesa
22395,PAPERWEIGHT VINTAGE PAISLEY,53,234,413.76,3.09,9,,[],0,Sin regla,Papelería y Tarjetería,0.29218428372768956,Papelería y Tarjetería
22396,MAGNETS PACK OF 4 RETRO PHOTO,185,1895,1427.08,0.92,33,,[],0,Sin regla,Marcos y Fotografía,0.4388350090860159,Marcos y Fotografía
22398,MAGNETS PACK OF 4 SWALLOWS,438,4239,3687.48,1.01,22,,[],0,Sin regla,Cocina y Mesa,0.05460288156544724,Sin clasificar
22399,MAGNETS PACK OF 4 CHILDHOOD MEMORY,278,4040,4734.6,1.31,22,,[],0,Sin regla,Cajas y Almacenamiento,0.11017681750103114,Sin clasificar
22400,MAGNETS PACK OF 4 HOME SWEET HOME,237,2450,2049.56,0.89,22,,[],0,Sin regla,Cocina y Mesa,0.018648112882409196,Sin clasificar
22402,MAGNETS PACK OF 4 VINTAGE COLLAGE,254,3431,3012.78,0.92,22,,[],0,Sin regla,Cocina y Mesa,0.053037658636874374,Sin clasificar
22403,MAGNETS PACK OF 4 VINTAGE LABELS,212,1715,1195.89,1.11,22,,[],0,Sin regla,Cocina y Mesa,0.11430708297027281,Sin clasificar
22405,MONEY BOX POCKET MONEY DESIGN,221,1642,1993.38,1.35,4,Cajas y Almacenamiento,['Cajas y Almacenamiento'],1,Cajas y Almacenamiento,Cajas y Almacenamiento,2.0537560624270754,Cajas y Almacenamiento
22406,MONEY BOX KINGS CHOICE DESIGN,219,2487,3149.35,1.46,4,Cajas y Almacenamiento,['Cajas y Almacenamiento'],1,Cajas y Almacenamiento,Cajas y Almacenamiento,1.7533375354534628,Cajas y Almacenamiento
22407,MONEY BOX FIRST ADE DESIGN,75,438,521.12,1.39,4,Cajas y Almacenamiento,['Cajas y Almacenamiento'],1,Cajas y Almacenamiento,Cajas y Almacenamiento,1.9684804165677967,Cajas y Almacenamiento
22408,MONEY BOX CONFECTIONERY DESIGN,96,650,798.67,1.46,4,Cajas y Almacenamiento,['Cajas y Almacenamiento'],1,Cajas y Almacenamiento,Cajas y Almacenamiento,1.8946658747513698,Cajas y Almacenamiento
22409,MONEY BOX BISCUITS DESIGN,165,1686,2290.46,1.55,4,Cajas y Almacenamiento,['Cajas y Almacenamiento'],1,Cajas y Almacenamiento,Cajas y Almacenamiento,1.900346553355045,Cajas y Almacenamiento
22410,MONEY BOX HOUSEKEEPING DESIGN,198,1363,1667.46,1.39,4,Cajas y Almacenamiento,['Cajas y Almacenamiento'],1,Cajas y Almacenamiento,Cajas y Almacenamiento,2.212622383328266,Cajas y Almacenamiento
22411,JUMBO SHOPPER VINTAGE RED PAISLEY,2209,27281,57318.71,2.45,9,Bolsos y Carteras,['Bolsos y Carteras'],1,Bolsos y Carteras,Bolsos y Carteras,1.7482380012613414,Bolsos y Carteras
22412,METAL SIGN NEIGHBOURHOOD WITCH,406,2401,5140.82,2.57,11,Carteles y Señalética,['Carteles y Señalética'],1,Carteles y Señalética,Carteles y Señalética,1.7860360191972164,Carteles y Señalética
22413,METAL SIGN TAKE IT OR LEAVE IT,888,6976,19728.24,3.3,11,Carteles y Señalética,['Carteles y Señalética'],1,Carteles y Señalética,Carteles y Señalética,2.62866474620606,Carteles y Señalética
22414,DOORMAT NEIGHBOURHOOD WITCH,220,1187,7203.57,9.45,22,Jardín y Exterior,['Jardín y Exterior'],1,Jardín y Exterior,Jardín y Exterior,1.7136683504808523,Jardín y Exterior
22415,WHITE TISSUE REAM,204,317,2520.15,7.95,22,,[],0,Sin regla,Cocina y Mesa,0.11893665794508379,Sin clasificar
22416,SET OF 36 DOILIES SPACEBOY DESIGN,176,1970,2763.36,1.58,22,Papelería y Tarjetería,['Papelería y Tarjetería'],1,Papelería y Tarjetería,Papelería y Tarjetería,1.7431596629640835,Papelería y Tarjetería
22417,PACK OF 60 SPACEBOY CAKE CASES,1125,21451,11159.9,0.71,32,Cocina y Mesa,['Cocina y Mesa'],1,Cocina y Mesa,Cocina y Mesa,2.141200842912512,Cocina y Mesa
22418,10 COLOUR SPACEBOY PEN,590,12314,10417.73,1.02,22,Papelería y Tarjetería,['Papelería y Tarjetería'],1,Papelería y Tarjetería,Papelería y Tarjetería,1.8362047403474093,Papelería y Tarjetería
22419,LIPSTICK PEN RED,519,6847,3242.59,0.6,22,Papelería y Tarjetería,['Papelería y Tarjetería'],1,Papelería y Tarjetería,Papelería y Tarjetería,2.012865104289088,Papelería y Tarjetería
22420,LIPSTICK PEN BABY PINK,240,2111,1014.75,0.59,22,Papelería y Tarjetería,['Papelería y Tarjetería'],1,Papelería y Tarjetería,Papelería y Tarjetería,1.888214486918354,Papelería y Tarjetería
22421,LIPSTICK PEN FUSCHIA,416,4721,2351.86,0.59,22,Papelería y Tarjetería,['Papelería y Tarjetería'],1,Papelería y Tarjetería,Papelería y Tarjetería,1.8653803047348134,Papelería y Tarjetería
22422,TOOTHPASTE TUBE PEN,359,2743,1760.94,0.99,22,Papelería y Tarjetería,['Papelería y Tarjetería'],1,Papelería y Tarjetería,Papelería y Tarjetería,2.0855620241025363,Papelería y Tarjetería
22423,REGENCY CAKESTAND 3 TIER,3950,26478,330590.32,14.19,22,Cocina y Mesa,['Cocina y Mesa'],1,Cocina y Mesa,Cocina y Mesa,1.8160983672989235,Cocina y Mesa
22424,ENAMEL BREAD BIN CREAM,740,1529,20886.89,15.39,22,Cocina y Mesa,['Cocina y Mesa'],1,Cocina y Mesa,Cocina y Mesa,1.8333847789807582,Cocina y Mesa
22425,ENAMEL COLANDER CREAM,302,854,4321.52,5.61,22,,[],0,Sin regla,Cocina y Mesa,0.6697772695782508,Cocina y Mesa
22426,ENAMEL WASH BOWL CREAM,373,1333,5133.3,4.71,44,Cocina y Mesa,['Cocina y Mesa'],1,Cocina y Mesa,Cocina y Mesa,2.1957265892183333,Cocina y Mesa
22427,ENAMEL FLOWER JUG CREAM,802,3210,19273.28,6.53,36,Cocina y Mesa,['Cocina y Mesa'],1,Cocina y Mesa,Cocina y Mesa,1.7996241107663264,Cocina y Mesa
22428,ENAMEL FIRE BUCKET CREAM,192,459,3379.67,7.96,22,,[],0,Sin regla,Cocina y Mesa,0.5311729018658857,Cocina y Mesa
22429,ENAMEL MEASURING JUG CREAM,628,2280,9844.04,4.82,22,Cocina y Mesa,['Cocina y Mesa'],1,Cocina y Mesa,Cocina y Mesa,1.9643009895771406,Cocina y Mesa
22430,ENAMEL WATERING CAN CREAM,358,1397,6761.38,5.6,22,Jardín y Exterior,['Jardín y Exterior'],1,Jardín y Exterior,Jardín y Exterior,1.7656585104963414,Jardín y Exterior
22431,WATERING CAN BLUE ELEPHANT,623,3365,6771.52,2.36,22,Jardín y Exterior,['Jardín y Exterior'],1,Jardín y Exterior,Jardín y Exterior,1.9258440067956832,Jardín y Exterior
22432,WATERING CAN PINK BUNNY,519,3532,6730.42,2.27,22,Pascua y Fiestas,"['Pascua y Fiestas', 'Jardín y Exterior']",2,Pascua y Fiestas,Pascua y Fiestas,1.5297167427311382,Pascua y Fiestas
22433,WATERING CAN GREEN DINOSAUR,425,2778,5186.28,2.26,22,Jardín y Exterior,['Jardín y Exterior'],1,Jardín y Exterior,Jardín y Exterior,1.7917545011753822,Jardín y Exterior
22434,BALLOON PUMP WITH 10 BALLOONS,287,2547,4733.49,2.04,22,Pascua y Fiestas,['Pascua y Fiestas'],1,Pascua y Fiestas,Pascua y Fiestas,2.351291875958939,Pascua y Fiestas
22435,SET OF 9 HEART SHAPED BALLOONS,547,4915,6185.22,1.43,39,Pascua y Fiestas,['Pascua y Fiestas'],1,Pascua y Fiestas,Pascua y Fiestas,1.8677500171152988,Pascua y Fiestas
22436,12 COLOURED PARTY BALLOONS,294,4215,2687.05,0.68,12,Pascua y Fiestas,['Pascua y Fiestas'],1,Pascua y Fiestas,Pascua y Fiestas,2.106387492789037,Pascua y Fiestas
22437,SET OF 9 BLACK SKULL BALLOONS,451,6514,5457.97,0.98,22,Pascua y Fiestas,['Pascua y Fiestas'],1,Pascua y Fiestas,Pascua y Fiestas,1.8374400917564628,Pascua y Fiestas
22438,BALLOON ART MAKE YOUR OWN FLOWERS,177,1459,1913.22,1.92,22,Pascua y Fiestas,['Pascua y Fiestas'],1,Pascua y Fiestas,Pascua y Fiestas,0.5524926286863591,Pascua y Fiestas
22439,6 ROCKET BALLOONS,370,3891,2599.01,0.73,22,Pascua y Fiestas,['Pascua y Fiestas'],1,Pascua y Fiestas,Pascua y Fiestas,1.9834181201461256,Pascua y Fiestas
22440,BALLOON WATER BOMB PACK OF 35,300,8523,3399.41,0.45,22,Pascua y Fiestas,['Pascua y Fiestas'],1,Pascua y Fiestas,Pascua y Fiestas,0.9584597106922222,Pascua y Fiestas
22441,GROW YOUR OWN BASIL IN ENAMEL MUG,476,2644,5729.57,2.43,24,Cocina y Mesa,['Cocina y Mesa'],1,Cocina y Mesa,Cocina y Mesa,1.7765650471892822,Cocina y Mesa
22442,GROW YOUR OWN FLOWERS SET OF 3,173,866,4765.32,7.47,22,,[],0,Sin regla,Cocina y Mesa,0.03411391503458122,Sin clasificar
22443,GROW YOUR OWN HERBS SET OF 3,265,683,5393.43,8.47,22,,[],0,Sin regla,Cocina y Mesa,0.051014844093373646,Sin clasificar
22444,GROW YOUR OWN PLANT IN A CAN,454,10132,13856.6,1.58,7,,[],0,Sin regla,Jardín y Exterior,0.4088706487605499,Jardín y Exterior
22445,PENCIL CASE LIFE IS BEAUTIFUL,285,1287,3948.86,3.47,22,Papelería y Tarjetería,['Papelería y Tarjetería'],1,Papelería y Tarjetería,Papelería y Tarjetería,1.9004804601091898,Papelería y Tarjetería
22446,PIN CUSHION BABUSHKA PINK,189,618,1751.93,3.05,22,Textiles del Hogar,['Textiles del Hogar'],1,Textiles del Hogar,Textiles del Hogar,1.953558232009117,Textiles del Hogar
22447,PIN CUSHION BABUSHKA BLUE,82,248,796.34,3.49,22,Textiles del Hogar,['Textiles del Hogar'],1,Textiles del Hogar,Textiles del Hogar,2.0201741718666635,Textiles del Hogar
22448,PIN CUSHION BABUSHKA RED,122,753,2426.73,3.69,22,Textiles del Hogar,['Textiles del Hogar'],1,Textiles del Hogar,Textiles del Hogar,1.9724619089840902,Textiles del Hogar
22449,SILK PURSE BABUSHKA PINK,312,1323,4374.45,3.47,22,Bolsos y Carteras,['Bolsos y Carteras'],1,Bolsos y Carteras,Bolsos y Carteras,1.935127350673067,Bolsos y Carteras
22450,SILK PURSE BABUSHKA BLUE,184,834,2798.28,3.51,22,Bolsos y Carteras,['Bolsos y Carteras'],1,Bolsos y Carteras,Bolsos y Carteras,1.9956037179094936,Bolsos y Carteras
22451,SILK PURSE BABUSHKA RED,244,1339,4496.99,3.82,22,Bolsos y Carteras,['Bolsos y Carteras'],1,Bolsos y Carteras,Bolsos y Carteras,1.9556506139781153,Bolsos y Carteras
22452,MEASURING TAPE BABUSHKA PINK,257,1271,3358.1,2.69,22,,[],0,Sin regla,Cocina y Mesa,0.13238214888070898,Sin clasificar
22453,MEASURING TAPE BABUSHKA BLUE,145,801,2212.92,2.88,22,,[],0,Sin regla,Cocina y Mesa,0.15653293575766053,Sin clasificar
22454,MEASURING TAPE BABUSHKA RED,181,1405,3933.63,3.14,22,,[],0,Sin regla,Cocina y Mesa,0.15713353948767217,Sin clasificar
22456,NATURAL SLATE CHALKBOARD LARGE,837,4416,21583.2,6.31,22,Decoración del Hogar,['Decoración del Hogar'],1,Decoración del Hogar,Decoración del Hogar,1.8433066873383799,Decoración del Hogar
22457,NATURAL SLATE HEART CHALKBOARD,2059,15373,47288.23,3.51,39,Decoración del Hogar,['Decoración del Hogar'],1,Decoración del Hogar,Decoración del Hogar,2.162913329881341,Decoración del Hogar
22458,CAST IRON HOOK GARDEN FORK,173,1523,3790.47,2.86,42,Jardín y Exterior,"['Jardín y Exterior', 'Cocina y Mesa']",2,Jardín y Exterior,Jardín y Exterior,1.7318732231079046,Jardín y Exterior
22459,CAST IRON HOOK GARDEN TROWEL,174,1378,3389.74,2.89,42,Jardín y Exterior,['Jardín y Exterior'],1,Jardín y Exterior,Jardín y Exterior,2.193927811156146,Jardín y Exterior
22460,EMBOSSED GLASS TEALIGHT HOLDER,378,4771,6283.87,1.52,22,,[],0,Sin regla,Velas e Iluminación,0.4253121196161011,Velas e Iluminación
22461,SAVOY ART DECO CLOCK,146,410,3607.81,12.37,16,"Espejos, Relojes y Arte de Pared","['Espejos, Relojes y Arte de Pared']",1,"Espejos, Relojes y Arte de Pared","Espejos, Relojes y Arte de Pared",2.4689743456385345,"Espejos, Relojes y Arte de Pared"
22464,HANGING METAL HEART LANTERN,795,7847,12985.31,1.91,39,Velas e Iluminación,['Velas e Iluminación'],1,Velas e Iluminación,Velas e Iluminación,1.770007072388628,Velas e Iluminación
22465,HANGING METAL STAR LANTERN,474,4517,7284.24,1.87,22,Velas e Iluminación,['Velas e Iluminación'],1,Velas e Iluminación,Velas e Iluminación,1.966150245451775,Velas e Iluminación
22466,FAIRY TALE COTTAGE NIGHTLIGHT,397,5312,9857.18,2.37,19,Velas e Iluminación,['Velas e Iluminación'],1,Velas e Iluminación,Velas e Iluminación,1.7407645233339164,Velas e Iluminación
22467,GUMBALL COAT RACK,1111,11868,28059.48,2.84,22,Cajas y Almacenamiento,['Cajas y Almacenamiento'],1,Cajas y Almacenamiento,Cajas y Almacenamiento,1.9409634630744057,Cajas y Almacenamiento
22468,BABUSHKA LIGHTS STRING OF 10,413,1736,11542.6,7.88,23,Velas e Iluminación,['Velas e Iluminación'],1,Velas e Iluminación,Velas e Iluminación,1.7241054990724227,Velas e Iluminación
22469,HEART OF WICKER SMALL,2195,27908,48935.11,1.92,39,Decoración del Hogar,['Decoración del Hogar'],1,Decoración del Hogar,Decoración del Hogar,2.064095201885777,Decoración del Hogar
22470,HEART OF WICKER LARGE,1994,17773,53506.13,3.21,39,Decoración del Hogar,['Decoración del Hogar'],1,Decoración del Hogar,Decoración del Hogar,2.0597768040368996,Decoración del Hogar
22471,TV DINNER TRAY AIR HOSTESS,176,627,2568.76,5.78,43,,[],0,Sin regla,Papelería y Tarjetería,0.09663172791027863,Sin clasificar
22472,TV DINNER TRAY DOLLY GIRL,250,1099,5160.32,5.87,40,,[],0,Sin regla,Papelería y Tarjetería,0.12842260095173458,Sin clasificar
22473,TV DINNER TRAY VINTAGE PAISLEY,209,811,3070.92,5.2,43,,[],0,Sin regla,Papelería y Tarjetería,0.34823194098095944,Papelería y Tarjetería
22474,SPACEBOY TV DINNER TRAY,256,972,4746.53,6.23,43,,[],0,Sin regla,Papelería y Tarjetería,0.09643673089275179,Sin clasificar
22475,SKULL DESIGN TV DINNER TRAY,259,769,3856.8,6.0,43,,[],0,Sin regla,Papelería y Tarjetería,0.002001034138174651,Sin clasificar
22476,EMPIRE UNION JACK TV DINNER TRAY,270,1332,5218.61,6.59,17,,[],0,Sin regla,Papelería y Tarjetería,0.2754290460788609,Papelería y Tarjetería
22477,WATERING CAN GARDEN MARKER,277,2414,3356.74,1.65,42,Jardín y Exterior,['Jardín y Exterior'],1,Jardín y Exterior,Jardín y Exterior,3.2142962684890812,Jardín y Exterior
22478,BIRDHOUSE GARDEN MARKER,317,2772,3848.41,1.61,42,Jardín y Exterior,['Jardín y Exterior'],1,Jardín y Exterior,Jardín y Exterior,3.2067140580087585,Jardín y Exterior
22479,DAISY GARDEN MARKER,215,1939,2691.19,1.58,42,Jardín y Exterior,['Jardín y Exterior'],1,Jardín y Exterior,Jardín y Exterior,1.9464271709996193,Jardín y Exterior
22480,RED TEA TOWEL CLASSIC DESIGN,267,2368,2863.06,1.27,26,Cocina y Mesa,['Cocina y Mesa'],1,Cocina y Mesa,Cocina y Mesa,1.8323362573700248,Cocina y Mesa
22481,BLACK TEA TOWEL CLASSIC DESIGN,224,1272,1309.81,1.16,26,Cocina y Mesa,['Cocina y Mesa'],1,Cocina y Mesa,Cocina y Mesa,1.8619962088299993,Cocina y Mesa
22482,BLUE TEA TOWEL CLASSIC DESIGN,218,2319,2739.43,1.25,26,Cocina y Mesa,['Cocina y Mesa'],1,Cocina y Mesa,Cocina y Mesa,1.7791514256686654,Cocina y Mesa
22483,RED GINGHAM TEDDY BEAR,349,1877,5440.51,3.31,22,,[],0,Sin regla,Papelería y Tarjetería,0.47605197534720545,Papelería y Tarjetería
22485,SET OF 2 WOODEN MARKET CRATES,420,1101,14677.84,14.76,22,,[],0,Sin regla,Cocina y Mesa,0.175932489684121,Sin clasificar
22486,PLASMATRONIC LAMP,40,104,856.4,9.82,22,,[],0,Sin regla,Navidad,0.0028541219989056676,Sin clasificar
22487,WHITE WOOD GARDEN PLANT LADDER,900,1632,16373.7,10.69,7,Jardín y Exterior,['Jardín y Exterior'],1,Jardín y Exterior,Jardín y Exterior,2.221351898664552,Jardín y Exterior
22488,NATURAL SLATE RECTANGLE CHALKBOARD,811,6905,11788.06,1.96,22,Decoración del Hogar,['Decoración del Hogar'],1,Decoración del Hogar,Decoración del Hogar,1.9042050371600623,Decoración del Hogar
22489,PACK OF 12 TRADITIONAL CRAYONS,795,17916,7548.67,0.51,12,,[],0,Sin regla,Cocina y Mesa,0.6597129831446636,Cocina y Mesa
22491,PACK OF 12 COLOURED PENCILS,395,7423,5950.0,0.9,12,Papelería y Tarjetería,['Papelería y Tarjetería'],1,Papelería y Tarjetería,Papelería y Tarjetería,1.7634399439007222,Papelería y Tarjetería
22492,MINI PAINT SET VINTAGE,732,43546,27817.59,0.77,22,Papelería y Tarjetería,['Papelería y Tarjetería'],1,Papelería y Tarjetería,Papelería y Tarjetería,1.3976457633464328,Papelería y Tarjetería
22493,PAINT YOUR OWN CANVAS SET,431,4738,7608.12,1.83,22,"Espejos, Relojes y Arte de Pared","['Espejos, Relojes y Arte de Pared', 'Papelería y Tarjetería']",2,"Espejos, Relojes y Arte de Pared","Espejos, Relojes y Arte de Pared",1.5525717376832664,"Espejos, Relojes y Arte de Pared"
22494,EMERGENCY FIRST AID TIN,471,2765,3730.92,1.72,22,,[],0,Sin regla,Cocina y Mesa,0.5905634876391163,Cocina y Mesa
22495,SET OF 2 ROUND TINS CAMEMBERT,239,940,2682.32,3.42,22,,[],0,Sin regla,Cocina y Mesa,0.7595573893743008,Cocina y Mesa
22496,SET OF 2 ROUND TINS DUTCH CHEESE,194,731,1996.09,3.12,22,,[],0,Sin regla,Cocina y Mesa,0.5062024887501541,Cocina y Mesa
22497,SET OF 2 TINS VINTAGE BATHROOM,280,929,4239.07,5.25,22,,[],0,Sin regla,Cocina y Mesa,0.6435584785506346,Cocina y Mesa
22498,WOODEN REGATTA BUNTING,383,1135,6933.74,6.85,22,Pascua y Fiestas,['Pascua y Fiestas'],1,Pascua y Fiestas,Pascua y Fiestas,1.9318287317321303,Pascua y Fiestas
22499,WOODEN UNION JACK BUNTING,778,3584,21826.52,6.62,17,Pascua y Fiestas,['Pascua y Fiestas'],1,Pascua y Fiestas,Pascua y Fiestas,1.6508870314383925,Pascua y Fiestas
22500,SET OF 2 TINS JARDIN DE PROVENCE,199,580,2647.31,5.19,22,,[],0,Sin regla,Cocina y Mesa,0.6396428773510083,Cocina y Mesa
22501,PICNIC BASKET WICKER LARGE,762,2612,30339.36,13.59,22,Decoración del Hogar,['Decoración del Hogar'],1,Decoración del Hogar,Decoración del Hogar,1.9313869649758442,Decoración del Hogar
22502,PICNIC BASKET WICKER SMALL,931,3766,60880.3,8.06,22,Decoración del Hogar,['Decoración del Hogar'],1,Decoración del Hogar,Decoración del Hogar,1.9232511727028152,Decoración del Hogar
22503,CABIN BAG VINTAGE PAISLEY,54,141,3178.02,25.08,9,Bolsos y Carteras,['Bolsos y Carteras'],1,Bolsos y Carteras,Bolsos y Carteras,1.9700896621189297,Bolsos y Carteras
22504,CABIN BAG VINTAGE RETROSPOT,115,366,7985.03,25.72,6,Bolsos y Carteras,['Bolsos y Carteras'],1,Bolsos y Carteras,Bolsos y Carteras,1.884536671520121,Bolsos y Carteras
22505,MEMO BOARD COTTAGE DESIGN,751,3773,18034.63,5.47,22,Decoración del Hogar,['Decoración del Hogar'],1,Decoración del Hogar,Decoración del Hogar,1.9132559347541762,Decoración del Hogar
22507,MEMO BOARD RETROSPOT DESIGN,902,5455,25603.46,5.94,22,Decoración del Hogar,['Decoración del Hogar'],1,Decoración del Hogar,Decoración del Hogar,1.8565504253663951,Decoración del Hogar
22508,DOORSTOP RETROSPOT HEART,704,2880,11561.95,4.39,39,,[],0,Sin regla,Decoración del Hogar,0.09662661840651676,Sin clasificar
22509,SEWING BOX RETROSPOT DESIGN,188,387,5130.36,15.86,4,Cajas y Almacenamiento,['Cajas y Almacenamiento'],1,Cajas y Almacenamiento,Cajas y Almacenamiento,1.811759848020501,Cajas y Almacenamiento
22510,GINGHAM BABUSHKA DOORSTOP,90,316,821.57,3.41,22,,[],0,Sin regla,Papelería y Tarjetería,0.19196128305575466,Sin clasificar
22511,RETROSPOT BABUSHKA DOORSTOP,112,397,1046.66,3.42,22,,[],0,Sin regla,Papelería y Tarjetería,0.2795897410131668,Papelería y Tarjetería
22512,DOORSTOP RACING CAR DESIGN,71,384,956.17,3.63,22,,[],0,Sin regla,Papelería y Tarjetería,0.19422429034730482,Sin clasificar
22513,DOORSTOP FOOTBALL DESIGN,171,585,1894.7,4.34,22,,[],0,Sin regla,Velas e Iluminación,0.025695157388165524,Sin clasificar
22514,CHILDS GARDEN SPADE BLUE,233,1082,2202.92,2.35,42,Jardín y Exterior,['Jardín y Exterior'],1,Jardín y Exterior,Jardín y Exterior,2.2561011503739623,Jardín y Exterior
22515,CHILDS GARDEN SPADE PINK,210,1046,2129.74,2.45,42,Jardín y Exterior,['Jardín y Exterior'],1,Jardín y Exterior,Jardín y Exterior,2.16252971792302,Jardín y Exterior
22516,CHILDS GARDEN RAKE BLUE,164,839,1700.6,2.5,42,Jardín y Exterior,['Jardín y Exterior'],1,Jardín y Exterior,Jardín y Exterior,2.0527949039556055,Jardín y Exterior
22517,CHILDS GARDEN RAKE PINK,152,806,1589.41,2.39,42,Jardín y Exterior,['Jardín y Exterior'],1,Jardín y Exterior,Jardín y Exterior,1.9765128711282438,Jardín y Exterior
22518,CHILDS GARDEN BRUSH BLUE,267,1398,2899.8,2.55,42,Jardín y Exterior,['Jardín y Exterior'],1,Jardín y Exterior,Jardín y Exterior,2.0456898226712434,Jardín y Exterior
22519,CHILDS GARDEN BRUSH PINK,260,1425,2968.77,2.48,42,Jardín y Exterior,['Jardín y Exterior'],1,Jardín y Exterior,Jardín y Exterior,1.9898874351223672,Jardín y Exterior
22520,CHILDS GARDEN TROWEL BLUE,376,2294,2011.28,0.93,42,Jardín y Exterior,['Jardín y Exterior'],1,Jardín y Exterior,Jardín y Exterior,2.163117221298856,Jardín y Exterior
22521,CHILDS GARDEN TROWEL PINK,376,2288,1987.93,0.94,42,Jardín y Exterior,['Jardín y Exterior'],1,Jardín y Exterior,Jardín y Exterior,2.0671686134322513,Jardín y Exterior
22522,CHILDS GARDEN FORK BLUE,339,2239,1905.81,0.91,42,Jardín y Exterior,"['Jardín y Exterior', 'Cocina y Mesa']",2,Jardín y Exterior,Jardín y Exterior,1.9999280949723206,Jardín y Exterior
22523,CHILDS GARDEN FORK PINK,358,2183,1882.29,0.93,42,Jardín y Exterior,"['Jardín y Exterior', 'Cocina y Mesa']",2,Jardín y Exterior,Jardín y Exterior,1.9223683214756961,Jardín y Exterior
22524,CHILDRENS GARDEN GLOVES BLUE,295,1925,2713.23,1.58,42,Jardín y Exterior,['Jardín y Exterior'],1,Jardín y Exterior,Jardín y Exterior,1.9971436687681772,Jardín y Exterior
22525,CHILDRENS GARDEN GLOVES PINK,329,1946,2748.79,1.65,42,Jardín y Exterior,['Jardín y Exterior'],1,Jardín y Exterior,Jardín y Exterior,1.9250272161630266,Jardín y Exterior
22526,WHEELBARROW FOR CHILDREN,208,544,6689.67,13.6,22,,[],0,Sin regla,Cocina y Mesa,0.20245538172264038,Cocina y Mesa
22528,GARDENERS KNEELING PAD,559,5824,7623.41,1.49,22,Jardín y Exterior,['Jardín y Exterior'],1,Jardín y Exterior,Jardín y Exterior,2.018097574284467,Jardín y Exterior
22529,MAGIC DRAWING SLATE GO TO THE FAIR,156,2437,984.03,0.46,22,,[],0,Sin regla,Papelería y Tarjetería,0.03164432771888981,Sin clasificar
22530,MAGIC DRAWING SLATE DOLLY GIRL,474,10065,4257.09,0.49,40,,[],0,Sin regla,Papelería y Tarjetería,0.18453457050705213,Sin clasificar
22531,MAGIC DRAWING SLATE CIRCUS PARADE,411,8136,3507.76,0.49,22,,[],0,Sin regla,Papelería y Tarjetería,0.2647508403339065,Papelería y Tarjetería
22532,MAGIC DRAWING SLATE LEAP FROG,180,2862,1101.1,0.45,22,,[],0,Sin regla,Papelería y Tarjetería,0.06371738783642877,Sin clasificar
22533,MAGIC DRAWING SLATE BAKE A CAKE,236,4519,1783.36,0.48,22,,[],0,Sin regla,Cocina y Mesa,0.3017640953958627,Cocina y Mesa
22534,MAGIC DRAWING SLATE SPACEBOY,600,12891,5514.79,0.5,22,,[],0,Sin regla,Papelería y Tarjetería,0.2224551158298414,Papelería y Tarjetería
22535,MAGIC DRAWING SLATE BUNNIES,301,4454,1862.49,0.47,22,Pascua y Fiestas,['Pascua y Fiestas'],1,Pascua y Fiestas,Pascua y Fiestas,1.9483542452224314,Pascua y Fiestas
22536,MAGIC DRAWING SLATE PURDEY,374,9091,3586.24,0.46,22,,[],0,Sin regla,Pascua y Fiestas,0.009187610907152033,Sin clasificar
22537,MAGIC DRAWING SLATE DINOSAUR,359,5861,2420.91,0.49,22,,[],0,Sin regla,Papelería y Tarjetería,0.10756178548349049,Sin clasificar
22538,MINI JIGSAW GO TO THE FAIR,86,1443,610.43,0.54,22,,[],0,Sin regla,Cocina y Mesa,0.05345197006469726,Sin clasificar
22539,MINI JIGSAW DOLLY GIRL,249,5654,2268.13,0.54,40,,[],0,Sin regla,Cocina y Mesa,0.004907835795961657,Sin clasificar
22540,MINI JIGSAW CIRCUS PARADE,190,6162,2410.29,0.5,22,,[],0,Sin regla,Papelería y Tarjetería,0.08669664862954019,Sin clasificar
22541,MINI JIGSAW LEAP FROG,67,1245,503.92,0.56,22,,[],0,Sin regla,Jardín y Exterior,0.18667132298102818,Sin clasificar
22543,MINI JIGSAW BAKE A CAKE,118,3247,1281.49,0.51,32,,[],0,Sin regla,Cocina y Mesa,0.6568799047333852,Cocina y Mesa
22544,MINI JIGSAW SPACEBOY,342,9382,3756.52,0.51,22,,[],0,Sin regla,Cocina y Mesa,0.018471911361923776,Sin clasificar
22545,MINI JIGSAW BUNNIES,185,3451,1421.06,0.53,22,Pascua y Fiestas,['Pascua y Fiestas'],1,Pascua y Fiestas,Pascua y Fiestas,1.931471267454685,Pascua y Fiestas
22546,MINI JIGSAW PURDEY,182,4375,1760.8,0.52,22,,[],0,Sin regla,Jardín y Exterior,0.25568358474328645,Jardín y Exterior
22547,MINI JIGSAW DINOSAUR,192,1980,846.82,0.59,22,,[],0,Sin regla,Jardín y Exterior,0.07733381709453113,Sin clasificar
22548,HEADS AND TAILS SPORTING FUN,440,3526,4404.31,1.39,22,,[],0,Sin regla,Papelería y Tarjetería,0.05592679377830434,Sin clasificar
22549,PICTURE DOMINOES,722,6521,9718.41,1.86,13,,[],0,Sin regla,Marcos y Fotografía,0.07422640139063486,Sin clasificar
22550,HOLIDAY FUN LUDO,426,2058,7669.64,4.36,22,,[],0,Sin regla,Bolsos y Carteras,0.1190181639808453,Sin clasificar
22551,PLASTERS IN TIN SPACEBOY,1314,15441,25912.87,1.81,22,,[],0,Sin regla,Cocina y Mesa,0.8020494661839505,Cocina y Mesa
22553,PLASTERS IN TIN SKULLS,1108,7794,13013.15,1.9,22,,[],0,Sin regla,Cocina y Mesa,0.6494876753558436,Cocina y Mesa
22554,PLASTERS IN TIN WOODLAND ANIMALS,1292,13588,22853.72,1.87,22,,[],0,Sin regla,Cocina y Mesa,0.6311725299116221,Cocina y Mesa
22555,PLASTERS IN TIN STRONGMAN,982,11549,18680.32,1.81,22,,[],0,Sin regla,Cocina y Mesa,0.9168237889618036,Cocina y Mesa
22556,PLASTERS IN TIN CIRCUS PARADE,1216,13585,22334.08,1.77,22,,[],0,Sin regla,Cocina y Mesa,0.5609668816439697,Cocina y Mesa
22557,PLASTERS IN TIN VINTAGE PAISLEY,1156,10369,17401.3,1.83,9,,[],0,Sin regla,Cocina y Mesa,0.6963410385567672,Cocina y Mesa
22558,CLOTHES PEGS RETROSPOT PACK 24,1212,13809,19513.17,1.67,22,,[],0,Sin regla,Cocina y Mesa,0.2878672794841548,Cocina y Mesa
22559,SEASIDE FLYING DISC,204,1583,1986.87,1.5,22,,[],0,Sin regla,Cocina y Mesa,0.5573896572512275,Cocina y Mesa
22560,TRADITIONAL MODELLING CLAY,754,14836,17861.71,1.37,22,,[],0,Sin regla,Cocina y Mesa,0.8877738714807041,Cocina y Mesa
22561,WOODEN SCHOOL COLOURING SET,922,11642,19524.27,1.74,22,Papelería y Tarjetería,['Papelería y Tarjetería'],1,Papelería y Tarjetería,Papelería y Tarjetería,1.3931729781811943,Papelería y Tarjetería
22562,MONSTERS STENCIL CRAFT,396,3978,4682.3,1.32,22,,[],0,Sin regla,Papelería y Tarjetería,1.31539611770173,Papelería y Tarjetería
22563,HAPPY STENCIL CRAFT,544,5942,6923.85,1.32,22,,[],0,Sin regla,Papelería y Tarjetería,0.9432476455644294,Papelería y Tarjetería
22564,ALPHABET STENCIL CRAFT,344,4570,5221.4,1.32,22,,[],0,Sin regla,Papelería y Tarjetería,1.4634343094090667,Papelería y Tarjetería
22565,FELTCRAFT HAIRBANDS PINK AND WHITE,282,2086,1902.19,1.03,22,Papelería y Tarjetería,['Papelería y Tarjetería'],1,Papelería y Tarjetería,Papelería y Tarjetería,1.8048273934568637,Papelería y Tarjetería
22566,FELTCRAFT HAIRBAND PINK AND PURPLE,302,2836,2373.82,0.99,22,Papelería y Tarjetería,['Papelería y Tarjetería'],1,Papelería y Tarjetería,Papelería y Tarjetería,1.8206964104178156,Papelería y Tarjetería
22567,20 DOLLY PEGS RETROSPOT,510,5561,6955.83,1.46,22,,[],0,Sin regla,Cocina y Mesa,0.19683166196535895,Sin clasificar
22568,FELTCRAFT CUSHION OWL,879,5479,20244.97,4.16,22,Textiles del Hogar,"['Textiles del Hogar', 'Papelería y Tarjetería']",2,Textiles del Hogar,Textiles del Hogar,1.8469134491343024,Textiles del Hogar
22569,FELTCRAFT CUSHION BUTTERFLY,793,5521,20104.43,4.19,22,Textiles del Hogar,"['Textiles del Hogar', 'Papelería y Tarjetería']",2,Textiles del Hogar,Textiles del Hogar,1.6929369902452525,Textiles del Hogar
22570,FELTCRAFT CUSHION RABBIT,810,5631,20901.1,4.31,22,Textiles del Hogar,"['Textiles del Hogar', 'Papelería y Tarjetería']",2,Textiles del Hogar,Textiles del Hogar,1.8456577485032382,Textiles del Hogar
22571,ROCKING HORSE RED CHRISTMAS,521,5780,5135.24,1.04,0,Navidad,['Navidad'],1,Navidad,Navidad,2.3200281280404518,Navidad
22572,ROCKING HORSE GREEN CHRISTMAS,373,3439,3087.18,1.04,0,Navidad,['Navidad'],1,Navidad,Navidad,2.3123413240223454,Navidad
22573,STAR WOODEN CHRISTMAS DECORATION,409,4907,4403.83,1.09,1,Navidad,"['Navidad', 'Decoración del Hogar']",2,Navidad,Navidad,2.227852341023644,Navidad
22574,HEART WOODEN CHRISTMAS DECORATION,420,5074,4629.17,1.07,1,Navidad,"['Navidad', 'Decoración del Hogar']",2,Navidad,Navidad,2.0830638187483186,Navidad
22575,METAL MERRY CHRISTMAS WREATH,343,3113,6699.71,2.09,0,Navidad,"['Navidad', 'Decoración del Hogar']",2,Navidad,Navidad,2.0496820574357195,Navidad
22576,SWALLOW WOODEN CHRISTMAS DECORATION,347,3132,2835.08,1.06,1,Navidad,"['Navidad', 'Decoración del Hogar']",2,Navidad,Navidad,2.035257808341061,Navidad
22577,WOODEN HEART CHRISTMAS SCANDINAVIAN,860,14023,7154.53,0.65,39,Navidad,['Navidad'],1,Navidad,Navidad,2.0453086050624236,Navidad
22578,WOODEN STAR CHRISTMAS SCANDINAVIAN,803,13302,6419.24,0.62,0,Navidad,['Navidad'],1,Navidad,Navidad,2.0991465976509933,Navidad
22579,WOODEN TREE CHRISTMAS SCANDINAVIAN,574,7152,3797.28,0.69,0,Navidad,['Navidad'],1,Navidad,Navidad,1.9700121517473472,Navidad
22580,ADVENT CALENDAR GINGHAM SACK,496,2322,13141.08,6.14,22,Navidad,['Navidad'],1,Navidad,Navidad,1.856697269905094,Navidad
22581,WOOD STOCKING CHRISTMAS SCANDISPOT,390,3565,2852.63,0.94,0,Navidad,['Navidad'],1,Navidad,Navidad,3.1871965100353243,Navidad
22582,PACK OF 6 SWEETIE GIFT BOXES,302,2522,6324.77,2.87,22,Cajas y Almacenamiento,['Cajas y Almacenamiento'],1,Cajas y Almacenamiento,Cajas y Almacenamiento,1.0321687492623177,Cajas y Almacenamiento
22583,PACK OF 6 HANDBAG GIFT BOXES,361,1873,4955.75,2.98,22,Bolsos y Carteras,"['Bolsos y Carteras', 'Cajas y Almacenamiento']",2,Bolsos y Carteras,Bolsos y Carteras,1.5332578507669952,Bolsos y Carteras
22584,PACK OF 6 PANNETONE GIFT BOXES,595,5222,13287.78,2.86,22,Cajas y Almacenamiento,['Cajas y Almacenamiento'],1,Cajas y Almacenamiento,Cajas y Almacenamiento,1.5081054293419445,Cajas y Almacenamiento
22585,PACK OF 6 BIRDY GIFT TAGS,1124,17557,21977.3,1.38,22,Papelería y Tarjetería,['Papelería y Tarjetería'],1,Papelería y Tarjetería,Papelería y Tarjetería,1.3806782444777739,Papelería y Tarjetería
22586,FELTCRAFT HAIRBAND PINK AND BLUE,300,2087,1815.14,1.0,22,Papelería y Tarjetería,['Papelería y Tarjetería'],1,Papelería y Tarjetería,Papelería y Tarjetería,1.955745738001244,Papelería y Tarjetería
22587,FELTCRAFT HAIRBAND RED AND BLUE,316,2112,1841.19,1.0,22,Papelería y Tarjetería,['Papelería y Tarjetería'],1,Papelería y Tarjetería,Papelería y Tarjetería,1.857174848434525,Papelería y Tarjetería
22588,CARD HOLDER GINGHAM HEART,490,2849,7776.84,3.1,39,Papelería y Tarjetería,['Papelería y Tarjetería'],1,Papelería y Tarjetería,Papelería y Tarjetería,1.8795862431851331,Papelería y Tarjetería
22589,CARDHOLDER GINGHAM STAR,241,1317,3626.78,3.09,22,,[],0,Sin regla,Papelería y Tarjetería,0.16195506781921998,Sin clasificar
22591,CARDHOLDER GINGHAM CHRISTMAS TREE,209,1347,3854.15,3.47,0,Navidad,['Navidad'],1,Navidad,Navidad,2.369903843113312,Navidad
22592,CARDHOLDER HOLLY WREATH METAL,306,1980,7956.84,4.43,22,Navidad,"['Navidad', 'Decoración del Hogar']",2,Navidad,Navidad,1.726075026320018,Navidad
22593,CHRISTMAS GINGHAM STAR,417,5420,4823.9,1.07,0,Navidad,['Navidad'],1,Navidad,Navidad,2.514438975639956,Navidad
22594,CHRISTMAS GINGHAM TREE,413,4791,4377.33,1.11,0,Navidad,['Navidad'],1,Navidad,Navidad,2.4882167575293894,Navidad
22595,GINGHAM HEART DECORATION,806,12535,10544.32,1.0,1,Decoración del Hogar,['Decoración del Hogar'],1,Decoración del Hogar,Decoración del Hogar,2.0921300926808915,Decoración del Hogar
22596,CHRISTMAS STAR WISH LIST CHALKBOARD,445,6331,6471.2,1.12,0,Navidad,"['Navidad', 'Decoración del Hogar']",2,Navidad,Navidad,1.3049577099569327,Navidad
22597,MUSICAL ZINC HEART DECORATION,297,4613,2766.08,0.78,1,Decoración del Hogar,['Decoración del Hogar'],1,Decoración del Hogar,Decoración del Hogar,1.9001974910474533,Decoración del Hogar
22598,CHRISTMAS MUSICAL ZINC TREE,146,1790,1131.85,0.77,0,Navidad,['Navidad'],1,Navidad,Navidad,1.990086529354048,Navidad
22599,CHRISTMAS MUSICAL ZINC STAR,191,3119,1976.88,0.74,0,Navidad,['Navidad'],1,Navidad,Navidad,2.027857919981437,Navidad
22600,CHRISTMAS RETROSPOT STAR WOOD,436,4860,4209.9,1.01,0,Navidad,['Navidad'],1,Navidad,Navidad,2.252652579822011,Navidad
22601,CHRISTMAS RETROSPOT ANGEL WOOD,422,5250,4547.19,1.02,0,Navidad,['Navidad'],1,Navidad,Navidad,2.0223168382210908,Navidad
22602,CHRISTMAS RETROSPOT HEART WOOD,549,6383,5415.59,1.03,0,Navidad,['Navidad'],1,Navidad,Navidad,2.238026943112975,Navidad
22603,CHRISTMAS RETROSPOT TREE WOOD,396,4143,3552.09,1.03,0,Navidad,['Navidad'],1,Navidad,Navidad,2.189220108211068,Navidad
22604,SET OF 4 NAPKIN CHARMS CUTLERY,251,2017,4957.62,2.75,22,Cocina y Mesa,['Cocina y Mesa'],1,Cocina y Mesa,Cocina y Mesa,2.979767352775489,Cocina y Mesa
22605,WOODEN CROQUET GARDEN SET,643,1827,23426.82,14.77,42,Jardín y Exterior,['Jardín y Exterior'],1,Jardín y Exterior,Jardín y Exterior,1.9800247130169768,Jardín y Exterior
22606,WOODEN SKITTLES GARDEN SET,377,1069,14881.94,16.36,42,Jardín y Exterior,['Jardín y Exterior'],1,Jardín y Exterior,Jardín y Exterior,1.854802431791455,Jardín y Exterior
22607,WOODEN ROUNDERS GARDEN SET,747,2533,22906.54,10.02,42,Jardín y Exterior,['Jardín y Exterior'],1,Jardín y Exterior,Jardín y Exterior,2.014985595427374,Jardín y Exterior
22608,PENS ASSORTED FUNKY JEWELED,170,5735,1573.81,0.46,22,Papelería y Tarjetería,['Papelería y Tarjetería'],1,Papelería y Tarjetería,Papelería y Tarjetería,1.689918351889279,Papelería y Tarjetería
22609,PENS ASSORTED SPACEBALL,202,7087,2414.54,0.56,22,Papelería y Tarjetería,['Papelería y Tarjetería'],1,Papelería y Tarjetería,Papelería y Tarjetería,1.8416797500558475,Papelería y Tarjetería
22610,PENS ASSORTED FUNNY FACE,288,12680,5107.54,0.56,22,Papelería y Tarjetería,['Papelería y Tarjetería'],1,Papelería y Tarjetería,Papelería y Tarjetería,1.7717567963758867,Papelería y Tarjetería
22611,VINTAGE UNION JACK SHOPPING BAG,200,907,4338.63,5.17,17,Bolsos y Carteras,['Bolsos y Carteras'],1,Bolsos y Carteras,Bolsos y Carteras,1.8631998328488333,Bolsos y Carteras
22612,TEA COSY VINTAGE UNION JACK,111,1001,3984.99,4.2,17,,[],0,Sin regla,Cocina y Mesa,0.2516338938767529,Cocina y Mesa
22613,PACK OF 20 SPACEBOY NAPKINS,280,3051,2419.76,0.97,22,Cocina y Mesa,['Cocina y Mesa'],1,Cocina y Mesa,Cocina y Mesa,1.6989073295113009,Cocina y Mesa
22614,PACK OF 12 SPACEBOY TISSUES,373,5726,1954.3,0.42,12,,[],0,Sin regla,Papelería y Tarjetería,0.29375763024763424,Papelería y Tarjetería
22615,PACK OF 12 CIRCUS PARADE TISSUES,189,3718,1145.88,0.45,12,,[],0,Sin regla,Papelería y Tarjetería,0.34979169578966934,Papelería y Tarjetería
22616,PACK OF 12 LONDON TISSUES,841,39147,12460.16,0.43,12,,[],0,Sin regla,Papelería y Tarjetería,0.4362159739404422,Papelería y Tarjetería
22617,BAKING SET SPACEBOY DESIGN,948,4251,20546.99,5.3,22,Cocina y Mesa,['Cocina y Mesa'],1,Cocina y Mesa,Cocina y Mesa,1.6376219602118338,Cocina y Mesa
22618,COOKING SET RETROSPOT,243,718,6984.35,10.47,22,,[],0,Sin regla,Cocina y Mesa,0.3473252214918296,Cocina y Mesa
22619,SET OF 6 SOLDIER SKITTLES,716,4008,15620.09,4.45,22,,[],0,Sin regla,Cocina y Mesa,0.05425692800231985,Sin clasificar
22620,4 TRADITIONAL SPINNING TOPS,857,8181,11073.45,1.57,22,,[],0,Sin regla,Cocina y Mesa,1.0534221481927504,Cocina y Mesa
22621,TRADITIONAL KNITTING NANCY,892,8726,13784.32,1.82,22,,[],0,Sin regla,Cocina y Mesa,0.7930296598220411,Cocina y Mesa
22622,BOX OF VINTAGE ALPHABET BLOCKS,574,2945,29450.11,11.39,4,Decoración del Hogar,['Decoración del Hogar'],1,Decoración del Hogar,Decoración del Hogar,1.5370733783298633,Decoración del Hogar
22623,BOX OF VINTAGE JIGSAW BLOCKS,543,2312,12432.28,5.67,4,,[],0,Sin regla,Decoración del Hogar,0.4616934236264626,Decoración del Hogar
22624,IVORY KITCHEN SCALES,1221,3152,27282.73,9.34,27,Cocina y Mesa,['Cocina y Mesa'],1,Cocina y Mesa,Cocina y Mesa,1.7493651506098176,Cocina y Mesa
22625,RED KITCHEN SCALES,950,2627,22911.55,9.73,27,Cocina y Mesa,['Cocina y Mesa'],1,Cocina y Mesa,Cocina y Mesa,1.6298437918065245,Cocina y Mesa
22626,BLACK KITCHEN SCALES,339,837,7167.48,9.23,27,Cocina y Mesa,['Cocina y Mesa'],1,Cocina y Mesa,Cocina y Mesa,1.8046909884569347,Cocina y Mesa
22627,MINT KITCHEN SCALES,654,1600,14016.8,9.47,27,Cocina y Mesa,['Cocina y Mesa'],1,Cocina y Mesa,Cocina y Mesa,1.6655144096885646,Cocina y Mesa
22628,PICNIC BOXES SET OF 3 RETROSPOT,351,1744,8367.8,5.63,22,,[],0,Sin regla,Cajas y Almacenamiento,0.5860063677852207,Cajas y Almacenamiento
22629,SPACEBOY LUNCH BOX,1379,20807,37955.5,2.17,4,Cajas y Almacenamiento,['Cajas y Almacenamiento'],1,Cajas y Almacenamiento,Cajas y Almacenamiento,2.049706930334477,Cajas y Almacenamiento
22630,DOLLY GIRL LUNCH BOX,1349,18058,33380.83,2.3,40,Cajas y Almacenamiento,['Cajas y Almacenamiento'],1,Cajas y Almacenamiento,Cajas y Almacenamiento,1.9726640094953134,Cajas y Almacenamiento
22631,CIRCUS PARADE LUNCH BOX,673,6272,12241.85,2.5,4,Cajas y Almacenamiento,['Cajas y Almacenamiento'],1,Cajas y Almacenamiento,Cajas y Almacenamiento,1.8650669940403366,Cajas y Almacenamiento
22632,HAND WARMER RED RETROSPOT,803,10290,20540.33,2.2,22,Botellas de Agua Caliente y Confort,['Botellas de Agua Caliente y Confort'],1,Botellas de Agua Caliente y Confort,Botellas de Agua Caliente y Confort,1.9217907457420034,Botellas de Agua Caliente y Confort
22633,HAND WARMER UNION JACK,900,8541,17576.67,2.21,17,Botellas de Agua Caliente y Confort,['Botellas de Agua Caliente y Confort'],1,Botellas de Agua Caliente y Confort,Botellas de Agua Caliente y Confort,1.675049417423553,Botellas de Agua Caliente y Confort
22634,CHILDS BREAKFAST SET SPACEBOY,501,1688,15946.55,10.16,22,,[],0,Sin regla,Cocina y Mesa,0.6914783065568657,Cocina y Mesa
22635,CHILDS BREAKFAST SET DOLLY GIRL,487,1660,15795.01,10.3,40,,[],0,Sin regla,Cocina y Mesa,0.6523694797815225,Cocina y Mesa
22636,CHILDS BREAKFAST SET CIRCUS PARADE,493,1618,13437.03,8.81,22,,[],0,Sin regla,Cocina y Mesa,0.49270348295682453,Cocina y Mesa
22637,PIGGY BANK RETROSPOT,599,4478,11492.82,3.02,22,,[],0,Sin regla,Papelería y Tarjetería,0.05903127539263209,Sin clasificar
22638,SET OF 4 NAPKIN CHARMS CROWNS,74,405,735.23,2.35,22,Cocina y Mesa,['Cocina y Mesa'],1,Cocina y Mesa,Cocina y Mesa,2.018609605930664,Cocina y Mesa
22639,SET OF 4 NAPKIN CHARMS HEARTS,281,1651,4021.12,2.71,22,Cocina y Mesa,['Cocina y Mesa'],1,Cocina y Mesa,Cocina y Mesa,2.0593211111344396,Cocina y Mesa
22640,SET OF 4 NAPKIN CHARMS 3 KEYS,88,357,765.39,2.56,22,Cocina y Mesa,['Cocina y Mesa'],1,Cocina y Mesa,Cocina y Mesa,1.9347397412852547,Cocina y Mesa
22641,SET OF 4 NAPKIN CHARMS INSTRUMENT,69,300,704.9,2.6,22,Cocina y Mesa,['Cocina y Mesa'],1,Cocina y Mesa,Cocina y Mesa,1.985790488177424,Cocina y Mesa
22642,SET OF 4 NAPKIN CHARMS STARS,146,989,2348.47,2.58,22,Cocina y Mesa,['Cocina y Mesa'],1,Cocina y Mesa,Cocina y Mesa,1.9341655077323794,Cocina y Mesa
22643,SET OF 4 NAPKIN CHARMS LEAVES,96,464,1006.24,2.4,22,Cocina y Mesa,['Cocina y Mesa'],1,Cocina y Mesa,Cocina y Mesa,1.730844811628512,Cocina y Mesa
22644,CERAMIC CHERRY CAKE MONEY BANK,614,4857,7069.88,1.97,32,,[],0,Sin regla,Cajas y Almacenamiento,0.42233110472634894,Cajas y Almacenamiento
22645,CERAMIC HEART FAIRY CAKE MONEY BANK,747,5560,9925.13,2.02,32,,[],0,Sin regla,Cajas y Almacenamiento,0.5541970975134989,Cajas y Almacenamiento
22646,CERAMIC STRAWBERRY CAKE MONEY BANK,892,8913,12654.71,1.87,32,,[],0,Sin regla,Cajas y Almacenamiento,0.11001634607199362,Sin clasificar
22647,CERAMIC LOVE HEART MONEY BANK,82,1058,919.63,1.54,31,,[],0,Sin regla,Cajas y Almacenamiento,0.6849405353788105,Cajas y Almacenamiento
22649,STRAWBERRY FAIRY CAKE TEAPOT,493,2302,11541.78,5.76,32,Cocina y Mesa,['Cocina y Mesa'],1,Cocina y Mesa,Cocina y Mesa,1.7017322955718786,Cocina y Mesa
22650,CERAMIC PIRATE CHEST MONEY BANK,285,1786,2717.88,1.85,22,Cajas y Almacenamiento,['Cajas y Almacenamiento'],1,Cajas y Almacenamiento,Cajas y Almacenamiento,2.379452933661945,Cajas y Almacenamiento
22651,GENTLEMAN SHIRT REPAIR KIT,272,3175,2720.86,1.16,22,,[],0,Sin regla,Papelería y Tarjetería,0.9437244834109384,Papelería y Tarjetería
22652,TRAVEL SEWING KIT,844,9910,16794.05,1.91,22,,[],0,Sin regla,Papelería y Tarjetería,0.3047529656601892,Papelería y Tarjetería
22653,BUTTON BOX,384,3031,5618.21,2.04,4,,[],0,Sin regla,Cajas y Almacenamiento,0.712981275628719,Cajas y Almacenamiento
22654,DELUXE SEWING KIT,602,2534,16971.27,7.36,22,,[],0,Sin regla,Papelería y Tarjetería,0.6659873803344808,Papelería y Tarjetería
22655,VINTAGE RED KITCHEN CABINET,53,76,12845.0,186.32,27,Cajas y Almacenamiento,['Cajas y Almacenamiento'],1,Cajas y Almacenamiento,Cajas y Almacenamiento,1.7842158571221165,Cajas y Almacenamiento
22656,VINTAGE BLUE KITCHEN CABINET,37,45,9290.0,214.86,27,Cajas y Almacenamiento,['Cajas y Almacenamiento'],1,Cajas y Almacenamiento,Cajas y Almacenamiento,1.9121811324626612,Cajas y Almacenamiento
22657,HEN 2 CHICKS IN BASKET,7,59,50.15,0.85,22,,[],0,Sin regla,Decoración del Hogar,0.5158114682033205,Decoración del Hogar
22659,LUNCH BOX I LOVE LONDON,1098,15942,29563.81,2.33,31,Cajas y Almacenamiento,['Cajas y Almacenamiento'],1,Cajas y Almacenamiento,Cajas y Almacenamiento,1.8802325036832634,Cajas y Almacenamiento
22660,DOORMAT I LOVE LONDON,194,881,5839.41,9.1,31,Jardín y Exterior,['Jardín y Exterior'],1,Jardín y Exterior,Jardín y Exterior,1.8890887013670263,Jardín y Exterior
22661,CHARLOTTE BAG DOLLY GIRL DESIGN,638,8199,6620.45,0.96,40,Bolsos y Carteras,['Bolsos y Carteras'],1,Bolsos y Carteras,Bolsos y Carteras,1.9292435657224882,Bolsos y Carteras
22662,LUNCH BAG DOLLY GIRL DESIGN,1005,9951,16213.61,1.92,40,Bolsos y Carteras,['Bolsos y Carteras'],1,Bolsos y Carteras,Bolsos y Carteras,1.9243726274568318,Bolsos y Carteras
22663,JUMBO BAG DOLLY GIRL DESIGN,691,5764,11465.29,2.44,40,Bolsos y Carteras,['Bolsos y Carteras'],1,Bolsos y Carteras,Bolsos y Carteras,1.9973881001469669,Bolsos y Carteras
22664,TOY TIDY DOLLY GIRL DESIGN,266,1429,2954.19,2.76,40,,[],0,Sin regla,Cocina y Mesa,0.2157012096174949,Cocina y Mesa
22665,RECIPE BOX BLUE SKETCHBOOK DESIGN,707,2955,9589.84,3.77,4,,[],0,Sin regla,Cocina y Mesa,0.096372770423303,Sin clasificar
22666,RECIPE BOX PANTRY YELLOW DESIGN,1671,10706,33682.62,3.6,27,Cocina y Mesa,['Cocina y Mesa'],1,Cocina y Mesa,Cocina y Mesa,1.34278713148562,Cocina y Mesa
22667,RECIPE BOX RETROSPOT,858,4845,13586.35,2.99,4,,[],0,Sin regla,Cajas y Almacenamiento,0.3231104004586195,Cajas y Almacenamiento
22668,PINK BABY BUNTING,579,3587,10898.05,3.92,22,Pascua y Fiestas,['Pascua y Fiestas'],1,Pascua y Fiestas,Pascua y Fiestas,1.9205219328637377,Pascua y Fiestas
22669,RED BABY BUNTING,441,2386,7613.94,3.63,22,Pascua y Fiestas,['Pascua y Fiestas'],1,Pascua y Fiestas,Pascua y Fiestas,1.9814570544080614,Pascua y Fiestas
22670,FRENCH WC SIGN BLUE METAL,432,4432,5510.57,1.57,11,Carteles y Señalética,['Carteles y Señalética'],1,Carteles y Señalética,Carteles y Señalética,2.172515830060532,Carteles y Señalética
22671,FRENCH LAUNDRY SIGN BLUE METAL,247,1688,2811.34,2.04,11,Carteles y Señalética,['Carteles y Señalética'],1,Carteles y Señalética,Carteles y Señalética,1.9677309453089542,Carteles y Señalética
22672,FRENCH BATHROOM SIGN BLUE METAL,376,2850,4736.11,1.95,11,Carteles y Señalética,['Carteles y Señalética'],1,Carteles y Señalética,Carteles y Señalética,1.5606399298309326,Carteles y Señalética
22673,FRENCH GARDEN SIGN BLUE METAL,196,1320,1667.5,1.45,11,Jardín y Exterior,"['Jardín y Exterior', 'Carteles y Señalética']",2,Jardín y Exterior,Carteles y Señalética,0.7953176862680431,Carteles y Señalética
22674,FRENCH TOILET SIGN BLUE METAL,300,2377,2956.33,1.45,11,Carteles y Señalética,['Carteles y Señalética'],1,Carteles y Señalética,Carteles y Señalética,2.015114152665003,Carteles y Señalética
22675,FRENCH KITCHEN SIGN BLUE METAL,273,2227,2754.95,1.44,11,Carteles y Señalética,['Carteles y Señalética'],1,Carteles y Señalética,Carteles y Señalética,1.9988548078543953,Carteles y Señalética
22676,FRENCH BLUE METAL DOOR SIGN 1,307,1830,2464.98,1.59,11,Carteles y Señalética,['Carteles y Señalética'],1,Carteles y Señalética,Carteles y Señalética,2.0297703476396833,Carteles y Señalética
22677,FRENCH BLUE METAL DOOR SIGN 2,281,1583,2143.03,1.64,11,Carteles y Señalética,['Carteles y Señalética'],1,Carteles y Señalética,Carteles y Señalética,2.0338399172581823,Carteles y Señalética
22678,FRENCH BLUE METAL DOOR SIGN 3,248,1400,1875.53,1.61,11,Carteles y Señalética,['Carteles y Señalética'],1,Carteles y Señalética,Carteles y Señalética,2.0353735906076307,Carteles y Señalética
22679,FRENCH BLUE METAL DOOR SIGN 4,230,1263,1695.68,1.63,11,Carteles y Señalética,['Carteles y Señalética'],1,Carteles y Señalética,Carteles y Señalética,2.0369871863746605,Carteles y Señalética
22680,FRENCH BLUE METAL DOOR SIGN 5,232,1356,1820.45,1.59,11,Carteles y Señalética,['Carteles y Señalética'],1,Carteles y Señalética,Carteles y Señalética,2.0297669116640433,Carteles y Señalética
22681,FRENCH BLUE METAL DOOR SIGN 6,192,1167,1559.52,1.62,11,Carteles y Señalética,['Carteles y Señalética'],1,Carteles y Señalética,Carteles y Señalética,2.0376451113809453,Carteles y Señalética
22682,FRENCH BLUE METAL DOOR SIGN 7,183,1166,1521.86,1.53,11,Carteles y Señalética,['Carteles y Señalética'],1,Carteles y Señalética,Carteles y Señalética,2.0231224622238235,Carteles y Señalética
22683,FRENCH BLUE METAL DOOR SIGN 8,192,1131,1501.66,1.59,11,Carteles y Señalética,['Carteles y Señalética'],1,Carteles y Señalética,Carteles y Señalética,2.023123533673259,Carteles y Señalética
22684,FRENCH BLUE METAL DOOR SIGN 9,165,1012,1342.44,1.59,11,Carteles y Señalética,['Carteles y Señalética'],1,Carteles y Señalética,Carteles y Señalética,2.0286838368263016,Carteles y Señalética
22685,FRENCH BLUE METAL DOOR SIGN 0,161,1082,1395.84,1.46,11,Carteles y Señalética,['Carteles y Señalética'],1,Carteles y Señalética,Carteles y Señalética,2.042460827097239,Carteles y Señalética
22686,FRENCH BLUE METAL DOOR SIGN NO,221,1406,1857.39,1.82,11,Carteles y Señalética,['Carteles y Señalética'],1,Carteles y Señalética,Carteles y Señalética,1.9334214511751004,Carteles y Señalética
22687,DOORMAT CHRISTMAS VILLAGE,149,895,5784.67,9.82,0,Navidad,"['Navidad', 'Jardín y Exterior']",2,Navidad,Navidad,1.7487411142484328,Navidad
22688,DOORMAT PEACE ON EARTH BLUE,93,865,4756.7,8.46,22,Jardín y Exterior,['Jardín y Exterior'],1,Jardín y Exterior,Jardín y Exterior,1.7504979499727789,Jardín y Exterior
22689,DOORMAT MERRY CHRISTMAS RED,265,1092,8366.72,9.38,0,Navidad,"['Navidad', 'Jardín y Exterior']",2,Navidad,Navidad,1.7614390509438873,Navidad
22690,DOORMAT HOME SWEET HOME BLUE,438,2530,15836.35,8.21,22,Jardín y Exterior,['Jardín y Exterior'],1,Jardín y Exterior,Jardín y Exterior,1.5982830414158682,Jardín y Exterior
22691,DOORMAT WELCOME SUNRISE,218,758,5198.6,8.92,22,Jardín y Exterior,['Jardín y Exterior'],1,Jardín y Exterior,Jardín y Exterior,1.9797176257126416,Jardín y Exterior
22692,DOORMAT WELCOME TO OUR HOME,606,2135,15965.95,9.48,22,Jardín y Exterior,['Jardín y Exterior'],1,Jardín y Exterior,Jardín y Exterior,1.8383174231348707,Jardín y Exterior
22693,GROW A FLYTRAP OR SUNFLOWER IN TIN,351,17875,20469.08,1.46,22,,[],0,Sin regla,Cocina y Mesa,0.2067311673089544,Cocina y Mesa
22694,WICKER STAR,870,4893,10958.6,2.4,22,Decoración del Hogar,['Decoración del Hogar'],1,Decoración del Hogar,Decoración del Hogar,2.0739464447746903,Decoración del Hogar
22695,WICKER WREATH SMALL,230,1457,2070.15,1.71,22,Decoración del Hogar,['Decoración del Hogar'],1,Decoración del Hogar,Decoración del Hogar,2.6918832834250406,Decoración del Hogar
22696,WICKER WREATH LARGE,295,1415,2790.83,2.26,22,Decoración del Hogar,['Decoración del Hogar'],1,Decoración del Hogar,Decoración del Hogar,2.6797305640543714,Decoración del Hogar
22697,GREEN REGENCY TEACUP AND SAUCER,1365,9795,30425.05,3.78,22,Cocina y Mesa,['Cocina y Mesa'],1,Cocina y Mesa,Cocina y Mesa,2.2373902162002475,Cocina y Mesa
22698,PINK REGENCY TEACUP AND SAUCER,1039,8193,24374.62,3.69,22,Cocina y Mesa,['Cocina y Mesa'],1,Cocina y Mesa,Cocina y Mesa,2.2381599190995054,Cocina y Mesa
22699,ROSES REGENCY TEACUP AND SAUCER,1437,13070,38249.5,3.61,22,Cocina y Mesa,['Cocina y Mesa'],1,Cocina y Mesa,Cocina y Mesa,2.3097972348591296,Cocina y Mesa
22700,BLACK AND WHITE DOG BOWL,98,1384,3155.4,2.84,44,Cocina y Mesa,['Cocina y Mesa'],1,Cocina y Mesa,Cocina y Mesa,2.02812471245159,Cocina y Mesa
22701,PINK DOG BOWL,159,675,1320.57,2.84,44,Cocina y Mesa,['Cocina y Mesa'],1,Cocina y Mesa,Cocina y Mesa,2.463388995216216,Cocina y Mesa
22702,BLACK AND WHITE CAT BOWL,95,1589,3156.32,2.18,44,Cocina y Mesa,['Cocina y Mesa'],1,Cocina y Mesa,Cocina y Mesa,1.981917077546099,Cocina y Mesa
22703,PINK CAT BOWL,165,513,921.81,1.93,44,Cocina y Mesa,['Cocina y Mesa'],1,Cocina y Mesa,Cocina y Mesa,2.2877385093009606,Cocina y Mesa
22704,WRAP RED APPLES,295,8678,3564.76,0.42,37,Papelería y Tarjetería,['Papelería y Tarjetería'],1,Papelería y Tarjetería,Papelería y Tarjetería,1.8633580231324838,Papelería y Tarjetería
22705,WRAP GREEN PEARS,151,3733,1567.86,0.42,37,Papelería y Tarjetería,['Papelería y Tarjetería'],1,Papelería y Tarjetería,Papelería y Tarjetería,1.9633122767077047,Papelería y Tarjetería
22706,WRAP COWBOYS,125,4222,1693.24,0.42,37,Papelería y Tarjetería,['Papelería y Tarjetería'],1,Papelería y Tarjetería,Papelería y Tarjetería,1.9896532132746612,Papelería y Tarjetería
22707,WRAP MONSTER FUN,83,2157,905.94,0.42,37,Papelería y Tarjetería,['Papelería y Tarjetería'],1,Papelería y Tarjetería,Papelería y Tarjetería,1.8221357390930313,Papelería y Tarjetería
22708,WRAP DOLLY GIRL,159,5325,2140.5,0.42,40,Papelería y Tarjetería,['Papelería y Tarjetería'],1,Papelería y Tarjetería,Papelería y Tarjetería,2.0998727718082173,Papelería y Tarjetería
22709,WRAP WEDDING DAY,77,2799,1099.58,0.42,37,Papelería y Tarjetería,['Papelería y Tarjetería'],1,Papelería y Tarjetería,Papelería y Tarjetería,1.9431506234067917,Papelería y Tarjetería
22710,WRAP I LOVE LONDON,173,7184,2821.28,0.42,31,Papelería y Tarjetería,['Papelería y Tarjetería'],1,Papelería y Tarjetería,Papelería y Tarjetería,1.9248564585309478,Papelería y Tarjetería
22711,WRAP CIRCUS PARADE,181,5377,2210.34,0.42,37,Papelería y Tarjetería,['Papelería y Tarjetería'],1,Papelería y Tarjetería,Papelería y Tarjetería,1.7705770063602988,Papelería y Tarjetería
22712,CARD DOLLY GIRL,509,7295,3002.42,0.55,40,Papelería y Tarjetería,['Papelería y Tarjetería'],1,Papelería y Tarjetería,Papelería y Tarjetería,1.9166090251173027,Papelería y Tarjetería
22713,CARD I LOVE LONDON,370,6084,2616.12,0.56,31,Papelería y Tarjetería,['Papelería y Tarjetería'],1,Papelería y Tarjetería,Papelería y Tarjetería,1.7041160538703708,Papelería y Tarjetería
22714,CARD BIRTHDAY COWBOY,359,5277,2157.91,0.54,14,Papelería y Tarjetería,['Papelería y Tarjetería'],1,Papelería y Tarjetería,Papelería y Tarjetería,2.235103322376202,Papelería y Tarjetería
22715,CARD WEDDING DAY,218,2717,1133.93,0.51,22,Papelería y Tarjetería,['Papelería y Tarjetería'],1,Papelería y Tarjetería,Papelería y Tarjetería,1.8808595762789375,Papelería y Tarjetería
22716,CARD CIRCUS PARADE,447,5218,2211.41,0.52,22,Papelería y Tarjetería,['Papelería y Tarjetería'],1,Papelería y Tarjetería,Papelería y Tarjetería,1.658309805533469,Papelería y Tarjetería
22717,CARD DOG AND BALL,215,2405,1018.42,0.54,22,Papelería y Tarjetería,['Papelería y Tarjetería'],1,Papelería y Tarjetería,Papelería y Tarjetería,1.7034803807766807,Papelería y Tarjetería
22718,CARD CAT AND TREE,264,2605,1141.36,0.57,22,Papelería y Tarjetería,['Papelería y Tarjetería'],1,Papelería y Tarjetería,Papelería y Tarjetería,1.8968137153566476,Papelería y Tarjetería
22719,GUMBALL MONOCHROME COAT RACK,238,1467,1987.83,1.88,22,Cajas y Almacenamiento,['Cajas y Almacenamiento'],1,Cajas y Almacenamiento,Cajas y Almacenamiento,1.9577892914200852,Cajas y Almacenamiento
22720,SET OF 3 CAKE TINS PANTRY DESIGN,1392,7483,38108.89,5.83,27,Cocina y Mesa,['Cocina y Mesa'],1,Cocina y Mesa,Cocina y Mesa,2.6678426479309065,Cocina y Mesa
22721,SET OF 3 CAKE TINS SKETCHBOOK,298,1020,4671.81,5.4,32,Cocina y Mesa,['Cocina y Mesa'],1,Cocina y Mesa,Cocina y Mesa,1.8205108257563782,Cocina y Mesa
22722,SET OF 6 SPICE TINS PANTRY DESIGN,848,5972,24459.96,4.68,27,Cocina y Mesa,['Cocina y Mesa'],1,Cocina y Mesa,Cocina y Mesa,2.102793384661613,Cocina y Mesa
22723,SET OF 6 HERB TINS SKETCHBOOK,298,1164,4262.82,4.3,22,,[],0,Sin regla,Cocina y Mesa,1.0036560581295766,Cocina y Mesa
22725,ALARM CLOCK BAKELIKE CHOCOLATE,556,2518,10324.92,4.73,16,"Espejos, Relojes y Arte de Pared","['Espejos, Relojes y Arte de Pared']",1,"Espejos, Relojes y Arte de Pared","Espejos, Relojes y Arte de Pared",1.9342585381135062,"Espejos, Relojes y Arte de Pared"
22726,ALARM CLOCK BAKELIKE GREEN,1285,7671,32609.32,4.47,16,"Espejos, Relojes y Arte de Pared","['Espejos, Relojes y Arte de Pared']",1,"Espejos, Relojes y Arte de Pared","Espejos, Relojes y Arte de Pared",2.0134262495022086,"Espejos, Relojes y Arte de Pared"
22727,ALARM CLOCK BAKELIKE RED,1380,9234,36543.77,4.37,16,"Espejos, Relojes y Arte de Pared","['Espejos, Relojes y Arte de Pared']",1,"Espejos, Relojes y Arte de Pared","Espejos, Relojes y Arte de Pared",2.1093087466403526,"Espejos, Relojes y Arte de Pared"
22728,ALARM CLOCK BAKELIKE PINK,980,6215,24257.31,4.53,16,"Espejos, Relojes y Arte de Pared","['Espejos, Relojes y Arte de Pared']",1,"Espejos, Relojes y Arte de Pared","Espejos, Relojes y Arte de Pared",2.117613914698205,"Espejos, Relojes y Arte de Pared"
22729,ALARM CLOCK BAKELIKE ORANGE,620,2999,11864.0,4.47,16,"Espejos, Relojes y Arte de Pared","['Espejos, Relojes y Arte de Pared']",1,"Espejos, Relojes y Arte de Pared","Espejos, Relojes y Arte de Pared",1.959942794702715,"Espejos, Relojes y Arte de Pared"
22730,ALARM CLOCK BAKELIKE IVORY,749,3702,14867.27,4.4,16,"Espejos, Relojes y Arte de Pared","['Espejos, Relojes y Arte de Pared']",1,"Espejos, Relojes y Arte de Pared","Espejos, Relojes y Arte de Pared",2.034545047529172,"Espejos, Relojes y Arte de Pared"
22731,3D CHRISTMAS STAMPS STICKERS,269,2958,3965.62,1.5,13,Navidad,"['Navidad', 'Papelería y Tarjetería']",2,Navidad,Navidad,1.9277235305964016,Navidad
22732,3D VINTAGE CHRISTMAS STICKERS,342,3773,5001.84,1.54,13,Navidad,"['Navidad', 'Papelería y Tarjetería']",2,Navidad,Navidad,2.2251411667923575,Navidad
22733,3D TRADITIONAL CHRISTMAS STICKERS,344,3441,4425.49,1.51,13,Navidad,"['Navidad', 'Papelería y Tarjetería']",2,Navidad,Navidad,1.914453109810839,Navidad
22734,SET OF 6 RIBBONS VINTAGE CHRISTMAS,774,9772,26763.75,3.26,0,Navidad,"['Navidad', 'Papelería y Tarjetería']",2,Navidad,Navidad,2.007462263835272,Navidad
22735,RIBBON REEL SOCKS AND MITTENS,235,1434,2541.38,2.34,22,Papelería y Tarjetería,['Papelería y Tarjetería'],1,Papelería y Tarjetería,Papelería y Tarjetería,1.898849170294745,Papelería y Tarjetería
22736,RIBBON REEL MAKING SNOWMEN,414,2527,4538.28,2.22,22,Papelería y Tarjetería,['Papelería y Tarjetería'],1,Papelería y Tarjetería,Papelería y Tarjetería,1.6859953135275862,Papelería y Tarjetería
22737,RIBBON REEL CHRISTMAS PRESENT,503,3266,5840.43,2.14,0,Navidad,"['Navidad', 'Papelería y Tarjetería']",2,Navidad,Navidad,1.7424461847137387,Navidad
22738,RIBBON REEL SNOWY VILLAGE,500,4447,8012.57,2.19,22,Papelería y Tarjetería,['Papelería y Tarjetería'],1,Papelería y Tarjetería,Papelería y Tarjetería,1.9637588362735057,Papelería y Tarjetería
22739,RIBBON REEL CHRISTMAS SOCK BAUBLE,607,4021,7357.44,2.21,0,Navidad,"['Navidad', 'Papelería y Tarjetería']",2,Navidad,Navidad,3.3585921764360243,Navidad
22740,POLKADOT PEN,301,13345,11395.31,1.09,22,Papelería y Tarjetería,['Papelería y Tarjetería'],1,Papelería y Tarjetería,Papelería y Tarjetería,1.9190414892270091,Papelería y Tarjetería
22741,FUNKY DIVA PEN,293,10652,9173.03,1.1,22,Papelería y Tarjetería,['Papelería y Tarjetería'],1,Papelería y Tarjetería,Papelería y Tarjetería,2.0705167584032873,Papelería y Tarjetería
22742,MAKE YOUR OWN PLAYTIME CARD KIT,182,1002,2475.3,3.09,22,Papelería y Tarjetería,['Papelería y Tarjetería'],1,Papelería y Tarjetería,Papelería y Tarjetería,2.0141480928100464,Papelería y Tarjetería
22743,MAKE YOUR OWN FLOWERPOWER CARD KIT,358,1502,4542.5,3.58,22,Papelería y Tarjetería,['Papelería y Tarjetería'],1,Papelería y Tarjetería,Papelería y Tarjetería,1.8310320666122153,Papelería y Tarjetería
22744,MAKE YOUR OWN MONSOON CARD KIT,305,1515,4245.17,3.22,22,Papelería y Tarjetería,['Papelería y Tarjetería'],1,Papelería y Tarjetería,Papelería y Tarjetería,1.97063491074794,Papelería y Tarjetería
22745,POPPY S PLAYHOUSE BEDROOM,712,3976,9764.64,2.48,22,,[],0,Sin regla,Cocina y Mesa,0.09169633345605621,Sin clasificar
22746,POPPY S PLAYHOUSE LIVINGROOM,571,2910,6699.25,2.43,22,,[],0,Sin regla,Cocina y Mesa,0.1389276905570206,Sin clasificar
22747,POPPY S PLAYHOUSE BATHROOM,406,2035,4487.2,2.41,22,,[],0,Sin regla,Cocina y Mesa,0.09226081293268817,Sin clasificar
22748,POPPY S PLAYHOUSE KITCHEN,752,4142,10161.4,2.41,27,,[],0,Sin regla,Cocina y Mesa,0.5394524857299166,Cocina y Mesa
22749,FELTCRAFT PRINCESS CHARLOTTE DOLL,696,3759,15354.35,4.08,22,Papelería y Tarjetería,['Papelería y Tarjetería'],1,Papelería y Tarjetería,Papelería y Tarjetería,1.853442475742849,Papelería y Tarjetería
22750,FELTCRAFT PRINCESS LOLA DOLL,652,3125,11697.6,4.03,22,Papelería y Tarjetería,['Papelería y Tarjetería'],1,Papelería y Tarjetería,Papelería y Tarjetería,1.8856043810565524,Papelería y Tarjetería
22751,FELTCRAFT PRINCESS OLIVIA DOLL,470,2264,8445.97,4.14,22,Papelería y Tarjetería,['Papelería y Tarjetería'],1,Papelería y Tarjetería,Papelería y Tarjetería,1.9583724065069699,Papelería y Tarjetería
22752,SET 7 BABUSHKA NESTING BOXES,700,3459,28139.45,9.46,22,Cajas y Almacenamiento,['Cajas y Almacenamiento'],1,Cajas y Almacenamiento,Cajas y Almacenamiento,1.9209211728495186,Cajas y Almacenamiento
22753,SMALL YELLOW BABUSHKA NOTEBOOK,410,2332,1915.21,0.95,41,Papelería y Tarjetería,['Papelería y Tarjetería'],1,Papelería y Tarjetería,Papelería y Tarjetería,1.8753868170910934,Papelería y Tarjetería
22754,SMALL RED BABUSHKA NOTEBOOK,497,3924,3044.86,0.99,41,Papelería y Tarjetería,['Papelería y Tarjetería'],1,Papelería y Tarjetería,Papelería y Tarjetería,1.9293064631819143,Papelería y Tarjetería
22755,SMALL PURPLE BABUSHKA NOTEBOOK,507,3776,2997.63,0.98,41,Papelería y Tarjetería,['Papelería y Tarjetería'],1,Papelería y Tarjetería,Papelería y Tarjetería,1.8962609733615792,Papelería y Tarjetería
22756,LARGE YELLOW BABUSHKA NOTEBOOK,216,1204,1393.45,1.4,41,Papelería y Tarjetería,['Papelería y Tarjetería'],1,Papelería y Tarjetería,Papelería y Tarjetería,1.8809059502714793,Papelería y Tarjetería
22757,LARGE RED BABUSHKA NOTEBOOK,313,2696,3070.18,1.52,41,Papelería y Tarjetería,['Papelería y Tarjetería'],1,Papelería y Tarjetería,Papelería y Tarjetería,1.976398685413188,Papelería y Tarjetería
22758,LARGE PURPLE BABUSHKA NOTEBOOK,318,2437,2618.35,1.53,41,Papelería y Tarjetería,['Papelería y Tarjetería'],1,Papelería y Tarjetería,Papelería y Tarjetería,1.8808100582888612,Papelería y Tarjetería
22759,SET OF 3 NOTEBOOKS IN PARCEL,812,9380,15866.56,1.97,22,Papelería y Tarjetería,['Papelería y Tarjetería'],1,Papelería y Tarjetería,Papelería y Tarjetería,1.6730919093235834,Papelería y Tarjetería
22760,TRAY BREAKFAST IN BED,120,356,4506.89,14.21,43,,[],0,Sin regla,Cocina y Mesa,0.4567062407833035,Cocina y Mesa
22761,CHEST 7 DRAWER MA CAMPAGNE,34,48,1182.78,25.31,22,Cajas y Almacenamiento,['Cajas y Almacenamiento'],1,Cajas y Almacenamiento,Cajas y Almacenamiento,1.716120151972928,Cajas y Almacenamiento
22762,CUPBOARD 3 DRAWER MA CAMPAGNE,133,204,3276.62,17.34,22,,[],0,Sin regla,Cocina y Mesa,0.04965010525151037,Sin clasificar
22763,KEY CABINET MA CAMPAGNE,135,662,5430.59,11.09,22,Cajas y Almacenamiento,['Cajas y Almacenamiento'],1,Cajas y Almacenamiento,Cajas y Almacenamiento,1.2147170790305881,Cajas y Almacenamiento
22764,RUSTIC WOODEN CABINET GLASS DOORS,25,183,3462.49,24.58,22,Cajas y Almacenamiento,['Cajas y Almacenamiento'],1,Cajas y Almacenamiento,Cajas y Almacenamiento,1.8741232388029376,Cajas y Almacenamiento
22765,NEWSPAPER STAND,53,311,3508.3,17.09,32,,[],0,Sin regla,Cocina y Mesa,0.9117543906973948,Cocina y Mesa
22766,PHOTO FRAME CORNICE,645,4367,12864.25,3.18,33,Marcos y Fotografía,['Marcos y Fotografía'],1,Marcos y Fotografía,Marcos y Fotografía,2.6530304415777204,Marcos y Fotografía
22767,TRIPLE PHOTO FRAME CORNICE,297,1004,9478.23,10.32,33,Marcos y Fotografía,['Marcos y Fotografía'],1,Marcos y Fotografía,Marcos y Fotografía,2.3979635428691655,Marcos y Fotografía
22768,FAMILY PHOTO FRAME CORNICE,356,1158,11064.72,10.68,33,Marcos y Fotografía,['Marcos y Fotografía'],1,Marcos y Fotografía,Marcos y Fotografía,2.1826045469498094,Marcos y Fotografía
22769,CHALKBOARD KITCHEN ORGANISER,45,174,3656.86,29.07,27,Decoración del Hogar,['Decoración del Hogar'],1,Decoración del Hogar,Decoración del Hogar,1.9336416330492012,Decoración del Hogar
22770,MIRROR CORNICE,71,112,1799.62,16.33,20,"Espejos, Relojes y Arte de Pared","['Espejos, Relojes y Arte de Pared']",1,"Espejos, Relojes y Arte de Pared","Espejos, Relojes y Arte de Pared",2.365111542935353,"Espejos, Relojes y Arte de Pared"
22771,CLEAR DRAWER KNOB ACRYLIC EDWARDIAN,520,7489,10147.08,1.54,10,Cajas y Almacenamiento,['Cajas y Almacenamiento'],1,Cajas y Almacenamiento,Cajas y Almacenamiento,1.8513785130970661,Cajas y Almacenamiento
22772,PINK DRAWER KNOB ACRYLIC EDWARDIAN,316,4377,5914.92,1.65,10,Cajas y Almacenamiento,['Cajas y Almacenamiento'],1,Cajas y Almacenamiento,Cajas y Almacenamiento,2.0156887584836696,Cajas y Almacenamiento
22773,GREEN DRAWER KNOB ACRYLIC EDWARDIAN,231,2392,3171.11,1.54,10,Cajas y Almacenamiento,['Cajas y Almacenamiento'],1,Cajas y Almacenamiento,Cajas y Almacenamiento,1.963939364776369,Cajas y Almacenamiento
22774,RED DRAWER KNOB ACRYLIC EDWARDIAN,185,2791,3591.06,1.56,10,Cajas y Almacenamiento,['Cajas y Almacenamiento'],1,Cajas y Almacenamiento,Cajas y Almacenamiento,2.009412831429731,Cajas y Almacenamiento
22775,PURPLE DRAWERKNOB ACRYLIC EDWARDIAN,291,3633,5190.03,1.7,22,,[],0,Sin regla,Cajas y Almacenamiento,0.8896523737651565,Cajas y Almacenamiento
22776,SWEETHEART CAKESTAND 3 TIER,692,1708,17530.46,11.17,30,Cocina y Mesa,['Cocina y Mesa'],1,Cocina y Mesa,Cocina y Mesa,1.6427988059429715,Cocina y Mesa
22777,GLASS CLOCHE LARGE,100,455,3838.82,10.17,22,,[],0,Sin regla,"Espejos, Relojes y Arte de Pared",0.42286527682755126,"Espejos, Relojes y Arte de Pared"
22778,GLASS CLOCHE SMALL,201,972,3844.46,4.91,22,,[],0,Sin regla,"Espejos, Relojes y Arte de Pared",0.2501970994695599,"Espejos, Relojes y Arte de Pared"
22779,WOODEN OWLS LIGHT GARLAND,196,1735,6631.35,4.2,14,Velas e Iluminación,"['Velas e Iluminación', 'Decoración del Hogar']",2,Velas e Iluminación,Velas e Iluminación,1.6317823700163938,Velas e Iluminación
22780,LIGHT GARLAND BUTTERFILES PINK,181,1623,6167.59,4.2,14,Velas e Iluminación,"['Velas e Iluminación', 'Decoración del Hogar']",2,Velas e Iluminación,Velas e Iluminación,1.8170867865613682,Velas e Iluminación
22781,GUMBALL MAGAZINE RACK,308,867,7060.58,9.5,22,,[],0,Sin regla,Cajas y Almacenamiento,0.7759638750872061,Cajas y Almacenamiento
22782,SET 3 WICKER STORAGE BASKETS,84,254,3712.3,19.99,22,Cajas y Almacenamiento,"['Cajas y Almacenamiento', 'Decoración del Hogar']",2,Cajas y Almacenamiento,Cajas y Almacenamiento,1.2405322368483884,Cajas y Almacenamiento
22783,SET 3 WICKER OVAL BASKETS W LIDS,45,482,6316.3,15.91,22,Decoración del Hogar,['Decoración del Hogar'],1,Decoración del Hogar,Decoración del Hogar,1.71012532115971,Decoración del Hogar
22784,LANTERN CREAM GAZEBO,373,1551,7727.14,5.62,22,Velas e Iluminación,['Velas e Iluminación'],1,Velas e Iluminación,Velas e Iluminación,1.9316319055293931,Velas e Iluminación
22785,SQUARECUSHION COVER PINK UNION FLAG,122,412,2207.11,7.33,17,Textiles del Hogar,['Textiles del Hogar'],1,Textiles del Hogar,Textiles del Hogar,1.9003021450588387,Textiles del Hogar
22786,CUSHION COVER PINK UNION JACK,94,248,1549.1,7.11,17,Textiles del Hogar,['Textiles del Hogar'],1,Textiles del Hogar,Textiles del Hogar,2.188862602895842,Textiles del Hogar
22788,BROCANTE COAT RACK,84,476,3942.62,11.65,22,Cajas y Almacenamiento,['Cajas y Almacenamiento'],1,Cajas y Almacenamiento,Cajas y Almacenamiento,1.9426180811574336,Cajas y Almacenamiento
22789,T LIGHT HOLDER SWEETHEART HANGING,200,1238,2419.54,2.13,15,Velas e Iluminación,['Velas e Iluminación'],1,Velas e Iluminación,Velas e Iluminación,1.8034722260415608,Velas e Iluminación
22790,MIRROR ARCHED GEORGIAN,1,200,3884.0,19.42,20,"Espejos, Relojes y Arte de Pared","['Espejos, Relojes y Arte de Pared']",1,"Espejos, Relojes y Arte de Pared","Espejos, Relojes y Arte de Pared",2.0020338517030254,"Espejos, Relojes y Arte de Pared"
22791,T LIGHT GLASS FLUTED ANTIQUE,435,9458,11728.69,1.5,22,Velas e Iluminación,['Velas e Iluminación'],1,Velas e Iluminación,Velas e Iluminación,1.7853090204287025,Velas e Iluminación
22792,FLUTED ANTIQUE CANDLE HOLDER,262,3489,3241.13,1.12,35,Velas e Iluminación,['Velas e Iluminación'],1,Velas e Iluminación,Velas e Iluminación,2.1231070767543088,Velas e Iluminación
22794,SWEETHEART WIRE MAGAZINE RACK,209,389,3271.35,8.88,30,,[],0,Sin regla,Cajas y Almacenamiento,0.32452833753466426,Cajas y Almacenamiento
22795,SWEETHEART RECIPE BOOK STAND,502,1597,11175.81,7.92,30,,[],0,Sin regla,Cocina y Mesa,0.33382456431714314,Cocina y Mesa
22796,PHOTO FRAME 3 CLASSIC HANGING,318,806,8020.45,10.42,33,Marcos y Fotografía,['Marcos y Fotografía'],1,Marcos y Fotografía,Marcos y Fotografía,2.6121533661258067,Marcos y Fotografía
22797,CHEST OF DRAWERS GINGHAM HEART,140,242,4205.56,18.55,39,Cajas y Almacenamiento,['Cajas y Almacenamiento'],1,Cajas y Almacenamiento,Cajas y Almacenamiento,1.693574444244847,Cajas y Almacenamiento
22798,ANTIQUE GLASS DRESSING TABLE POT,356,2367,7336.09,3.73,19,,[],0,Sin regla,Cajas y Almacenamiento,0.046260674424952186,Sin clasificar
22799,SWEETHEART WIRE FRUIT BOWL,108,253,2020.84,8.83,30,Cocina y Mesa,['Cocina y Mesa'],1,Cocina y Mesa,Cocina y Mesa,1.8809736549699994,Cocina y Mesa
22800,ANTIQUE TALL SWIRLGLASS TRINKET POT,268,1127,4586.4,4.84,22,Cajas y Almacenamiento,['Cajas y Almacenamiento'],1,Cajas y Almacenamiento,Cajas y Almacenamiento,1.9159840129767036,Cajas y Almacenamiento
22801,ANTIQUE GLASS PEDESTAL BOWL,306,1300,5277.95,4.59,44,Cocina y Mesa,['Cocina y Mesa'],1,Cocina y Mesa,Cocina y Mesa,2.1498302319846694,Cocina y Mesa
22802,FAUX FUR CHOCOLATE THROW,62,110,1933.59,18.99,22,,[],0,Sin regla,Textiles del Hogar,0.06225737927605113,Sin clasificar
22803,IVORY EMBROIDERED QUILT,36,59,2237.84,39.11,22,Textiles del Hogar,['Textiles del Hogar'],1,Textiles del Hogar,Textiles del Hogar,1.8637975028724258,Textiles del Hogar
22804,CANDLEHOLDER PINK HANGING HEART,682,5261,14075.8,3.15,39,Velas e Iluminación,"['Velas e Iluminación', 'Decoración del Hogar']",2,Velas e Iluminación,Velas e Iluminación,1.703242246905356,Velas e Iluminación
22805,BLUE DRAWER KNOB ACRYLIC EDWARDIAN,231,2207,3008.82,1.66,10,Cajas y Almacenamiento,['Cajas y Almacenamiento'],1,Cajas y Almacenamiento,Cajas y Almacenamiento,2.009907241610633,Cajas y Almacenamiento
22806,SET OF 6 T LIGHTS WEDDING CAKE,58,430,1149.02,3.38,23,Velas e Iluminación,['Velas e Iluminación'],1,Velas e Iluminación,Velas e Iluminación,1.5466114501095167,Velas e Iluminación
22807,SET OF 6 T LIGHTS TOADSTOOLS,299,1375,4086.56,3.7,23,Velas e Iluminación,['Velas e Iluminación'],1,Velas e Iluminación,Velas e Iluminación,1.7364174648909907,Velas e Iluminación
22808,SET OF 6 T LIGHTS EASTER CHICKS,83,420,1243.88,3.57,23,Pascua y Fiestas,"['Pascua y Fiestas', 'Velas e Iluminación']",2,Pascua y Fiestas,Pascua y Fiestas,1.6944425705359396,Pascua y Fiestas
22809,SET OF 6 T LIGHTS SANTA,382,2568,7664.72,3.37,23,Navidad,"['Navidad', 'Velas e Iluminación']",2,Navidad,Navidad,1.2945383566846749,Navidad
22810,SET OF 6 T LIGHTS SNOWMEN,332,2199,6729.13,3.41,23,Velas e Iluminación,['Velas e Iluminación'],1,Velas e Iluminación,Velas e Iluminación,1.7103888097297308,Velas e Iluminación
22811,SET OF 6 T LIGHTS CACTI,141,1021,2884.13,4.01,23,Velas e Iluminación,['Velas e Iluminación'],1,Velas e Iluminación,Velas e Iluminación,1.8671043955929414,Velas e Iluminación
22812,PACK 3 BOXES CHRISTMAS PANNETONE,473,4879,10734.43,2.55,0,Navidad,['Navidad'],1,Navidad,Navidad,1.5130101529879911,Navidad
22813,PACK 3 BOXES BIRD PANNETONE,378,3945,7663.83,2.44,22,,[],0,Sin regla,Cajas y Almacenamiento,0.672200684964995,Cajas y Almacenamiento
22814,CARD PARTY GAMES,295,2728,1147.77,0.5,22,Papelería y Tarjetería,['Papelería y Tarjetería'],1,Papelería y Tarjetería,Papelería y Tarjetería,1.6749823660768282,Papelería y Tarjetería
22815,CARD PSYCHEDELIC APPLES,340,3433,1468.53,0.5,22,Papelería y Tarjetería,['Papelería y Tarjetería'],1,Papelería y Tarjetería,Papelería y Tarjetería,1.4614779573174306,Papelería y Tarjetería
22816,CARD MOTORBIKE SANTA,439,6856,2950.93,0.48,22,Navidad,"['Navidad', 'Papelería y Tarjetería']",2,Navidad,Navidad,1.7031730897752935,Navidad
22817,CARD SUKI BIRTHDAY,355,3392,1434.9,0.5,14,Papelería y Tarjetería,['Papelería y Tarjetería'],1,Papelería y Tarjetería,Papelería y Tarjetería,2.13070635938291,Papelería y Tarjetería
22818,CARD CHRISTMAS VILLAGE,404,6290,2720.86,0.48,0,Navidad,"['Navidad', 'Papelería y Tarjetería']",2,Navidad,Navidad,2.2777974831005254,Navidad
22819,BIRTHDAY CARD RETRO SPOT,331,3351,1418.12,0.48,14,Papelería y Tarjetería,['Papelería y Tarjetería'],1,Papelería y Tarjetería,Papelería y Tarjetería,1.946511330692026,Papelería y Tarjetería
22820,GIFT BAG BIRTHDAY,111,1353,845.13,0.64,6,Bolsos y Carteras,['Bolsos y Carteras'],1,Bolsos y Carteras,Bolsos y Carteras,2.2225820491191155,Bolsos y Carteras
22821,GIFT BAG PSYCHEDELIC APPLES,186,1660,1047.45,0.73,6,Bolsos y Carteras,['Bolsos y Carteras'],1,Bolsos y Carteras,Bolsos y Carteras,1.6360900261780296,Bolsos y Carteras
22822,CREAM WALL PLANTER HEART SHAPED,184,581,3367.35,6.36,39,,[],0,Sin regla,"Espejos, Relojes y Arte de Pared",0.2110541644770233,"Espejos, Relojes y Arte de Pared"
22823,CHEST NATURAL WOOD 20 DRAWERS,18,32,3655.0,117.5,22,Cajas y Almacenamiento,['Cajas y Almacenamiento'],1,Cajas y Almacenamiento,Cajas y Almacenamiento,1.9075564994808505,Cajas y Almacenamiento
22824,3 TIER SWEETHEART GARDEN SHELF,48,61,2153.95,35.7,30,Jardín y Exterior,['Jardín y Exterior'],1,Jardín y Exterior,Jardín y Exterior,1.9112307468917082,Jardín y Exterior
22825,DECORATIVE PLANT POT WITH FRIEZE,38,100,799.02,8.34,7,Jardín y Exterior,['Jardín y Exterior'],1,Jardín y Exterior,Jardín y Exterior,1.844227733868647,Jardín y Exterior
22826,LOVE SEAT ANTIQUE WHITE METAL,41,58,6210.0,114.02,31,,[],0,Sin regla,Cocina y Mesa,0.2181113402589464,Cocina y Mesa
22827,RUSTIC SEVENTEEN DRAWER SIDEBOARD,35,46,7150.0,158.71,22,,[],0,Sin regla,Cajas y Almacenamiento,0.23558720599138339,Cajas y Almacenamiento
22828,REGENCY MIRROR WITH SHUTTERS,11,17,2565.0,154.09,20,"Espejos, Relojes y Arte de Pared","['Espejos, Relojes y Arte de Pared']",1,"Espejos, Relojes y Arte de Pared","Espejos, Relojes y Arte de Pared",2.036160668046623,"Espejos, Relojes y Arte de Pared"
22829,SWEETHEART WIRE WALL TIDY,118,241,2468.57,10.99,30,,[],0,Sin regla,"Espejos, Relojes y Arte de Pared",0.4905808706311079,"Espejos, Relojes y Arte de Pared"
22830,UTILTY CABINET WITH HOOKS,18,181,3760.71,26.24,22,Cajas y Almacenamiento,['Cajas y Almacenamiento'],1,Cajas y Almacenamiento,Cajas y Almacenamiento,1.98482199852588,Cajas y Almacenamiento
22831,WHITE BROCANTE SOAP DISH,140,776,2286.28,3.34,34,,[],0,Sin regla,Cocina y Mesa,0.17993360665336589,Sin clasificar
22832,BROCANTE SHELF WITH HOOKS,85,185,2033.15,11.56,22,,[],0,Sin regla,Jardín y Exterior,0.06335857103679676,Sin clasificar
22833,HALL CABINET WITH 3 DRAWERS,13,120,4163.54,48.15,22,Cajas y Almacenamiento,['Cajas y Almacenamiento'],1,Cajas y Almacenamiento,Cajas y Almacenamiento,2.370243578695632,Cajas y Almacenamiento
22834,HAND WARMER BABUSHKA DESIGN,613,6900,11287.63,2.29,22,Botellas de Agua Caliente y Confort,['Botellas de Agua Caliente y Confort'],1,Botellas de Agua Caliente y Confort,Botellas de Agua Caliente y Confort,1.5125709414628319,Botellas de Agua Caliente y Confort
22835,HOT WATER BOTTLE I AM SO POORLY,1018,5302,27082.84,5.64,2,Botellas de Agua Caliente y Confort,['Botellas de Agua Caliente y Confort'],1,Botellas de Agua Caliente y Confort,Botellas de Agua Caliente y Confort,2.270853231388189,Botellas de Agua Caliente y Confort
22837,HOT WATER BOTTLE BABUSHKA,464,3534,16455.18,5.29,2,Botellas de Agua Caliente y Confort,['Botellas de Agua Caliente y Confort'],1,Botellas de Agua Caliente y Confort,Botellas de Agua Caliente y Confort,1.8884076812110528,Botellas de Agua Caliente y Confort
22838,3 TIER CAKE TIN RED AND CREAM,271,922,13220.86,16.81,32,Cocina y Mesa,['Cocina y Mesa'],1,Cocina y Mesa,Cocina y Mesa,1.876337500928182,Cocina y Mesa
22839,3 TIER CAKE TIN GREEN AND CREAM,261,579,8971.17,18.02,32,Cocina y Mesa,['Cocina y Mesa'],1,Cocina y Mesa,Cocina y Mesa,1.900722423304258,Cocina y Mesa
22840,ROUND CAKE TIN VINTAGE RED,402,1323,10023.65,8.24,32,Cocina y Mesa,['Cocina y Mesa'],1,Cocina y Mesa,Cocina y Mesa,1.7495639855440983,Cocina y Mesa
22841,ROUND CAKE TIN VINTAGE GREEN,306,772,6002.52,8.41,32,Cocina y Mesa,['Cocina y Mesa'],1,Cocina y Mesa,Cocina y Mesa,1.8364166267749469,Cocina y Mesa
22842,BISCUIT TIN VINTAGE RED,238,818,5308.58,7.08,22,Cocina y Mesa,['Cocina y Mesa'],1,Cocina y Mesa,Cocina y Mesa,1.6264786122501178,Cocina y Mesa
22843,BISCUIT TIN VINTAGE GREEN,179,595,3858.51,7.18,22,Cocina y Mesa,['Cocina y Mesa'],1,Cocina y Mesa,Cocina y Mesa,1.6831328063811237,Cocina y Mesa
22844,VINTAGE CREAM DOG FOOD CONTAINER,501,1227,11593.28,10.57,22,,[],0,Sin regla,Cocina y Mesa,0.08044498221186569,Sin clasificar
22845,VINTAGE CREAM CAT FOOD CONTAINER,396,999,6764.6,7.81,22,,[],0,Sin regla,Cocina y Mesa,0.11505190728927378,Sin clasificar
22846,BREAD BIN DINER STYLE RED,346,825,13264.82,17.64,16,Cocina y Mesa,['Cocina y Mesa'],1,Cocina y Mesa,Cocina y Mesa,1.8776544378267932,Cocina y Mesa
22847,BREAD BIN DINER STYLE IVORY,482,1157,18352.74,17.17,16,Cocina y Mesa,['Cocina y Mesa'],1,Cocina y Mesa,Cocina y Mesa,1.8552725413674542,Cocina y Mesa
22848,BREAD BIN DINER STYLE PINK,151,381,6128.6,18.01,16,Cocina y Mesa,['Cocina y Mesa'],1,Cocina y Mesa,Cocina y Mesa,1.8733543247867472,Cocina y Mesa
22849,BREAD BIN DINER STYLE MINT,162,403,6287.73,16.79,16,Cocina y Mesa,['Cocina y Mesa'],1,Cocina y Mesa,Cocina y Mesa,1.8067808688465954,Cocina y Mesa
22850,BREAD BIN DINER STYLE BLACK,2,8,123.6,15.95,16,Cocina y Mesa,['Cocina y Mesa'],1,Cocina y Mesa,Cocina y Mesa,1.8946267351615393,Cocina y Mesa
22851,SET 20 NAPKINS FAIRY CAKES DESIGN,532,5167,4193.68,0.95,19,Cocina y Mesa,['Cocina y Mesa'],1,Cocina y Mesa,Cocina y Mesa,1.8991802911299378,Cocina y Mesa
22852,DOG BOWL VINTAGE CREAM,160,565,2467.11,4.55,44,Cocina y Mesa,['Cocina y Mesa'],1,Cocina y Mesa,Cocina y Mesa,2.04545547106317,Cocina y Mesa
22853,CAT BOWL VINTAGE CREAM,146,645,2205.57,3.59,44,Cocina y Mesa,['Cocina y Mesa'],1,Cocina y Mesa,Cocina y Mesa,2.0083468949600096,Cocina y Mesa
22854,CREAM SWEETHEART EGG HOLDER,246,1160,5624.5,5.45,30,,[],0,Sin regla,Cocina y Mesa,0.18790976657788183,Sin clasificar
22855,FINE WICKER HEART,433,4795,5979.24,1.47,39,Decoración del Hogar,['Decoración del Hogar'],1,Decoración del Hogar,Decoración del Hogar,2.0904720114739694,Decoración del Hogar
22856,ASSORTED EASTER DECORATIONS BELLS,32,877,1059.85,3.52,22,Pascua y Fiestas,"['Pascua y Fiestas', 'Decoración del Hogar']",2,Pascua y Fiestas,Pascua y Fiestas,1.7683713009782935,Pascua y Fiestas
22857,ASSORTED EASTER GIFT TAGS,66,1230,1048.28,1.46,22,Pascua y Fiestas,"['Pascua y Fiestas', 'Papelería y Tarjetería']",2,Pascua y Fiestas,Pascua y Fiestas,1.6696184179798879,Pascua y Fiestas
22858,EASTER TIN KEEPSAKE,140,1135,1877.34,1.95,22,Pascua y Fiestas,['Pascua y Fiestas'],1,Pascua y Fiestas,Pascua y Fiestas,1.8415587096660695,Pascua y Fiestas
22859,EASTER TIN BUNNY BOUQUET,167,1250,2085.75,1.93,22,Pascua y Fiestas,['Pascua y Fiestas'],1,Pascua y Fiestas,Pascua y Fiestas,3.969021937582203,Pascua y Fiestas
22860,EASTER TIN CHICKS PINK DAISY,111,612,1060.85,1.98,22,Pascua y Fiestas,['Pascua y Fiestas'],1,Pascua y Fiestas,Pascua y Fiestas,1.6093417757094717,Pascua y Fiestas
22861,EASTER TIN CHICKS IN GARDEN,50,305,522.93,2.01,42,Pascua y Fiestas,"['Pascua y Fiestas', 'Jardín y Exterior']",2,Pascua y Fiestas,Pascua y Fiestas,1.792067151384947,Pascua y Fiestas
22862,LOVE HEART NAPKIN BOX,226,758,3373.22,4.88,31,Cocina y Mesa,['Cocina y Mesa'],1,Cocina y Mesa,Cocina y Mesa,1.6419904259054492,Cocina y Mesa
22863,SOAP DISH BROCANTE,170,1107,3166.61,3.22,34,,[],0,Sin regla,Cocina y Mesa,0.021638207378167018,Sin clasificar
22864,MUG AND COASTER SET RED CIRCLES,2,378,158.76,0.42,24,Cocina y Mesa,['Cocina y Mesa'],1,Cocina y Mesa,Cocina y Mesa,2.957813377020262,Cocina y Mesa
22865,HAND WARMER OWL DESIGN,1256,14537,31416.04,2.36,22,Botellas de Agua Caliente y Confort,['Botellas de Agua Caliente y Confort'],1,Botellas de Agua Caliente y Confort,Botellas de Agua Caliente y Confort,1.8444081374659096,Botellas de Agua Caliente y Confort
22866,HAND WARMER SCOTTY DOG DESIGN,1129,12778,28266.87,2.33,22,Botellas de Agua Caliente y Confort,['Botellas de Agua Caliente y Confort'],1,Botellas de Agua Caliente y Confort,Botellas de Agua Caliente y Confort,1.5042751310856468,Botellas de Agua Caliente y Confort
22867,HAND WARMER BIRD DESIGN,1086,11872,26117.63,2.38,22,Botellas de Agua Caliente y Confort,['Botellas de Agua Caliente y Confort'],1,Botellas de Agua Caliente y Confort,Botellas de Agua Caliente y Confort,1.9369729505436952,Botellas de Agua Caliente y Confort
22868,NUMBER TILE COTTAGE GARDEN 0,27,124,270.38,3.01,42,Jardín y Exterior,['Jardín y Exterior'],1,Jardín y Exterior,Jardín y Exterior,2.0265609599279237,Jardín y Exterior
22869,NUMBER TILE COTTAGE GARDEN 1,57,167,393.63,3.07,42,Jardín y Exterior,['Jardín y Exterior'],1,Jardín y Exterior,Jardín y Exterior,2.000337029019639,Jardín y Exterior
22870,NUMBER TILE COTTAGE GARDEN 2,47,155,367.97,3.21,42,Jardín y Exterior,['Jardín y Exterior'],1,Jardín y Exterior,Jardín y Exterior,1.997659087864876,Jardín y Exterior
22871,NUMBER TILE COTTAGE GARDEN 3,30,127,289.39,3.27,42,Jardín y Exterior,['Jardín y Exterior'],1,Jardín y Exterior,Jardín y Exterior,2.015392210656703,Jardín y Exterior
22872,NUMBER TILE COTTAGE GARDEN 4,39,136,311.3,3.13,42,Jardín y Exterior,['Jardín y Exterior'],1,Jardín y Exterior,Jardín y Exterior,2.0241286874603084,Jardín y Exterior
22873,NUMBER TILE COTTAGE GARDEN 5,31,120,262.5,2.87,42,Jardín y Exterior,['Jardín y Exterior'],1,Jardín y Exterior,Jardín y Exterior,2.0107981232254364,Jardín y Exterior
22874,NUMBER TILE COTTAGE GARDEN 6,29,126,272.02,2.78,42,Jardín y Exterior,['Jardín y Exterior'],1,Jardín y Exterior,Jardín y Exterior,2.0178476591045715,Jardín y Exterior
22875,NUMBER TILE COTTAGE GARDEN 7,30,123,268.35,2.83,42,Jardín y Exterior,['Jardín y Exterior'],1,Jardín y Exterior,Jardín y Exterior,2.002612996192405,Jardín y Exterior
22876,NUMBER TILE COTTAGE GARDEN 8,23,118,252.22,2.91,42,Jardín y Exterior,['Jardín y Exterior'],1,Jardín y Exterior,Jardín y Exterior,2.0025693258824635,Jardín y Exterior
22877,NUMBER TILE COTTAGE GARDEN 9,28,128,271.64,2.58,42,Jardín y Exterior,['Jardín y Exterior'],1,Jardín y Exterior,Jardín y Exterior,2.010621617744273,Jardín y Exterior
22878,NUMBER TILE COTTAGE GARDEN NO,45,128,330.26,3.42,42,Jardín y Exterior,['Jardín y Exterior'],1,Jardín y Exterior,Jardín y Exterior,1.9382265075288458,Jardín y Exterior
22879,NUMBER TILE VINTAGE FONT 0,21,82,134.4,2.98,22,,[],0,Sin regla,Cocina y Mesa,0.0026830014278049763,Sin clasificar
22880,NUMBER TILE VINTAGE FONT 1,37,111,230.27,3.18,22,,[],0,Sin regla,Cocina y Mesa,0.011249736446953762,Sin clasificar
22881,NUMBER TILE VINTAGE FONT 2,36,112,218.82,3.15,22,,[],0,Sin regla,Cocina y Mesa,0.0245523267344116,Sin clasificar
22882,NUMBER TILE VINTAGE FONT 3,50,126,255.08,2.95,22,,[],0,Sin regla,Cocina y Mesa,0.0070322016087873696,Sin clasificar
22883,NUMBER TILE VINTAGE FONT 4,34,109,213.05,3.29,22,,[],0,Sin regla,Cocina y Mesa,0.0596589477405608,Sin clasificar
22884,NUMBER TILE VINTAGE FONT 5,39,110,217.26,3.0,22,,[],0,Sin regla,Cocina y Mesa,0.03464843897027614,Sin clasificar
22885,NUMBER TILE VINTAGE FONT 6,35,112,210.26,3.0,22,,[],0,Sin regla,Cocina y Mesa,0.008750939940870839,Sin clasificar
22886,NUMBER TILE VINTAGE FONT 7,29,98,174.16,2.92,22,,[],0,Sin regla,Jardín y Exterior,0.004976904465114951,Sin clasificar
22887,NUMBER TILE VINTAGE FONT 8,28,92,160.36,2.95,22,,[],0,Sin regla,Cocina y Mesa,0.007119938782302104,Sin clasificar
22888,NUMBER TILE VINTAGE FONT 9,23,79,130.83,3.06,22,,[],0,Sin regla,Cocina y Mesa,0.001809493301831444,Sin clasificar
22889,NUMBER TILE VINTAGE FONT NO,40,196,327.12,3.47,22,,[],0,Sin regla,Jardín y Exterior,0.028913849797028157,Sin clasificar
22890,NOVELTY BISCUITS CAKE STAND 3 TIER,261,800,7821.96,11.05,32,Cocina y Mesa,['Cocina y Mesa'],1,Cocina y Mesa,Cocina y Mesa,1.8178543808704468,Cocina y Mesa
22891,TEA FOR ONE POLKADOT,230,644,3103.7,5.6,26,,[],0,Sin regla,Cocina y Mesa,0.5980756021579442,Cocina y Mesa
22892,SET OF SALT AND PEPPER TOADSTOOLS,295,3520,4322.06,1.32,22,,[],0,Sin regla,Cocina y Mesa,0.08241016896564013,Sin clasificar
22893,MINI CAKE STAND T LIGHT HOLDER,183,2721,1306.09,0.62,15,Cocina y Mesa,"['Cocina y Mesa', 'Velas e Iluminación']",2,Cocina y Mesa,Cocina y Mesa,1.2288576107077487,Cocina y Mesa
22894,TABLECLOTH RED APPLES DESIGN,194,561,5160.78,9.77,22,,[],0,Sin regla,Cocina y Mesa,0.2453669311202451,Cocina y Mesa
22895,SET OF 2 TEA TOWELS APPLE AND PEARS,415,2847,8648.49,3.46,26,Cocina y Mesa,['Cocina y Mesa'],1,Cocina y Mesa,Cocina y Mesa,1.6065238761786618,Cocina y Mesa
22896,PEG BAG APPLES DESIGN,369,2076,5230.55,3.11,6,Bolsos y Carteras,['Bolsos y Carteras'],1,Bolsos y Carteras,Bolsos y Carteras,1.9842432115744517,Bolsos y Carteras
22897,OVEN MITT APPLES DESIGN,299,1956,2894.75,1.76,22,,[],0,Sin regla,Cocina y Mesa,0.0895141791344422,Sin clasificar
22898,CHILDRENS APRON APPLES DESIGN,473,3168,6604.16,2.46,22,Cocina y Mesa,['Cocina y Mesa'],1,Cocina y Mesa,Cocina y Mesa,1.9402508505742415,Cocina y Mesa
22899,CHILDREN S APRON DOLLY GIRL,424,2773,5769.76,2.41,40,Cocina y Mesa,['Cocina y Mesa'],1,Cocina y Mesa,Cocina y Mesa,1.8373814527481258,Cocina y Mesa
22900,SET 2 TEA TOWELS I LOVE LONDON,742,6156,19834.04,3.68,31,Cocina y Mesa,['Cocina y Mesa'],1,Cocina y Mesa,Cocina y Mesa,1.84183895171813,Cocina y Mesa
22902,TOTE BAG I LOVE LONDON,201,1716,3506.56,2.59,31,Bolsos y Carteras,['Bolsos y Carteras'],1,Bolsos y Carteras,Bolsos y Carteras,1.9462239084466848,Bolsos y Carteras
22903,CALENDAR FAMILY FAVOURITES,82,745,2053.96,3.04,22,,[],0,Sin regla,Navidad,0.29642334372383566,Navidad
22904,CALENDAR PAPER CUT DESIGN,467,3467,10755.05,3.33,22,,[],0,Sin regla,Navidad,0.015770671180064366,Sin clasificar
22905,CALENDAR IN SEASON DESIGN,195,1077,2957.17,2.96,22,,[],0,Sin regla,Navidad,0.1577845482424724,Sin clasificar
22906,12 MESSAGE CARDS WITH ENVELOPES,465,3370,6214.83,1.99,12,Papelería y Tarjetería,['Papelería y Tarjetería'],1,Papelería y Tarjetería,Papelería y Tarjetería,2.5239876918534634,Papelería y Tarjetería
22907,PACK OF 20 NAPKINS PANTRY DESIGN,853,8686,7279.03,0.97,27,Cocina y Mesa,['Cocina y Mesa'],1,Cocina y Mesa,Cocina y Mesa,2.508648075428996,Cocina y Mesa
22908,PACK OF 20 NAPKINS RED APPLES,494,5610,4524.0,0.96,22,Cocina y Mesa,['Cocina y Mesa'],1,Cocina y Mesa,Cocina y Mesa,1.7605684941592699,Cocina y Mesa
22909,SET OF 20 VINTAGE CHRISTMAS NAPKINS,1116,17144,15275.82,0.98,0,Navidad,"['Navidad', 'Cocina y Mesa']",2,Navidad,Navidad,1.8473954472571967,Navidad
22910,PAPER CHAIN KIT VINTAGE CHRISTMAS,1445,18634,58652.7,3.3,0,Navidad,"['Navidad', 'Papelería y Tarjetería']",2,Navidad,Navidad,1.8575416721887017,Navidad
22911,PAPER CHAIN KIT LONDON,165,853,2454.35,3.22,22,Papelería y Tarjetería,['Papelería y Tarjetería'],1,Papelería y Tarjetería,Papelería y Tarjetería,1.7748099807058746,Papelería y Tarjetería
22912,YELLOW COAT RACK PARIS FASHION,109,313,1471.09,5.26,22,Cajas y Almacenamiento,['Cajas y Almacenamiento'],1,Cajas y Almacenamiento,Cajas y Almacenamiento,1.8427150319949037,Cajas y Almacenamiento
22913,RED COAT RACK PARIS FASHION,122,450,2107.85,5.49,22,Cajas y Almacenamiento,['Cajas y Almacenamiento'],1,Cajas y Almacenamiento,Cajas y Almacenamiento,1.9964014713216267,Cajas y Almacenamiento
22914,BLUE COAT RACK PARIS FASHION,171,570,2720.66,5.45,22,Cajas y Almacenamiento,['Cajas y Almacenamiento'],1,Cajas y Almacenamiento,Cajas y Almacenamiento,1.984836293779488,Cajas y Almacenamiento
22915,ASSORTED BOTTLE TOP MAGNETS,195,3281,1474.52,1.18,22,,[],0,Sin regla,Botellas de Agua Caliente y Confort,0.1507153648233317,Sin clasificar
22916,HERB MARKER THYME,254,1962,1363.38,0.86,22,,[],0,Sin regla,Jardín y Exterior,0.004329537683363638,Sin clasificar
22917,HERB MARKER ROSEMARY,253,1996,1386.65,0.86,22,,[],0,Sin regla,Cocina y Mesa,0.15836926001719798,Sin clasificar
22918,HERB MARKER PARSLEY,252,1925,1322.86,0.86,22,,[],0,Sin regla,Jardín y Exterior,0.06782658549232445,Sin clasificar
22919,HERB MARKER MINT,251,1800,1255.44,0.84,22,,[],0,Sin regla,Papelería y Tarjetería,0.0007277029782173372,Sin clasificar
22920,HERB MARKER BASIL,254,3478,2199.19,0.86,22,,[],0,Sin regla,Jardín y Exterior,0.02045993761397935,Sin clasificar
22921,HERB MARKER CHIVES,221,1771,1226.72,0.85,22,,[],0,Sin regla,Cocina y Mesa,0.0032378581574170617,Sin clasificar
22922,FRIDGE MAGNETS US DINER ASSORTED,113,2073,1789.2,1.67,22,,[],0,Sin regla,Cocina y Mesa,0.27596957411104395,Cocina y Mesa
22923,FRIDGE MAGNETS LES ENFANTS ASSORTED,90,1583,1314.89,1.09,22,,[],0,Sin regla,Navidad,0.08183676709280563,Sin clasificar
22924,FRIDGE MAGNETS LA VIE EN ROSE,96,1500,1323.42,1.43,22,,[],0,Sin regla,"Espejos, Relojes y Arte de Pared",0.02571986951068872,Sin clasificar
22925,BLUE GIANT GARDEN THERMOMETER,192,488,2989.52,6.48,42,Jardín y Exterior,['Jardín y Exterior'],1,Jardín y Exterior,Jardín y Exterior,2.0841340664051806,Jardín y Exterior
22926,IVORY GIANT GARDEN THERMOMETER,217,680,4150.31,6.31,42,Jardín y Exterior,['Jardín y Exterior'],1,Jardín y Exterior,Jardín y Exterior,1.9684403451047068,Jardín y Exterior
22927,GREEN GIANT GARDEN THERMOMETER,162,468,2948.57,6.7,42,Jardín y Exterior,['Jardín y Exterior'],1,Jardín y Exterior,Jardín y Exterior,2.065016383487003,Jardín y Exterior
22928,YELLOW GIANT GARDEN THERMOMETER,118,296,2041.35,7.74,42,Jardín y Exterior,['Jardín y Exterior'],1,Jardín y Exterior,Jardín y Exterior,1.9235312424687974,Jardín y Exterior
22929,SCHOOL DESK AND CHAIR,17,23,1459.75,64.17,22,,[],0,Sin regla,Papelería y Tarjetería,0.5348872744691088,Papelería y Tarjetería
22930,BAKING MOULD HEART MILK CHOCOLATE,191,1108,2846.8,3.07,39,Cocina y Mesa,['Cocina y Mesa'],1,Cocina y Mesa,Cocina y Mesa,1.460278198699639,Cocina y Mesa
22931,BAKING MOULD HEART WHITE CHOCOLATE,130,813,1963.3,2.83,39,Cocina y Mesa,['Cocina y Mesa'],1,Cocina y Mesa,Cocina y Mesa,1.4956619275284835,Cocina y Mesa
22932,BAKING MOULD TOFFEE CUP CHOCOLATE,72,884,2000.88,2.71,22,Cocina y Mesa,['Cocina y Mesa'],1,Cocina y Mesa,Cocina y Mesa,2.6838785548238473,Cocina y Mesa
22933,BAKING MOULD EASTER EGG MILK CHOC,123,940,2585.92,3.49,8,Pascua y Fiestas,"['Pascua y Fiestas', 'Cocina y Mesa']",2,Pascua y Fiestas,Pascua y Fiestas,1.6655280188124624,Pascua y Fiestas
22934,BAKING MOULD EASTER EGG WHITE CHOC,78,589,1707.47,3.23,8,Pascua y Fiestas,"['Pascua y Fiestas', 'Cocina y Mesa']",2,Pascua y Fiestas,Pascua y Fiestas,1.841393390534633,Pascua y Fiestas
22935,BAKING MOULD ROSE MILK CHOCOLATE,65,690,2066.82,3.8,22,Cocina y Mesa,['Cocina y Mesa'],1,Cocina y Mesa,Cocina y Mesa,1.667972791354258,Cocina y Mesa
22936,BAKING MOULD ROSE WHITE CHOCOLATE,52,279,895.97,4.33,22,Cocina y Mesa,['Cocina y Mesa'],1,Cocina y Mesa,Cocina y Mesa,1.6689839289295965,Cocina y Mesa
22937,BAKING MOULD CHOCOLATE CUPCAKES,164,972,2563.24,2.92,22,Cocina y Mesa,['Cocina y Mesa'],1,Cocina y Mesa,Cocina y Mesa,1.7942964593224549,Cocina y Mesa
22938,CUPCAKE LACE PAPER SET 6,275,3687,6891.25,2.08,22,,[],0,Sin regla,Cocina y Mesa,0.8226175552613871,Cocina y Mesa
22939,APRON APPLE DELIGHT,181,700,3502.54,5.88,22,Cocina y Mesa,['Cocina y Mesa'],1,Cocina y Mesa,Cocina y Mesa,1.835096891896381,Cocina y Mesa
22940,FELTCRAFT CHRISTMAS FAIRY,598,3491,15282.81,4.53,0,Navidad,"['Navidad', 'Papelería y Tarjetería']",2,Navidad,Navidad,2.0700674479281194,Navidad
22941,CHRISTMAS LIGHTS 10 REINDEER,484,2615,21727.58,9.71,23,Navidad,"['Navidad', 'Velas e Iluminación']",2,Navidad,Navidad,3.75239522658266,Navidad
22942,CHRISTMAS LIGHTS 10 SANTAS,247,1221,9466.41,8.55,23,Navidad,"['Navidad', 'Velas e Iluminación']",2,Navidad,Navidad,2.916355116566257,Navidad
22943,CHRISTMAS LIGHTS 10 VINTAGE BAUBLES,358,2381,11696.64,6.0,23,Navidad,"['Navidad', 'Velas e Iluminación']",2,Navidad,Navidad,3.411066706162093,Navidad
22944,CHRISTMAS METAL POSTCARD WITH BELLS,163,4870,3577.99,1.39,0,Navidad,['Navidad'],1,Navidad,Navidad,2.046236302825715,Navidad
22945,CHRISTMAS METAL TAGS ASSORTED,346,7641,7365.7,2.21,0,Navidad,['Navidad'],1,Navidad,Navidad,2.080947535371778,Navidad
22946,WOODEN ADVENT CALENDAR CREAM,276,976,15060.57,18.38,22,Navidad,['Navidad'],1,Navidad,Navidad,1.8465681210528269,Navidad
22947,WOODEN ADVENT CALENDAR RED,210,1011,12704.15,14.75,22,Navidad,['Navidad'],1,Navidad,Navidad,1.9418435149018212,Navidad
22948,METAL DECORATION NAUGHTY CHILDREN,186,2155,2164.69,1.83,1,Decoración del Hogar,['Decoración del Hogar'],1,Decoración del Hogar,Decoración del Hogar,1.8410507526257762,Decoración del Hogar
22949,36 DOILIES DOLLY GIRL,177,2010,2858.19,1.74,40,Papelería y Tarjetería,['Papelería y Tarjetería'],1,Papelería y Tarjetería,Papelería y Tarjetería,1.8204364774386863,Papelería y Tarjetería
22950,36 DOILIES VINTAGE CHRISTMAS,356,8333,11452.64,1.57,0,Navidad,"['Navidad', 'Papelería y Tarjetería']",2,Navidad,Navidad,1.931996035570819,Navidad
22951,60 CAKE CASES DOLLY GIRL DESIGN,643,10993,5785.97,0.67,40,Cocina y Mesa,['Cocina y Mesa'],1,Cocina y Mesa,Cocina y Mesa,1.7969189974313817,Cocina y Mesa
22952,60 CAKE CASES VINTAGE CHRISTMAS,1172,32988,19240.05,0.72,32,Navidad,"['Navidad', 'Cocina y Mesa']",2,Navidad,Navidad,1.735878255098716,Navidad
22953,BIRTHDAY PARTY CORDON BARRIER TAPE,120,760,948.55,1.38,22,,[],0,Sin regla,Pascua y Fiestas,0.3914721158027024,Pascua y Fiestas
22954,HEN PARTY CORDON BARRIER TAPE,50,238,293.89,1.39,22,,[],0,Sin regla,Pascua y Fiestas,0.5733393248664325,Pascua y Fiestas
22955,36 FOIL STAR CAKE CASES,192,1448,2885.26,2.26,32,Cocina y Mesa,['Cocina y Mesa'],1,Cocina y Mesa,Cocina y Mesa,1.903063795923646,Cocina y Mesa
22956,36 FOIL HEART CAKE CASES,264,2494,4878.9,2.2,32,Cocina y Mesa,['Cocina y Mesa'],1,Cocina y Mesa,Cocina y Mesa,1.905819186064878,Cocina y Mesa
22957,SET 3 PAPER VINTAGE CHICK PAPER EGG,216,1775,5014.65,3.12,8,,[],0,Sin regla,Cocina y Mesa,0.16539863531916466,Sin clasificar
22959,WRAP CHRISTMAS VILLAGE,285,9738,3981.96,0.42,37,Navidad,"['Navidad', 'Papelería y Tarjetería']",2,Navidad,Navidad,2.0822711706208565,Navidad
22960,JAM MAKING SET WITH JARS,1160,9019,38380.11,5.06,22,Cocina y Mesa,['Cocina y Mesa'],1,Cocina y Mesa,Cocina y Mesa,1.9829815207092953,Cocina y Mesa
22961,JAM MAKING SET PRINTED,1203,17252,26888.43,1.89,22,Cocina y Mesa,['Cocina y Mesa'],1,Cocina y Mesa,Cocina y Mesa,1.7637499205060014,Cocina y Mesa
22962,JAM JAR WITH PINK LID,355,4366,3640.93,1.05,22,Cocina y Mesa,['Cocina y Mesa'],1,Cocina y Mesa,Cocina y Mesa,1.901457521738913,Cocina y Mesa
22963,JAM JAR WITH GREEN LID,322,3696,3079.41,1.07,22,Cocina y Mesa,['Cocina y Mesa'],1,Cocina y Mesa,Cocina y Mesa,1.9502310466451664,Cocina y Mesa
22964,3 PIECE SPACEBOY COOKIE CUTTER SET,412,2761,5768.83,2.51,22,,[],0,Sin regla,Cocina y Mesa,0.4366422915882703,Cocina y Mesa
22965,3 TRADITIONAL BISCUIT CUTTERS SET,262,1842,3834.04,2.33,22,,[],0,Sin regla,Cocina y Mesa,1.5340555318771023,Cocina y Mesa
22966,GINGERBREAD MAN COOKIE CUTTER,747,8219,10131.26,1.44,22,,[],0,Sin regla,Cocina y Mesa,0.2779463112626327,Cocina y Mesa
22967,SET 3 SONG BIRD PAPER EGGS ASSORTED,138,1171,3271.41,3.01,22,,[],0,Sin regla,Papelería y Tarjetería,0.11340178423192926,Sin clasificar
22968,ROSE COTTAGE KEEPSAKE BOX,306,1127,11184.82,11.72,4,Cajas y Almacenamiento,['Cajas y Almacenamiento'],1,Cajas y Almacenamiento,Cajas y Almacenamiento,1.430311394955551,Cajas y Almacenamiento
22969,HOMEMADE JAM SCENTED CANDLES,709,14461,21501.99,1.77,38,Cocina y Mesa,"['Cocina y Mesa', 'Velas e Iluminación']",2,Cocina y Mesa,Cocina y Mesa,1.0180104302941277,Cocina y Mesa
22970,LONDON BUS COFFEE MUG,319,4334,10140.6,2.73,9,Cocina y Mesa,['Cocina y Mesa'],1,Cocina y Mesa,Cocina y Mesa,2.1835732465420077,Cocina y Mesa
22971,QUEENS GUARD COFFEE MUG,274,2431,5849.29,2.78,9,Cocina y Mesa,['Cocina y Mesa'],1,Cocina y Mesa,Cocina y Mesa,2.4490607678550185,Cocina y Mesa
22972,CHILDREN S SPACEBOY MUG,244,1882,3219.74,1.99,24,Cocina y Mesa,['Cocina y Mesa'],1,Cocina y Mesa,Cocina y Mesa,2.25180646221387,Cocina y Mesa
22973,CHILDREN S CIRCUS PARADE MUG,156,1361,2314.33,2.02,24,Cocina y Mesa,['Cocina y Mesa'],1,Cocina y Mesa,Cocina y Mesa,1.7381692999520604,Cocina y Mesa
22974,CHILDRENS DOLLY GIRL MUG,212,1636,2795.81,2.04,40,Cocina y Mesa,['Cocina y Mesa'],1,Cocina y Mesa,Cocina y Mesa,2.2039985097306616,Cocina y Mesa
22975,SPACEBOY CHILDRENS EGG CUP,195,1245,1679.66,1.55,8,Cocina y Mesa,['Cocina y Mesa'],1,Cocina y Mesa,Cocina y Mesa,2.1108566316609103,Cocina y Mesa
22976,CIRCUS PARADE CHILDRENS EGG CUP,150,1127,1465.26,1.5,8,Cocina y Mesa,['Cocina y Mesa'],1,Cocina y Mesa,Cocina y Mesa,1.8205714107546718,Cocina y Mesa
22977,DOLLY GIRL CHILDRENS EGG CUP,141,999,1313.86,1.47,40,Cocina y Mesa,['Cocina y Mesa'],1,Cocina y Mesa,Cocina y Mesa,1.981174148044413,Cocina y Mesa
22978,PANTRY ROLLING PIN,238,2464,9564.98,4.34,27,Cocina y Mesa,['Cocina y Mesa'],1,Cocina y Mesa,Cocina y Mesa,1.8823785809543527,Cocina y Mesa
22979,PANTRY WASHING UP BRUSH,383,4090,6391.82,1.82,27,Cocina y Mesa,['Cocina y Mesa'],1,Cocina y Mesa,Cocina y Mesa,1.7910053793241185,Cocina y Mesa
22980,PANTRY SCRUBBING BRUSH,294,2363,3910.01,1.92,27,Cocina y Mesa,['Cocina y Mesa'],1,Cocina y Mesa,Cocina y Mesa,1.9129071411011318,Cocina y Mesa
22981,PANTRY APPLE CORER,108,471,704.13,1.87,27,Cocina y Mesa,['Cocina y Mesa'],1,Cocina y Mesa,Cocina y Mesa,1.9091126351362857,Cocina y Mesa
22982,PANTRY PASTRY BRUSH,212,1154,1543.77,1.64,27,Cocina y Mesa,['Cocina y Mesa'],1,Cocina y Mesa,Cocina y Mesa,1.9811324684334704,Cocina y Mesa
22983,CARD BILLBOARD FONT,552,6695,2843.55,0.53,22,Papelería y Tarjetería,['Papelería y Tarjetería'],1,Papelería y Tarjetería,Papelería y Tarjetería,1.8215589852338028,Papelería y Tarjetería
22984,CARD GINGHAM ROSE,214,3349,1370.73,0.48,22,Papelería y Tarjetería,['Papelería y Tarjetería'],1,Papelería y Tarjetería,Papelería y Tarjetería,1.8313672121113167,Papelería y Tarjetería
22985,WRAP BILLBOARD FONTS DESIGN,136,4722,1895.24,0.42,37,Papelería y Tarjetería,['Papelería y Tarjetería'],1,Papelería y Tarjetería,Papelería y Tarjetería,1.8437571467774454,Papelería y Tarjetería
22986,GINGHAM ROSE WRAP,204,5795,2389.9,0.42,37,Papelería y Tarjetería,['Papelería y Tarjetería'],1,Papelería y Tarjetería,Papelería y Tarjetería,1.9795755549286755,Papelería y Tarjetería
22987,WRAP SUMMER ROSE DESIGN,11,252,105.84,0.42,37,Papelería y Tarjetería,['Papelería y Tarjetería'],1,Papelería y Tarjetería,Papelería y Tarjetería,1.7639114384986616,Papelería y Tarjetería
22988,SOLDIERS EGG CUP,451,9363,11238.45,1.5,8,Cocina y Mesa,['Cocina y Mesa'],1,Cocina y Mesa,Cocina y Mesa,2.2271563980347224,Cocina y Mesa
22989,SET 2 PANTRY DESIGN TEA TOWELS,378,2811,8999.27,3.69,26,Cocina y Mesa,['Cocina y Mesa'],1,Cocina y Mesa,Cocina y Mesa,2.744981732484657,Cocina y Mesa
22990,COTTON APRON PANTRY DESIGN,166,633,2917.43,5.32,27,Cocina y Mesa,['Cocina y Mesa'],1,Cocina y Mesa,Cocina y Mesa,2.6259561441376644,Cocina y Mesa
22991,GIRAFFE WOODEN RULER,279,3887,7604.89,2.27,22,,[],0,Sin regla,Papelería y Tarjetería,0.029111864661313658,Sin clasificar
22992,REVOLVER WOODEN RULER,356,5233,10373.99,2.27,22,,[],0,Sin regla,Cocina y Mesa,0.0789709919135495,Sin clasificar
22993,SET OF 4 PANTRY JELLY MOULDS,1090,12649,16478.48,1.5,27,Cocina y Mesa,['Cocina y Mesa'],1,Cocina y Mesa,Cocina y Mesa,1.8100946297825173,Cocina y Mesa
22994,TRAVEL CARD WALLET RETROSPOT,219,2194,956.94,0.53,22,Bolsos y Carteras,"['Bolsos y Carteras', 'Papelería y Tarjetería']",2,Bolsos y Carteras,Bolsos y Carteras,2.168813772472369,Bolsos y Carteras
22995,TRAVEL CARD WALLET SUKI,268,2381,1058.64,0.54,22,Bolsos y Carteras,"['Bolsos y Carteras', 'Papelería y Tarjetería']",2,Bolsos y Carteras,Bolsos y Carteras,2.1026655156575615,Bolsos y Carteras
22996,TRAVEL CARD WALLET VINTAGE TICKET,415,4801,2094.93,0.53,22,Bolsos y Carteras,"['Bolsos y Carteras', 'Papelería y Tarjetería']",2,Bolsos y Carteras,Bolsos y Carteras,1.9052845780979522,Bolsos y Carteras
22997,TRAVEL CARD WALLET UNION JACK,223,2545,1094.93,0.49,17,Bolsos y Carteras,"['Bolsos y Carteras', 'Papelería y Tarjetería']",2,Bolsos y Carteras,Bolsos y Carteras,1.9184549159938944,Bolsos y Carteras
22998,TRAVEL CARD WALLET KEEP CALM,538,12366,5262.82,0.5,22,Bolsos y Carteras,"['Bolsos y Carteras', 'Papelería y Tarjetería']",2,Bolsos y Carteras,Bolsos y Carteras,1.7747910115689274,Bolsos y Carteras
22999,TRAVEL CARD WALLET VINTAGE LEAF,225,2894,1252.59,0.48,22,Bolsos y Carteras,"['Bolsos y Carteras', 'Papelería y Tarjetería']",2,Bolsos y Carteras,Bolsos y Carteras,1.8921644296842683,Bolsos y Carteras
23000,TRAVEL CARD WALLET TRANSPORT,279,3169,1368.28,0.52,22,Bolsos y Carteras,"['Bolsos y Carteras', 'Papelería y Tarjetería']",2,Bolsos y Carteras,Bolsos y Carteras,2.1547507431877975,Bolsos y Carteras
23002,TRAVEL CARD WALLET SKULLS,194,2119,914.37,0.52,22,Bolsos y Carteras,"['Bolsos y Carteras', 'Papelería y Tarjetería']",2,Bolsos y Carteras,Bolsos y Carteras,2.030470180273799,Bolsos y Carteras
23003,TRAVEL CARD WALLET VINTAGE ROSE,54,542,226.2,0.42,22,Bolsos y Carteras,"['Bolsos y Carteras', 'Papelería y Tarjetería']",2,Bolsos y Carteras,Bolsos y Carteras,2.0679708414533824,Bolsos y Carteras
23004,TRAVEL CARD WALLET PANTRY,224,2002,903.16,0.6,27,Bolsos y Carteras,"['Bolsos y Carteras', 'Cocina y Mesa', 'Papelería y Tarjetería']",3,Bolsos y Carteras,Bolsos y Carteras,1.8082555971300416,Bolsos y Carteras
23005,TRAVEL CARD WALLET I LOVE LONDON,244,4733,2126.55,0.52,31,Bolsos y Carteras,"['Bolsos y Carteras', 'Papelería y Tarjetería']",2,Bolsos y Carteras,Bolsos y Carteras,1.7942771728303195,Bolsos y Carteras
23006,TRAVEL CARD WALLET FLOWER MEADOW,173,1758,762.75,0.52,36,Bolsos y Carteras,"['Bolsos y Carteras', 'Papelería y Tarjetería']",2,Bolsos y Carteras,Bolsos y Carteras,1.8653102580216605,Bolsos y Carteras
23007,SPACEBOY BABY GIFT SET,184,498,7741.75,15.91,22,,[],0,Sin regla,Papelería y Tarjetería,0.12135864429282128,Sin clasificar
23008,DOLLY GIRL BABY GIFT SET,133,433,6719.61,16.13,40,,[],0,Sin regla,Cajas y Almacenamiento,0.017475316435429877,Sin clasificar
23009,I LOVE LONDON BABY GIFT SET,103,263,4082.52,15.99,31,,[],0,Sin regla,Cajas y Almacenamiento,0.05661137838682301,Sin clasificar
23010,CIRCUS PARADE BABY GIFT SET,111,315,4879.6,16.3,22,,[],0,Sin regla,Cajas y Almacenamiento,0.003757333299764465,Sin clasificar
23012,GLASS APOTHECARY BOTTLE PERFUME,248,1071,4197.11,4.63,22,,[],0,Sin regla,Botellas de Agua Caliente y Confort,0.197795369360383,Sin clasificar
23013,GLASS APOTHECARY BOTTLE TONIC,224,924,3674.16,4.67,22,,[],0,Sin regla,Cocina y Mesa,0.06637822456512144,Sin clasificar
23014,GLASS APOTHECARY BOTTLE ELIXIR,211,856,3419.58,4.86,22,,[],0,Sin regla,Botellas de Agua Caliente y Confort,0.1586026008357666,Sin clasificar
23015,CORDIAL GLASS JUG,19,40,338.38,8.69,22,Cocina y Mesa,['Cocina y Mesa'],1,Cocina y Mesa,Cocina y Mesa,1.8075480711109102,Cocina y Mesa
23016,GLASS TWIST BON BON JAR,24,74,575.25,8.71,22,,[],0,Sin regla,Cocina y Mesa,0.2320536135164748,Cocina y Mesa
23017,APOTHECARY MEASURING JAR,22,67,826.28,12.76,22,,[],0,Sin regla,Cocina y Mesa,0.9619586586212652,Cocina y Mesa
23018,LARGE APOTHECARY MEASURING JAR,21,51,612.16,12.9,22,,[],0,Sin regla,Cocina y Mesa,1.0371557523834405,Cocina y Mesa
23019,SMALL APOTHECARY MEASURING JAR,28,81,629.05,8.08,22,,[],0,Sin regla,Cocina y Mesa,1.106512832729384,Cocina y Mesa
23020,GLASS SONGBIRD STORAGE JAR,76,180,2191.84,13.0,22,Cajas y Almacenamiento,['Cajas y Almacenamiento'],1,Cajas y Almacenamiento,Cajas y Almacenamiento,2.3366344367306686,Cajas y Almacenamiento
23021,GLASS BONNE JAM JAR,27,120,500.82,4.44,22,Cocina y Mesa,['Cocina y Mesa'],1,Cocina y Mesa,Cocina y Mesa,2.3019645037981133,Cocina y Mesa
23022,SMALL BONNE JAM JAR T LIGHT HOLDER,24,422,808.16,2.03,15,Cocina y Mesa,"['Cocina y Mesa', 'Velas e Iluminación']",2,Cocina y Mesa,Cocina y Mesa,1.8908536802193117,Cocina y Mesa
23023,RIDGED BONNE JAM JAR T LIGHT HOLDER,25,274,437.82,1.77,15,Cocina y Mesa,"['Cocina y Mesa', 'Velas e Iluminación']",2,Cocina y Mesa,Cocina y Mesa,1.7483571737530395,Cocina y Mesa
23024,LARGE BONNE JAM JAR T LIGHT HOLDER,11,255,667.85,3.01,15,Cocina y Mesa,"['Cocina y Mesa', 'Velas e Iluminación']",2,Cocina y Mesa,Cocina y Mesa,1.8405057398066829,Cocina y Mesa
23025,DRAWER KNOB VINTAGE GLASS BALL,54,350,760.8,2.27,10,Cajas y Almacenamiento,['Cajas y Almacenamiento'],1,Cajas y Almacenamiento,Cajas y Almacenamiento,1.8405183766578035,Cajas y Almacenamiento
23026,DRAWER KNOB VINTAGE GLASS STAR,64,556,1198.96,2.33,10,Cajas y Almacenamiento,['Cajas y Almacenamiento'],1,Cajas y Almacenamiento,Cajas y Almacenamiento,1.940900931524133,Cajas y Almacenamiento
23027,DRAWER KNOB VINTAGE GLASS HEXAGON,30,295,627.95,2.22,10,Cajas y Almacenamiento,['Cajas y Almacenamiento'],1,Cajas y Almacenamiento,Cajas y Almacenamiento,1.8881171221578206,Cajas y Almacenamiento
23028,DRAWER KNOB CRACKLE GLAZE BLUE,138,1369,2377.13,1.93,10,Cajas y Almacenamiento,['Cajas y Almacenamiento'],1,Cajas y Almacenamiento,Cajas y Almacenamiento,1.9688666610921413,Cajas y Almacenamiento
23029,DRAWER KNOB CRACKLE GLAZE GREEN,156,1352,2303.92,1.84,10,Cajas y Almacenamiento,['Cajas y Almacenamiento'],1,Cajas y Almacenamiento,Cajas y Almacenamiento,1.9072170092624914,Cajas y Almacenamiento
23031,DRAWER KNOB CRACKLE GLAZE PINK,155,1278,2152.3,1.83,10,Cajas y Almacenamiento,['Cajas y Almacenamiento'],1,Cajas y Almacenamiento,Cajas y Almacenamiento,1.98411502244733,Cajas y Almacenamiento
23032,DRAWER KNOB CRACKLE GLAZE IVORY,203,2328,3853.68,1.77,10,Cajas y Almacenamiento,['Cajas y Almacenamiento'],1,Cajas y Almacenamiento,Cajas y Almacenamiento,1.9166053487309966,Cajas y Almacenamiento
23033,DRAWER KNOB CERAMIC RED,74,714,1058.9,1.81,10,Cajas y Almacenamiento,['Cajas y Almacenamiento'],1,Cajas y Almacenamiento,Cajas y Almacenamiento,2.0887189147760825,Cajas y Almacenamiento
23034,DRAWER KNOB CERAMIC BLACK,90,979,1448.67,1.63,10,Cajas y Almacenamiento,['Cajas y Almacenamiento'],1,Cajas y Almacenamiento,Cajas y Almacenamiento,1.9765610265629634,Cajas y Almacenamiento
23035,DRAWER KNOB CERAMIC IVORY,192,2191,3199.99,1.64,10,Cajas y Almacenamiento,['Cajas y Almacenamiento'],1,Cajas y Almacenamiento,Cajas y Almacenamiento,2.022750707617723,Cajas y Almacenamiento
23036,T LIGHT HOLDER SILVER PETIT FOUR,16,184,232.42,1.33,15,Velas e Iluminación,['Velas e Iluminación'],1,Velas e Iluminación,Velas e Iluminación,1.748723930647554,Velas e Iluminación
23037,CANDLE HOLDER SILVER MADELINE,20,196,325.16,1.89,35,Velas e Iluminación,['Velas e Iluminación'],1,Velas e Iluminación,Velas e Iluminación,1.7956291264805313,Velas e Iluminación
23038,T LIGHT HOLDER SILVER SAUCER,8,44,42.92,1.33,15,Cocina y Mesa,"['Cocina y Mesa', 'Velas e Iluminación']",2,Cocina y Mesa,Cocina y Mesa,0.9729876393271008,Cocina y Mesa
23039,T LIGHT HOLDER SILVER HEART HANDLE,29,199,399.71,2.39,15,Velas e Iluminación,['Velas e Iluminación'],1,Velas e Iluminación,Velas e Iluminación,2.112870016363093,Velas e Iluminación
23040,PAPER LANTERN 9 POINT SNOW STAR,43,253,1394.03,6.28,22,Velas e Iluminación,['Velas e Iluminación'],1,Velas e Iluminación,Velas e Iluminación,1.7638202563752974,Velas e Iluminación
23041,PAPER LANTERN 9 POINT SNOW STAR,54,272,1178.48,4.61,22,Velas e Iluminación,['Velas e Iluminación'],1,Velas e Iluminación,Velas e Iluminación,1.7638202563752974,Velas e Iluminación
23042,PAPER LANTERN 7 POINT SNOW STAR,28,103,711.51,7.36,22,Velas e Iluminación,['Velas e Iluminación'],1,Velas e Iluminación,Velas e Iluminación,1.7682788126152693,Velas e Iluminación
23043,PAPER LANTERN 9 POINT HOLLY STAR L,23,81,543.51,7.33,22,Navidad,"['Navidad', 'Velas e Iluminación']",2,Navidad,Navidad,1.5204497408678046,Navidad
23044,PAPER LANTERN 9 POINT HOLLY STAR S,26,101,423.29,4.31,22,Navidad,"['Navidad', 'Velas e Iluminación']",2,Navidad,Navidad,1.4751188130919821,Navidad
23045,PAPER LANTERN 5 POINT STAR MOON,25,118,497.98,4.48,22,Velas e Iluminación,['Velas e Iluminación'],1,Velas e Iluminación,Velas e Iluminación,1.736887961904902,Velas e Iluminación
23046,PAPER LANTERN 9 POINT DELUXE STAR,36,349,2111.49,6.81,22,Velas e Iluminación,['Velas e Iluminación'],1,Velas e Iluminación,Velas e Iluminación,1.6902799086619453,Velas e Iluminación
23047,PAPER LANTERN 5 POINT SEQUIN STAR,26,58,333.5,5.75,22,Velas e Iluminación,['Velas e Iluminación'],1,Velas e Iluminación,Velas e Iluminación,1.725908346851972,Velas e Iluminación
23048,SET OF 10 LANTERNS FAIRY LIGHT STAR,102,577,2368.37,4.67,19,Velas e Iluminación,['Velas e Iluminación'],1,Velas e Iluminación,Velas e Iluminación,2.92398315112354,Velas e Iluminación
23049,RECYCLED ACAPULCO MAT RED,186,456,3896.84,8.92,22,Textiles del Hogar,['Textiles del Hogar'],1,Textiles del Hogar,Textiles del Hogar,1.9954871900811397,Textiles del Hogar
23050,RECYCLED ACAPULCO MAT GREEN,205,497,4286.55,9.22,22,Textiles del Hogar,['Textiles del Hogar'],1,Textiles del Hogar,Textiles del Hogar,1.8926124914756213,Textiles del Hogar
23051,RECYCLED ACAPULCO MAT BLUE,162,365,3223.49,9.64,22,Textiles del Hogar,['Textiles del Hogar'],1,Textiles del Hogar,Textiles del Hogar,2.0143120660557985,Textiles del Hogar
23052,RECYCLED ACAPULCO MAT TURQUOISE,278,654,5949.34,9.78,22,Textiles del Hogar,['Textiles del Hogar'],1,Textiles del Hogar,Textiles del Hogar,1.9102628193186733,Textiles del Hogar
23053,RECYCLED ACAPULCO MAT PINK,164,364,3254.32,9.82,22,Textiles del Hogar,['Textiles del Hogar'],1,Textiles del Hogar,Textiles del Hogar,2.013934354592421,Textiles del Hogar
23054,RECYCLED ACAPULCO MAT LAVENDER,130,295,2604.93,9.53,22,Textiles del Hogar,['Textiles del Hogar'],1,Textiles del Hogar,Textiles del Hogar,1.8941390905991304,Textiles del Hogar
23055,IVORY CHANDELIER T LIGHT HOLDER,40,657,1395.18,5.62,15,Velas e Iluminación,['Velas e Iluminación'],1,Velas e Iluminación,Velas e Iluminación,1.9944117553860183,Velas e Iluminación
23056,FLOWERS CHANDELIER T LIGHT HOLDER,40,963,2898.12,6.18,15,Velas e Iluminación,['Velas e Iluminación'],1,Velas e Iluminación,Velas e Iluminación,1.9606600271692687,Velas e Iluminación
23057,BEADED CHANDELIER T LIGHT HOLDER,45,773,1768.67,4.78,15,Velas e Iluminación,['Velas e Iluminación'],1,Velas e Iluminación,Velas e Iluminación,1.7740386749266726,Velas e Iluminación
23058,CHRISTMAS HANGING SNOWFLAKE,48,490,430.86,1.23,0,Navidad,['Navidad'],1,Navidad,Navidad,1.9767083154787843,Navidad
23060,HEART BEADED TRELLIS DECORATION,44,249,528.17,2.22,1,Decoración del Hogar,['Decoración del Hogar'],1,Decoración del Hogar,Decoración del Hogar,1.9209976108962397,Decoración del Hogar
23061,VINTAGE EMBOSSED HEART,117,1015,1332.68,1.54,39,,[],0,Sin regla,Cocina y Mesa,0.1635406981854236,Sin clasificar
23064,CINDERELLA CHANDELIER,23,221,3717.56,45.49,22,,[],0,Sin regla,Velas e Iluminación,0.25593697614136746,Velas e Iluminación
23065,LARGE DECO JEWELLERY STAND,99,273,3427.44,12.98,22,Joyería y Bijouterie,['Joyería y Bijouterie'],1,Joyería y Bijouterie,Joyería y Bijouterie,1.8958048381194967,Joyería y Bijouterie
23066,SMALL DECO JEWELLERY STAND,85,259,2137.81,8.92,22,Joyería y Bijouterie,['Joyería y Bijouterie'],1,Joyería y Bijouterie,Joyería y Bijouterie,1.8785842133731614,Joyería y Bijouterie
23067,HANGING ENGRAVED METAL HEART,82,294,1236.66,4.35,39,,[],0,Sin regla,Decoración del Hogar,0.5484945667733596,Decoración del Hogar
23068,ALUMINIUM STAMPED HEART,138,809,1966.93,2.59,39,,[],0,Sin regla,Cocina y Mesa,0.3928654174802078,Cocina y Mesa
23069,EDWARDIAN PHOTO FRAME,32,88,556.21,6.44,33,Marcos y Fotografía,['Marcos y Fotografía'],1,Marcos y Fotografía,Marcos y Fotografía,2.6730324192947563,Marcos y Fotografía
23070,EDWARDIAN HEART PHOTO FRAME,44,160,709.54,5.09,33,Marcos y Fotografía,['Marcos y Fotografía'],1,Marcos y Fotografía,Marcos y Fotografía,2.3586942027310167,Marcos y Fotografía
23071,MARIE ANTOINETTE TRINKET BOX GOLD,20,315,1205.1,10.53,4,Cajas y Almacenamiento,['Cajas y Almacenamiento'],1,Cajas y Almacenamiento,Cajas y Almacenamiento,1.9208276654867231,Cajas y Almacenamiento
23072,MARIE ANTOINETTE TRINKET BOX SILVER,30,334,1273.76,13.73,4,Cajas y Almacenamiento,['Cajas y Almacenamiento'],1,Cajas y Almacenamiento,Cajas y Almacenamiento,2.0165961363244835,Cajas y Almacenamiento
23073,GEORGIAN TRINKET BOX,61,143,1706.5,12.41,4,Cajas y Almacenamiento,['Cajas y Almacenamiento'],1,Cajas y Almacenamiento,Cajas y Almacenamiento,1.9958233772582854,Cajas y Almacenamiento
23074,EMBOSSED HEART TRINKET BOX,48,246,547.27,2.62,4,Cajas y Almacenamiento,['Cajas y Almacenamiento'],1,Cajas y Almacenamiento,Cajas y Almacenamiento,2.078007980474362,Cajas y Almacenamiento
23075,PARLOUR CERAMIC WALL HOOK,80,472,1960.3,4.25,20,,[],0,Sin regla,"Espejos, Relojes y Arte de Pared",0.4122957614977376,"Espejos, Relojes y Arte de Pared"
23076,ICE CREAM SUNDAE LIP GLOSS,277,8076,9935.76,1.35,22,,[],0,Sin regla,Papelería y Tarjetería,0.24278241117321148,Papelería y Tarjetería
23077,DOUGHNUT LIP GLOSS,344,10395,13695.77,1.35,22,,[],0,Sin regla,Papelería y Tarjetería,0.15443147211719732,Sin clasificar
23078,ICE CREAM PEN LIP GLOSS,257,6831,8553.34,1.43,22,Papelería y Tarjetería,['Papelería y Tarjetería'],1,Papelería y Tarjetería,Papelería y Tarjetería,1.797588779347469,Papelería y Tarjetería
23079,TOADSTOOL BEDSIDE LIGHT,107,251,2225.45,8.94,22,Velas e Iluminación,['Velas e Iluminación'],1,Velas e Iluminación,Velas e Iluminación,1.7182006347637322,Velas e Iluminación
23080,RED METAL BOX TOP SECRET,261,1074,9117.62,9.34,4,,[],0,Sin regla,Cajas y Almacenamiento,0.39582931430347545,Cajas y Almacenamiento
23081,GREEN METAL BOX ARMY SUPPLIES,139,483,4038.25,9.41,4,,[],0,Sin regla,Cajas y Almacenamiento,0.5072568599031338,Cajas y Almacenamiento
23082,SET 6 PAPER TABLE LANTERN HEARTS,303,2328,8558.76,4.09,19,Velas e Iluminación,['Velas e Iluminación'],1,Velas e Iluminación,Velas e Iluminación,1.7646408956609734,Velas e Iluminación
23083,SET 6 PAPER TABLE LANTERN STARS,249,1932,7250.9,4.24,19,Velas e Iluminación,['Velas e Iluminación'],1,Velas e Iluminación,Velas e Iluminación,1.8169082225700537,Velas e Iluminación
23084,RABBIT NIGHT LIGHT,1017,30739,66870.03,2.39,22,Velas e Iluminación,['Velas e Iluminación'],1,Velas e Iluminación,Velas e Iluminación,1.9669754897362177,Velas e Iluminación
23085,ANTIQUE SILVER BAUBLE LAMP,84,376,3583.23,10.84,22,Navidad,['Navidad'],1,Navidad,Navidad,1.7679340616437944,Navidad
23086,ZINC STAR T LIGHT HOLDER,47,1225,1451.43,1.52,15,Velas e Iluminación,['Velas e Iluminación'],1,Velas e Iluminación,Velas e Iluminación,2.114567092350538,Velas e Iluminación
23087,ZINC HEART T LIGHT HOLDER,69,868,1090.66,1.59,15,Velas e Iluminación,['Velas e Iluminación'],1,Velas e Iluminación,Velas e Iluminación,2.3434094289382945,Velas e Iluminación
23088,ZINC HEART FLOWER T LIGHT HOLDER,79,795,1033.28,1.63,15,Velas e Iluminación,['Velas e Iluminación'],1,Velas e Iluminación,Velas e Iluminación,2.0393886235903853,Velas e Iluminación
23089,GLASS BON BON JAR,228,2354,4215.78,2.38,22,,[],0,Sin regla,Cocina y Mesa,0.2699815448751366,Cocina y Mesa
23090,VINTAGE GLASS T LIGHT HOLDER,152,2237,1870.03,0.98,15,Velas e Iluminación,['Velas e Iluminación'],1,Velas e Iluminación,Velas e Iluminación,1.871987053651135,Velas e Iluminación
23091,ZINC HERB GARDEN CONTAINER,210,580,3656.32,6.73,42,Jardín y Exterior,['Jardín y Exterior'],1,Jardín y Exterior,Jardín y Exterior,2.228206964180746,Jardín y Exterior
23092,LARGE ANTIQUE WHITE PHOTO FRAME,135,523,3757.78,8.1,33,Marcos y Fotografía,['Marcos y Fotografía'],1,Marcos y Fotografía,Marcos y Fotografía,2.304990013882261,Marcos y Fotografía
23093,SMALL PARISIENNE HEART PHOTO FRAME,142,939,2239.24,2.79,33,Marcos y Fotografía,['Marcos y Fotografía'],1,Marcos y Fotografía,Marcos y Fotografía,2.145563804549234,Marcos y Fotografía
23094,LE GRAND TRAY CHIC SET,79,152,1924.92,12.82,43,,[],0,Sin regla,Cocina y Mesa,0.16623478851200224,Sin clasificar
23096,PETIT TRAY CHIC,146,1033,1736.69,2.03,43,,[],0,Sin regla,Papelería y Tarjetería,0.15217831519692837,Sin clasificar
23099,FRENCH CARRIAGE LANTERN,59,137,925.35,7.04,22,Velas e Iluminación,['Velas e Iluminación'],1,Velas e Iluminación,Velas e Iluminación,1.852055041173029,Velas e Iluminación
23100,SILVER BELLS TABLE DECORATION,263,2166,2739.38,1.43,19,Decoración del Hogar,['Decoración del Hogar'],1,Decoración del Hogar,Decoración del Hogar,1.8771324270007537,Decoración del Hogar
23101,SILVER STARS TABLE DECORATION,214,2031,1739.63,0.97,19,Decoración del Hogar,['Decoración del Hogar'],1,Decoración del Hogar,Decoración del Hogar,1.9137445017255228,Decoración del Hogar
23102,SILVER HEARTS TABLE DECORATION,159,1274,1075.03,0.97,19,Decoración del Hogar,['Decoración del Hogar'],1,Decoración del Hogar,Decoración del Hogar,1.7307063432600969,Decoración del Hogar
23103,JINGLE BELL HEART DECORATION,376,4072,6846.16,1.84,1,Decoración del Hogar,['Decoración del Hogar'],1,Decoración del Hogar,Decoración del Hogar,2.0090693110800624,Decoración del Hogar
23104,IVORY CAFE HANGING LAMP,46,118,1405.42,12.86,22,,[],0,Sin regla,Decoración del Hogar,0.3463726496721329,Decoración del Hogar
23106,ZINC HEARTS PLANT POT HOLDER,53,291,815.59,2.94,7,Jardín y Exterior,['Jardín y Exterior'],1,Jardín y Exterior,Jardín y Exterior,1.8355729648615158,Jardín y Exterior
23107,WHITE HEARTS WIRE PLANT POT HOLDER,73,359,1009.51,3.2,7,Jardín y Exterior,['Jardín y Exterior'],1,Jardín y Exterior,Jardín y Exterior,1.785161198128888,Jardín y Exterior
23108,SET OF 10 LED DOLLY LIGHTS,373,2219,13290.52,6.47,23,Velas e Iluminación,['Velas e Iluminación'],1,Velas e Iluminación,Velas e Iluminación,1.8970673502732645,Velas e Iluminación
23109,PACK OF SIX LED TEA LIGHTS,272,2386,6835.02,3.26,23,Velas e Iluminación,['Velas e Iluminación'],1,Velas e Iluminación,Velas e Iluminación,1.7882567261732336,Velas e Iluminación
23110,PARISIENNE KEY CABINET,256,700,4147.18,6.66,22,Cajas y Almacenamiento,['Cajas y Almacenamiento'],1,Cajas y Almacenamiento,Cajas y Almacenamiento,1.8665642913659868,Cajas y Almacenamiento
23111,PARISIENNE SEWING BOX,139,312,3839.24,13.47,4,Cajas y Almacenamiento,['Cajas y Almacenamiento'],1,Cajas y Almacenamiento,Cajas y Almacenamiento,1.9126406443132966,Cajas y Almacenamiento
23112,PARISIENNE CURIO CABINET,241,546,4507.08,9.17,22,Cajas y Almacenamiento,['Cajas y Almacenamiento'],1,Cajas y Almacenamiento,Cajas y Almacenamiento,1.9801118903535229,Cajas y Almacenamiento
23113,PANTRY CHOPPING BOARD,57,1154,5868.5,6.36,27,Cocina y Mesa,['Cocina y Mesa'],1,Cocina y Mesa,Cocina y Mesa,0.46576303291650767,Cocina y Mesa
23114,VINTAGE LEAF CHOPPING BOARD,45,149,737.95,5.45,22,,[],0,Sin regla,Decoración del Hogar,0.7055814790014684,Decoración del Hogar
23115,RED APPLES CHOPPING BOARD,45,152,770.32,5.84,22,,[],0,Sin regla,Decoración del Hogar,0.3589686585239775,Decoración del Hogar
23116,VEGETABLE GARDEN CHOPPING BOARD,22,76,382.44,6.24,42,Jardín y Exterior,['Jardín y Exterior'],1,Jardín y Exterior,Jardín y Exterior,1.8407096973488937,Jardín y Exterior
23117,POPPY FIELDS CHOPPING BOARD,45,93,501.23,5.6,22,,[],0,Sin regla,Decoración del Hogar,0.7888950301706897,Decoración del Hogar
23118,PARISIENNE JEWELLERY DRAWER,258,813,6102.18,8.39,22,Joyería y Bijouterie,['Joyería y Bijouterie'],1,Joyería y Bijouterie,Joyería y Bijouterie,1.6126113536165019,Joyería y Bijouterie
23119,PACK OF 6 LARGE FRUIT STRAWS,151,2282,1401.7,0.78,22,,[],0,Sin regla,Cocina y Mesa,0.6142912345982494,Cocina y Mesa
23120,PACK OF 6 SMALL FRUIT STRAWS,105,1685,682.39,0.47,22,,[],0,Sin regla,Cocina y Mesa,0.657413932822151,Cocina y Mesa
23121,PACK OF 6 COCKTAIL PARASOL STRAWS,116,2501,1000.44,0.55,22,Jardín y Exterior,['Jardín y Exterior'],1,Jardín y Exterior,Jardín y Exterior,1.3162646434993932,Jardín y Exterior
23122,PARTY CHARMS 50 PIECES,136,2251,1726.09,1.04,22,,[],0,Sin regla,Joyería y Bijouterie,0.02206134510940405,Sin clasificar
23123,COCKTAIL SWORDS 50 PIECES,95,935,759.57,1.01,22,,[],0,Sin regla,Papelería y Tarjetería,0.3098240479377331,Papelería y Tarjetería
23124,18PC WOODEN CUTLERY SET DISPOSABLE,43,567,751.38,1.75,22,Cocina y Mesa,['Cocina y Mesa'],1,Cocina y Mesa,Cocina y Mesa,1.904322686820271,Cocina y Mesa
23125,6PC WOOD PLATE SET DISPOSABLE,38,459,574.88,1.91,26,Cocina y Mesa,['Cocina y Mesa'],1,Cocina y Mesa,Cocina y Mesa,1.8324542273907864,Cocina y Mesa
23126,FELTCRAFT GIRL AMELIE KIT,293,1109,5532.04,5.38,22,Papelería y Tarjetería,['Papelería y Tarjetería'],1,Papelería y Tarjetería,Papelería y Tarjetería,1.9789616739723943,Papelería y Tarjetería
23127,FELTCRAFT GIRL NICOLE KIT,196,736,3759.0,5.26,22,Papelería y Tarjetería,['Papelería y Tarjetería'],1,Papelería y Tarjetería,Papelería y Tarjetería,1.9679833217608846,Papelería y Tarjetería
23128,FELTCRAFT BOY JEAN PAUL KIT,139,448,2258.66,5.27,22,Papelería y Tarjetería,['Papelería y Tarjetería'],1,Papelería y Tarjetería,Papelería y Tarjetería,2.0181338210230355,Papelería y Tarjetería
23129,HEART SHAPED HOLLY WREATH,172,950,3999.5,4.58,39,Navidad,"['Navidad', 'Decoración del Hogar']",2,Navidad,Navidad,0.46047992381470004,Navidad
23130,MISTLETOE HEART WREATH GREEN,184,962,3988.98,4.52,39,Navidad,"['Navidad', 'Decoración del Hogar']",2,Navidad,Navidad,1.6636854424408056,Navidad
23131,MISTLETOE HEART WREATH CREAM,116,942,3835.98,4.2,39,Navidad,"['Navidad', 'Decoración del Hogar']",2,Navidad,Navidad,1.7119402287086665,Navidad
23132,SMALL IVORY HEART WALL ORGANISER,152,1020,5138.6,6.22,20,,[],0,Sin regla,"Espejos, Relojes y Arte de Pared",0.011345079289141857,Sin clasificar
23133,LARGE IVORY HEART WALL ORGANISER,155,782,5525.4,9.16,20,,[],0,Sin regla,"Espejos, Relojes y Arte de Pared",0.06728075095195551,Sin clasificar
23134,LARGE ZINC HEART WALL ORGANISER,38,1065,6431.11,7.91,20,,[],0,Sin regla,Decoración del Hogar,0.14356885532351804,Sin clasificar
23135,SMALL ZINC HEART WALL ORGANISER,45,1541,5416.18,5.68,20,,[],0,Sin regla,Decoración del Hogar,0.18942549509107787,Sin clasificar
23136,IVORY WIRE SWEETHEART LETTER TRAY,49,135,511.89,4.03,43,,[],0,Sin regla,Cocina y Mesa,0.25709187193244987,Cocina y Mesa
23137,ZINC WIRE SWEETHEART LETTER TRAY,23,83,275.62,3.98,43,,[],0,Sin regla,Cocina y Mesa,0.07015980331698202,Sin clasificar
23138,SINGLE WIRE HOOK IVORY HEART,84,879,1231.51,1.6,39,,[],0,Sin regla,Decoración del Hogar,0.09244260639489288,Sin clasificar
23139,SINGLE WIRE HOOK PINK HEART,28,414,528.7,1.61,39,,[],0,Sin regla,Decoración del Hogar,0.03093048193604131,Sin clasificar
23140,TRIPLE WIRE HOOK IVORY HEART,52,182,766.1,4.54,39,,[],0,Sin regla,Velas e Iluminación,0.04917988969832765,Sin clasificar
23141,TRIPLE WIRE HOOK PINK HEART,25,79,272.91,4.24,39,,[],0,Sin regla,Velas e Iluminación,0.06674783099122461,Sin clasificar
23142,IVORY WIRE KITCHEN ORGANISER,40,121,1220.82,11.12,27,,[],0,Sin regla,Decoración del Hogar,0.20212842953728816,Decoración del Hogar
23143,ZINC WIRE KITCHEN ORGANISER,16,30,239.97,9.93,27,,[],0,Sin regla,Decoración del Hogar,0.48816882225807734,Decoración del Hogar
23144,ZINC T LIGHT HOLDER STARS SMALL,275,5089,4197.83,0.94,15,Velas e Iluminación,['Velas e Iluminación'],1,Velas e Iluminación,Velas e Iluminación,1.9445276564578866,Velas e Iluminación
23145,ZINC T LIGHT HOLDER STAR LARGE,170,2084,1979.48,1.08,15,Velas e Iluminación,['Velas e Iluminación'],1,Velas e Iluminación,Velas e Iluminación,2.1733138833888157,Velas e Iluminación
23146,TRIPLE HOOK ANTIQUE IVORY ROSE,231,798,2645.26,3.51,22,,[],0,Sin regla,Cocina y Mesa,0.17320382439103782,Sin clasificar
23147,SINGLE ANTIQUE ROSE HOOK IVORY,265,1868,2752.2,1.53,22,,[],0,Sin regla,Cocina y Mesa,0.04274722621991067,Sin clasificar
23148,MINIATURE ANTIQUE ROSE HOOK IVORY,254,2139,1816.31,0.91,22,,[],0,Sin regla,Cocina y Mesa,0.27433729601274365,Cocina y Mesa
23149,ANTIQUE IVORY WIRE BOWL SMALL,21,99,251.45,2.73,44,Cocina y Mesa,['Cocina y Mesa'],1,Cocina y Mesa,Cocina y Mesa,1.995770159386472,Cocina y Mesa
23150,IVORY SWEETHEART SOAP DISH,49,148,390.75,2.94,34,,[],0,Sin regla,Cocina y Mesa,0.40814928172536985,Cocina y Mesa
23151,ZINC SWEETHEART SOAP DISH,21,61,114.33,2.24,34,,[],0,Sin regla,Decoración del Hogar,0.019642903294468383,Sin clasificar
23152,IVORY SWEETHEART WIRE LETTER RACK,160,554,2080.65,3.95,30,,[],0,Sin regla,Cajas y Almacenamiento,0.0895636926864275,Sin clasificar
23153,ZINC SWEETHEART WIRE LETTER RACK,90,263,1020.69,4.24,30,,[],0,Sin regla,Cocina y Mesa,0.0732362872433373,Sin clasificar
23154,SET OF 4 JAM JAR MAGNETS,240,2701,5842.88,2.21,22,Cocina y Mesa,['Cocina y Mesa'],1,Cocina y Mesa,Cocina y Mesa,1.7999624337163684,Cocina y Mesa
23155,KNICKERBOCKERGLORY MAGNET ASSORTED,135,2221,1904.77,1.47,22,,[],0,Sin regla,Decoración del Hogar,0.2106167807723024,Decoración del Hogar
23156,SET OF 5 MINI GROCERY MAGNETS,207,1665,3423.29,2.26,22,,[],0,Sin regla,Papelería y Tarjetería,0.021683466565016518,Sin clasificar
23157,SET OF 6 NATIVITY MAGNETS,169,2557,5143.06,2.36,22,Navidad,['Navidad'],1,Navidad,Navidad,1.6418584665882192,Navidad
23158,SET OF 5 LUCKY CAT MAGNETS,255,2633,5513.83,2.67,22,,[],0,Sin regla,Papelería y Tarjetería,0.06100926208752022,Sin clasificar
23159,SET OF 5 PANCAKE DAY MAGNETS,224,2293,4713.52,2.32,22,,[],0,Sin regla,Cocina y Mesa,0.32717041010168185,Cocina y Mesa
23160,REGENCY TEA SPOON,76,1450,1794.48,1.49,26,Cocina y Mesa,['Cocina y Mesa'],1,Cocina y Mesa,Cocina y Mesa,2.0904419387884725,Cocina y Mesa
23161,REGENCY CAKE FORK,98,1715,2145.3,1.59,32,Cocina y Mesa,['Cocina y Mesa'],1,Cocina y Mesa,Cocina y Mesa,1.9764055074680265,Cocina y Mesa
23162,REGENCY TEA STRAINER,176,1412,5143.69,4.42,26,,[],0,Sin regla,Cocina y Mesa,1.0404793753354082,Cocina y Mesa
23163,REGENCY SUGAR TONGS,209,1832,4515.22,3.33,22,,[],0,Sin regla,Cocina y Mesa,0.9132448065766174,Cocina y Mesa
23164,REGENCY CAKE SLICE,92,578,2718.65,5.58,32,,[],0,Sin regla,Cocina y Mesa,1.3083201803480984,Cocina y Mesa
23165,LARGE CERAMIC TOP STORAGE JAR,283,3114,5141.06,1.98,22,Cajas y Almacenamiento,['Cajas y Almacenamiento'],1,Cajas y Almacenamiento,Cajas y Almacenamiento,1.970403821251167,Cajas y Almacenamiento
23166,MEDIUM CERAMIC TOP STORAGE JAR,250,78033,81700.92,1.47,22,Cajas y Almacenamiento,['Cajas y Almacenamiento'],1,Cajas y Almacenamiento,Cajas y Almacenamiento,1.9523389054354614,Cajas y Almacenamiento
23167,SMALL CERAMIC TOP STORAGE JAR,238,5847,4476.01,1.0,22,Cajas y Almacenamiento,['Cajas y Almacenamiento'],1,Cajas y Almacenamiento,Cajas y Almacenamiento,1.9369077359753184,Cajas y Almacenamiento
23168,CLASSIC CAFE SUGAR DISPENSER,342,3291,4558.67,1.78,22,,[],0,Sin regla,Cocina y Mesa,0.2775836854092729,Cocina y Mesa
23169,CLASSIC GLASS COOKIE JAR,315,1556,6662.84,4.72,22,,[],0,Sin regla,Cocina y Mesa,0.2083443124955222,Cocina y Mesa
23170,REGENCY TEA PLATE ROSES,445,6857,11097.25,2.08,26,Cocina y Mesa,['Cocina y Mesa'],1,Cocina y Mesa,Cocina y Mesa,2.116964102664072,Cocina y Mesa
23171,REGENCY TEA PLATE GREEN,383,6247,10051.99,2.13,26,Cocina y Mesa,['Cocina y Mesa'],1,Cocina y Mesa,Cocina y Mesa,2.022174646054152,Cocina y Mesa
23172,REGENCY TEA PLATE PINK,305,3861,6344.41,2.07,26,Cocina y Mesa,['Cocina y Mesa'],1,Cocina y Mesa,Cocina y Mesa,2.0168987803757665,Cocina y Mesa
23173,REGENCY TEAPOT ROSES,421,2766,24879.13,11.12,22,Cocina y Mesa,['Cocina y Mesa'],1,Cocina y Mesa,Cocina y Mesa,1.8256683275550536,Cocina y Mesa
23174,REGENCY SUGAR BOWL GREEN,324,3055,12342.43,4.8,44,Cocina y Mesa,['Cocina y Mesa'],1,Cocina y Mesa,Cocina y Mesa,2.448584124772072,Cocina y Mesa
23175,REGENCY MILK JUG PINK,331,3160,9587.15,3.88,22,Cocina y Mesa,['Cocina y Mesa'],1,Cocina y Mesa,Cocina y Mesa,1.8711089221644237,Cocina y Mesa
23176,ABC TREASURE BOOK BOX,227,2165,4693.08,2.66,4,Cajas y Almacenamiento,['Cajas y Almacenamiento'],1,Cajas y Almacenamiento,Cajas y Almacenamiento,2.3350630141399944,Cajas y Almacenamiento
23177,TREASURE ISLAND BOOK BOX,270,2532,5521.29,2.7,4,Cajas y Almacenamiento,['Cajas y Almacenamiento'],1,Cajas y Almacenamiento,Cajas y Almacenamiento,2.310293687864853,Cajas y Almacenamiento
23178,JAM CLOCK MAGNET,68,327,936.89,3.36,16,"Espejos, Relojes y Arte de Pared","['Espejos, Relojes y Arte de Pared', 'Cocina y Mesa']",2,"Espejos, Relojes y Arte de Pared","Espejos, Relojes y Arte de Pared",1.810447261426372,"Espejos, Relojes y Arte de Pared"
23179,CLOCK MAGNET MUM S KITCHEN,53,324,930.48,3.52,27,"Espejos, Relojes y Arte de Pared","['Espejos, Relojes y Arte de Pared']",1,"Espejos, Relojes y Arte de Pared","Espejos, Relojes y Arte de Pared",1.9091734975526844,"Espejos, Relojes y Arte de Pared"
23180,MUM S KITCHEN CLOCK,49,122,621.09,5.94,27,"Espejos, Relojes y Arte de Pared","['Espejos, Relojes y Arte de Pared']",1,"Espejos, Relojes y Arte de Pared","Espejos, Relojes y Arte de Pared",1.9480211685026907,"Espejos, Relojes y Arte de Pared"
23181,BULL DOG BOTTLE TOP WALL CLOCK,82,201,1733.57,9.42,16,"Espejos, Relojes y Arte de Pared","['Espejos, Relojes y Arte de Pared']",1,"Espejos, Relojes y Arte de Pared","Espejos, Relojes y Arte de Pared",1.9327562413433141,"Espejos, Relojes y Arte de Pared"
23182,TOILET SIGN OCCUPIED OR VACANT,437,3741,3688.21,1.53,11,Carteles y Señalética,['Carteles y Señalética'],1,Carteles y Señalética,Carteles y Señalética,1.953976357785212,Carteles y Señalética
23183,MOTHER S KITCHEN SPOON REST,85,226,967.17,4.88,27,Cocina y Mesa,['Cocina y Mesa'],1,Cocina y Mesa,Cocina y Mesa,1.7265804110782217,Cocina y Mesa
23184,BULL DOG BOTTLE OPENER,266,874,4764.5,6.45,22,,[],0,Sin regla,Papelería y Tarjetería,0.174778153965158,Sin clasificar
23185,FRENCH STYLE STORAGE JAR JAM,31,317,114.85,0.35,22,Cajas y Almacenamiento,"['Cajas y Almacenamiento', 'Cocina y Mesa']",2,Cajas y Almacenamiento,Cajas y Almacenamiento,1.2965656907777487,Cajas y Almacenamiento
23186,FRENCH STYLE STORAGE JAR CAFE,71,1982,819.46,0.34,22,Cajas y Almacenamiento,['Cajas y Almacenamiento'],1,Cajas y Almacenamiento,Cajas y Almacenamiento,1.9994237788659348,Cajas y Almacenamiento
23187,FRENCH STYLE STORAGE JAR BONBONS,75,2338,695.06,0.32,22,Cajas y Almacenamiento,['Cajas y Almacenamiento'],1,Cajas y Almacenamiento,Cajas y Almacenamiento,1.9203211679773031,Cajas y Almacenamiento
23188,VINTAGE 2 METER FOLDING RULER,337,3471,6447.77,1.93,22,,[],0,Sin regla,Cocina y Mesa,0.12507741861559618,Sin clasificar
23189,SET OF 12 FORK CANDLES,142,1249,3507.51,3.4,12,Cocina y Mesa,"['Cocina y Mesa', 'Velas e Iluminación']",2,Cocina y Mesa,Cocina y Mesa,0.7482293321554369,Cocina y Mesa
23190,BUNDLE OF 3 SCHOOL EXERCISE BOOKS,203,1702,2761.9,1.8,22,,[],0,Sin regla,Velas e Iluminación,0.23932453067233928,Velas e Iluminación
23191,BUNDLE OF 3 RETRO NOTE BOOKS,287,2201,3628.89,1.87,22,,[],0,Sin regla,Papelería y Tarjetería,0.11976288782349642,Sin clasificar
23192,BUNDLE OF 3 ALPHABET EXERCISE BOOKS,351,3516,6114.24,1.77,22,,[],0,Sin regla,Papelería y Tarjetería,0.08656102759349704,Sin clasificar
23193,BUFFALO BILL TREASURE BOOK BOX,175,1922,4079.28,2.73,4,Cajas y Almacenamiento,['Cajas y Almacenamiento'],1,Cajas y Almacenamiento,Cajas y Almacenamiento,1.830434866993476,Cajas y Almacenamiento
23194,GYMKHANA TREASURE BOOK BOX,217,1835,4077.37,2.71,4,Cajas y Almacenamiento,['Cajas y Almacenamiento'],1,Cajas y Almacenamiento,Cajas y Almacenamiento,1.972297749500945,Cajas y Almacenamiento
23196,VINTAGE LEAF MAGNETIC NOTEPAD,304,1872,2842.24,1.8,22,,[],0,Sin regla,Papelería y Tarjetería,0.6106521672149713,Papelería y Tarjetería
23197,SKETCHBOOK MAGNETIC SHOPPING LIST,250,1478,2303.5,1.95,22,,[],0,Sin regla,Cocina y Mesa,0.41555766036274977,Cocina y Mesa
23198,PANTRY MAGNETIC SHOPPING LIST,485,3342,5062.6,1.8,27,Cocina y Mesa,['Cocina y Mesa'],1,Cocina y Mesa,Cocina y Mesa,1.515487920285686,Cocina y Mesa
23199,JUMBO BAG APPLES,986,14908,30450.69,2.57,6,Bolsos y Carteras,['Bolsos y Carteras'],1,Bolsos y Carteras,Bolsos y Carteras,2.144308798267671,Bolsos y Carteras
23200,JUMBO BAG PEARS,598,7067,14188.96,2.43,6,Bolsos y Carteras,['Bolsos y Carteras'],1,Bolsos y Carteras,Bolsos y Carteras,2.168378072042353,Bolsos y Carteras
23201,JUMBO BAG ALPHABET,911,13366,27850.83,2.39,6,Bolsos y Carteras,['Bolsos y Carteras'],1,Bolsos y Carteras,Bolsos y Carteras,2.0830173743186906,Bolsos y Carteras
23202,JUMBO BAG VINTAGE LEAF,886,10941,21810.43,2.3,6,Bolsos y Carteras,['Bolsos y Carteras'],1,Bolsos y Carteras,Bolsos y Carteras,2.01936083062378,Bolsos y Carteras
23203,JUMBO BAG VINTAGE DOILY,1242,20485,42030.34,2.28,6,Bolsos y Carteras,"['Bolsos y Carteras', 'Papelería y Tarjetería']",2,Bolsos y Carteras,Bolsos y Carteras,1.8245475044888866,Bolsos y Carteras
23204,CHARLOTTE BAG APPLES DESIGN,586,7976,7741.94,1.12,6,Bolsos y Carteras,['Bolsos y Carteras'],1,Bolsos y Carteras,Bolsos y Carteras,1.9649494656494657,Bolsos y Carteras
23205,CHARLOTTE BAG VINTAGE ALPHABET,470,5857,5726.38,1.15,6,Bolsos y Carteras,['Bolsos y Carteras'],1,Bolsos y Carteras,Bolsos y Carteras,1.8173756156395533,Bolsos y Carteras
23206,LUNCH BAG APPLE DESIGN,1053,12147,20852.58,2.06,6,Bolsos y Carteras,['Bolsos y Carteras'],1,Bolsos y Carteras,Bolsos y Carteras,2.0951281424978934,Bolsos y Carteras
23207,LUNCH BAG ALPHABET DESIGN,756,7830,13325.55,1.99,6,Bolsos y Carteras,['Bolsos y Carteras'],1,Bolsos y Carteras,Bolsos y Carteras,1.9121488673115543,Bolsos y Carteras
23208,LUNCH BAG VINTAGE LEAF DESIGN,677,6308,10441.91,1.94,6,Bolsos y Carteras,['Bolsos y Carteras'],1,Bolsos y Carteras,Bolsos y Carteras,1.9450811309239893,Bolsos y Carteras
23209,LUNCH BAG VINTAGE DOILY,1114,13170,21418.82,1.82,6,Bolsos y Carteras,"['Bolsos y Carteras', 'Papelería y Tarjetería']",2,Bolsos y Carteras,Bolsos y Carteras,1.860920160754279,Bolsos y Carteras
23210,WHITE ROCKING HORSE HAND PAINTED,202,2849,3551.53,1.47,22,,[],0,Sin regla,Navidad,0.30012702012406034,Navidad
23211,RED ROCKING HORSE HAND PAINTED,162,2329,2930.57,1.57,22,,[],0,Sin regla,Navidad,0.2170495527003311,Navidad
23212,HEART WREATH DECORATION WITH BELL,191,2296,2860.89,1.5,1,Decoración del Hogar,['Decoración del Hogar'],1,Decoración del Hogar,Decoración del Hogar,2.4050569453243598,Decoración del Hogar
23213,STAR WREATH DECORATION WITH BELL,155,1682,2138.42,1.49,1,Decoración del Hogar,['Decoración del Hogar'],1,Decoración del Hogar,Decoración del Hogar,2.2574983175834946,Decoración del Hogar
23214,JINGLE BELL HEART ANTIQUE GOLD,104,789,1695.04,2.39,39,,[],0,Sin regla,Decoración del Hogar,0.19219094694459582,Sin clasificar
23215,JINGLE BELL HEART ANTIQUE SILVER,213,3564,7038.4,2.26,39,,[],0,Sin regla,Decoración del Hogar,0.049139171727864084,Sin clasificar
23216,LAUREL HEART ANTIQUE GOLD,45,525,630.73,1.45,39,,[],0,Sin regla,Cocina y Mesa,0.04065858426219582,Sin clasificar
23217,LAUREL HEART ANTIQUE SILVER,99,1309,1613.82,1.54,39,,[],0,Sin regla,Cocina y Mesa,0.4121294108819164,Cocina y Mesa
23218,LAUREL STAR ANTIQUE GOLD,40,379,483.03,1.57,22,,[],0,Sin regla,Cocina y Mesa,0.015838991328436136,Sin clasificar
23219,LAUREL STAR ANTIQUE SILVER,64,430,568.6,1.53,22,,[],0,Sin regla,Cocina y Mesa,0.2941855007302989,Cocina y Mesa
23220,REINDEER HEART DECORATION GOLD,104,993,869.15,1.08,1,Navidad,"['Navidad', 'Decoración del Hogar']",2,Navidad,Navidad,1.7533861748959056,Navidad
23221,REINDEER HEART DECORATION SILVER,149,1536,1363.04,1.08,1,Navidad,"['Navidad', 'Decoración del Hogar']",2,Navidad,Navidad,1.7333242131164555,Navidad
23222,CHRISTMAS TREE HANGING GOLD,77,799,718.53,1.05,0,Navidad,['Navidad'],1,Navidad,Navidad,2.3482210768097573,Navidad
23223,CHRISTMAS TREE HANGING SILVER,89,801,750.19,1.09,0,Navidad,['Navidad'],1,Navidad,Navidad,2.371424478862804,Navidad
23224,CHERUB HEART DECORATION GOLD,71,738,649.02,1.04,1,Decoración del Hogar,['Decoración del Hogar'],1,Decoración del Hogar,Decoración del Hogar,1.898191505672913,Decoración del Hogar
23225,CHERUB HEART DECORATION SILVER,88,1355,1176.17,1.09,1,Decoración del Hogar,['Decoración del Hogar'],1,Decoración del Hogar,Decoración del Hogar,1.9203672170144521,Decoración del Hogar
23226,FILIGREE HEART DAISY WHITE,99,1247,1596.67,1.57,39,,[],0,Sin regla,Decoración del Hogar,0.11317274854794279,Sin clasificar
23227,FILIGREE HEART BUTTERFLY WHITE,117,1642,2070.06,1.57,39,,[],0,Sin regla,Cocina y Mesa,0.05406088809887477,Sin clasificar
23228,FILIGREE HEART BIRD WHITE,126,1492,1960.0,1.79,39,,[],0,Sin regla,Decoración del Hogar,0.4509051305823243,Decoración del Hogar
23229,VINTAGE DONKEY TAIL GAME,256,1869,6739.71,4.24,22,,[],0,Sin regla,Papelería y Tarjetería,0.1753415813107611,Sin clasificar
23230,WRAP ALPHABET DESIGN,235,7976,3217.92,0.42,37,Papelería y Tarjetería,['Papelería y Tarjetería'],1,Papelería y Tarjetería,Papelería y Tarjetería,1.8893034292003839,Papelería y Tarjetería
23231,WRAP DOILEY DESIGN,260,7277,3008.34,0.42,37,Papelería y Tarjetería,['Papelería y Tarjetería'],1,Papelería y Tarjetería,Papelería y Tarjetería,2.9062375677399777,Papelería y Tarjetería
23232,WRAP VINTAGE LEAF DESIGN,239,8526,3436.92,0.42,37,Papelería y Tarjetería,['Papelería y Tarjetería'],1,Papelería y Tarjetería,Papelería y Tarjetería,1.7382215294975787,Papelería y Tarjetería
23233,WRAP POPPIES DESIGN,159,5175,2105.5,0.42,37,Papelería y Tarjetería,['Papelería y Tarjetería'],1,Papelería y Tarjetería,Papelería y Tarjetería,1.9464205047415029,Papelería y Tarjetería
23234,BISCUIT TIN VINTAGE CHRISTMAS,278,1722,5079.78,3.38,0,Navidad,"['Navidad', 'Cocina y Mesa']",2,Navidad,Navidad,1.7919209873473836,Navidad
23235,STORAGE TIN VINTAGE LEAF,105,736,1950.66,2.98,22,Cajas y Almacenamiento,['Cajas y Almacenamiento'],1,Cajas y Almacenamiento,Cajas y Almacenamiento,1.822368590914294,Cajas y Almacenamiento
23236,STORAGE TIN VINTAGE DOILY,330,2493,7059.97,3.28,22,Cajas y Almacenamiento,"['Cajas y Almacenamiento', 'Papelería y Tarjetería']",2,Cajas y Almacenamiento,Cajas y Almacenamiento,0.4281857038344774,Cajas y Almacenamiento
23237,SET OF 4 KNICK KNACK TINS LEAF,177,1053,4274.39,4.25,22,,[],0,Sin regla,Cocina y Mesa,0.8518537149956303,Cocina y Mesa
23238,SET OF 4 KNICK KNACK TINS LONDON,278,1849,7771.61,4.75,22,,[],0,Sin regla,Cocina y Mesa,0.7147314309794612,Cocina y Mesa
23239,SET OF 4 KNICK KNACK TINS POPPIES,181,842,3353.84,4.39,22,,[],0,Sin regla,Cocina y Mesa,0.7039473838153255,Cocina y Mesa
23240,SET OF 4 KNICK KNACK TINS DOILY,546,4177,17000.17,4.45,22,Papelería y Tarjetería,['Papelería y Tarjetería'],1,Papelería y Tarjetería,Papelería y Tarjetería,0.39289439983165814,Papelería y Tarjetería
23241,TREASURE TIN GYMKHANA DESIGN,366,2165,4669.55,2.49,22,,[],0,Sin regla,Cocina y Mesa,0.1969685293220627,Sin clasificar
23242,TREASURE TIN BUFFALO BILL,217,1470,3024.63,2.28,22,,[],0,Sin regla,Cajas y Almacenamiento,0.10331806735003851,Sin clasificar
23243,SET OF TEA COFFEE SUGAR TINS PANTRY,471,4800,23489.42,5.87,27,Cocina y Mesa,['Cocina y Mesa'],1,Cocina y Mesa,Cocina y Mesa,2.5782677183141587,Cocina y Mesa
23244,ROUND STORAGE TIN VINTAGE LEAF,112,936,1733.98,2.09,22,Cajas y Almacenamiento,['Cajas y Almacenamiento'],1,Cajas y Almacenamiento,Cajas y Almacenamiento,1.9092683331891835,Cajas y Almacenamiento
23245,SET OF 3 REGENCY CAKE TINS,876,6345,31118.55,5.88,32,Cocina y Mesa,['Cocina y Mesa'],1,Cocina y Mesa,Cocina y Mesa,2.117421122703965,Cocina y Mesa
23247,BISCUIT TIN 50 S CHRISTMAS,309,2194,6681.25,3.29,0,Navidad,"['Navidad', 'Cocina y Mesa']",2,Navidad,Navidad,1.8777989391859586,Navidad
23249,VINTAGE RED ENAMEL TRIM PLATE,81,842,1426.1,1.89,26,Cocina y Mesa,['Cocina y Mesa'],1,Cocina y Mesa,Cocina y Mesa,1.9221962764172915,Cocina y Mesa
23250,VINTAGE RED TRIM ENAMEL BOWL,110,1179,1531.03,1.47,44,Cocina y Mesa,['Cocina y Mesa'],1,Cocina y Mesa,Cocina y Mesa,2.235174201942735,Cocina y Mesa
23251,VINTAGE RED ENAMEL TRIM MUG,120,1712,2105.75,1.41,24,Cocina y Mesa,['Cocina y Mesa'],1,Cocina y Mesa,Cocina y Mesa,2.141269100132156,Cocina y Mesa
23252,VINTAGE RED ENAMEL TRIM JUG,138,603,2261.61,4.04,22,Cocina y Mesa,['Cocina y Mesa'],1,Cocina y Mesa,Cocina y Mesa,1.7534497726084568,Cocina y Mesa
23253,16 PIECE CUTLERY SET PANTRY DESIGN,70,258,3848.86,17.15,27,Cocina y Mesa,['Cocina y Mesa'],1,Cocina y Mesa,Cocina y Mesa,2.534919764131504,Cocina y Mesa
23254,CHILDRENS CUTLERY DOLLY GIRL,301,1703,6903.11,4.27,40,Cocina y Mesa,['Cocina y Mesa'],1,Cocina y Mesa,Cocina y Mesa,1.93635129080665,Cocina y Mesa
23255,CHILDRENS CUTLERY CIRCUS PARADE,158,1014,4097.22,4.35,22,Cocina y Mesa,['Cocina y Mesa'],1,Cocina y Mesa,Cocina y Mesa,1.7282215429986028,Cocina y Mesa
23256,CHILDRENS CUTLERY SPACEBOY,372,2113,8667.07,4.46,22,Cocina y Mesa,['Cocina y Mesa'],1,Cocina y Mesa,Cocina y Mesa,2.057724262592543,Cocina y Mesa
23263,SET OF 3 WOODEN HEART DECORATIONS,474,3863,5147.19,1.45,39,Decoración del Hogar,['Decoración del Hogar'],1,Decoración del Hogar,Decoración del Hogar,1.896220495177825,Decoración del Hogar
23264,SET OF 3 WOODEN SLEIGH DECORATIONS,314,1963,2690.81,1.5,22,Decoración del Hogar,['Decoración del Hogar'],1,Decoración del Hogar,Decoración del Hogar,1.8135327883284966,Decoración del Hogar
23265,SET OF 3 WOODEN TREE DECORATIONS,305,1769,2404.79,1.48,0,Decoración del Hogar,['Decoración del Hogar'],1,Decoración del Hogar,Decoración del Hogar,1.741295184860033,Decoración del Hogar
23266,SET OF 3 WOODEN STOCKING DECORATION,337,2053,2743.82,1.45,1,Navidad,"['Navidad', 'Decoración del Hogar']",2,Navidad,Navidad,1.424596174487578,Navidad
23267,SET OF 4 SANTA PLACE SETTINGS,111,1202,1531.95,1.41,22,Navidad,['Navidad'],1,Navidad,Navidad,1.7017939139652323,Navidad
23268,SET OF 2 CERAMIC CHRISTMAS REINDEER,89,1447,2018.14,1.69,0,Navidad,['Navidad'],1,Navidad,Navidad,3.79610582919112,Navidad
23269,SET OF 2 CERAMIC CHRISTMAS TREES,95,779,1152.98,1.71,0,Navidad,['Navidad'],1,Navidad,Navidad,2.267156800038425,Navidad
23270,SET OF 2 CERAMIC PAINTED HEARTS,128,1174,1646.32,1.5,22,,[],0,Sin regla,Cocina y Mesa,0.2739313694156913,Cocina y Mesa
23271,CHRISTMAS TABLE SILVER CANDLE SPIKE,106,1731,1496.89,1.05,19,Navidad,"['Navidad', 'Velas e Iluminación']",2,Navidad,Navidad,1.9601351308881396,Navidad
23272,TREE T LIGHT HOLDER WILLIE WINKIE,44,364,562.22,1.92,15,Velas e Iluminación,['Velas e Iluminación'],1,Velas e Iluminación,Velas e Iluminación,1.7761798135696638,Velas e Iluminación
23273,HEART T LIGHT HOLDER WILLIE WINKIE,113,969,1649.05,1.88,15,Velas e Iluminación,['Velas e Iluminación'],1,Velas e Iluminación,Velas e Iluminación,2.2228238655211108,Velas e Iluminación
23274,STAR T LIGHT HOLDER WILLIE WINKIE,120,1180,2005.0,2.02,15,Velas e Iluminación,['Velas e Iluminación'],1,Velas e Iluminación,Velas e Iluminación,2.094511852536656,Velas e Iluminación
23275,SET OF 3 HANGING OWLS OLLIE BEAK,334,3720,4521.72,1.47,22,,[],0,Sin regla,Cocina y Mesa,0.2040659898909956,Cocina y Mesa
23280,FOLDING BUTTERFLY MIRROR HOT PINK,158,2023,1614.16,1.06,20,"Espejos, Relojes y Arte de Pared","['Espejos, Relojes y Arte de Pared']",1,"Espejos, Relojes y Arte de Pared","Espejos, Relojes y Arte de Pared",1.9138392793905392,"Espejos, Relojes y Arte de Pared"
23281,FOLDING BUTTERFLY MIRROR RED,104,1280,1000.82,0.98,20,"Espejos, Relojes y Arte de Pared","['Espejos, Relojes y Arte de Pared']",1,"Espejos, Relojes y Arte de Pared","Espejos, Relojes y Arte de Pared",2.0648044152159004,"Espejos, Relojes y Arte de Pared"
23282,FOLDING BUTTERFLY MIRROR IVORY,137,812,757.86,1.26,20,"Espejos, Relojes y Arte de Pared","['Espejos, Relojes y Arte de Pared']",1,"Espejos, Relojes y Arte de Pared","Espejos, Relojes y Arte de Pared",1.9806158018631228,"Espejos, Relojes y Arte de Pared"
23283,DOORMAT VINTAGE LEAF,233,994,7003.38,8.66,22,Jardín y Exterior,['Jardín y Exterior'],1,Jardín y Exterior,Jardín y Exterior,1.9630834817307257,Jardín y Exterior
23284,DOORMAT KEEP CALM AND COME IN,732,5487,38133.64,8.78,22,Jardín y Exterior,['Jardín y Exterior'],1,Jardín y Exterior,Jardín y Exterior,1.849967725123825,Jardín y Exterior
23285,PINK VINTAGE SPOT BEAKER,192,4807,4572.41,1.07,22,,[],0,Sin regla,Papelería y Tarjetería,0.06927526850738452,Sin clasificar
23286,BLUE VINTAGE SPOT BEAKER,222,5048,4747.62,1.03,22,,[],0,Sin regla,Papelería y Tarjetería,0.09712931554813964,Sin clasificar
23287,RED VINTAGE SPOT BEAKER,200,1879,1603.39,1.03,22,,[],0,Sin regla,Papelería y Tarjetería,0.13232148189826987,Sin clasificar
23288,GREEN VINTAGE SPOT BEAKER,186,4625,4444.23,1.04,22,,[],0,Sin regla,Papelería y Tarjetería,0.02173298725297268,Sin clasificar
23289,DOLLY GIRL CHILDRENS BOWL,192,1622,2013.7,1.54,40,Cocina y Mesa,['Cocina y Mesa'],1,Cocina y Mesa,Cocina y Mesa,2.04159976954873,Cocina y Mesa
23290,SPACEBOY CHILDRENS BOWL,214,2430,2890.35,1.44,44,Cocina y Mesa,['Cocina y Mesa'],1,Cocina y Mesa,Cocina y Mesa,2.1821698485104033,Cocina y Mesa
23291,DOLLY GIRL CHILDRENS CUP,196,1634,2059.03,1.52,40,Cocina y Mesa,['Cocina y Mesa'],1,Cocina y Mesa,Cocina y Mesa,1.8299649407900729,Cocina y Mesa
23292,SPACEBOY CHILDRENS CUP,223,2181,2703.33,1.53,22,Cocina y Mesa,['Cocina y Mesa'],1,Cocina y Mesa,Cocina y Mesa,2.0476570375692917,Cocina y Mesa
23293,SET OF 12 FAIRY CAKE BAKING CASES,554,8471,6989.54,1.07,32,Cocina y Mesa,['Cocina y Mesa'],1,Cocina y Mesa,Cocina y Mesa,2.219634399882609,Cocina y Mesa
23294,SET OF 6 SNACK LOAF BAKING CASES,358,4392,3607.81,1.09,22,Cocina y Mesa,['Cocina y Mesa'],1,Cocina y Mesa,Cocina y Mesa,1.8251576316068006,Cocina y Mesa
23295,SET OF 12 MINI LOAF BAKING CASES,450,6134,5073.45,1.11,12,Cocina y Mesa,['Cocina y Mesa'],1,Cocina y Mesa,Cocina y Mesa,1.923728487489532,Cocina y Mesa
23296,SET OF 6 TEA TIME BAKING CASES,382,4979,5985.55,1.52,26,Cocina y Mesa,['Cocina y Mesa'],1,Cocina y Mesa,Cocina y Mesa,1.928036507155531,Cocina y Mesa
23297,SET 40 HEART SHAPE PETIT FOUR CASES,163,4303,6792.23,1.84,39,,[],0,Sin regla,Cocina y Mesa,0.9183507661369341,Cocina y Mesa
23298,SPOTTY BUNTING,1161,8466,43148.18,5.52,22,Pascua y Fiestas,['Pascua y Fiestas'],1,Pascua y Fiestas,Pascua y Fiestas,2.0039982573537705,Pascua y Fiestas
23299,FOOD COVER WITH BEADS SET 2,146,1012,3772.88,4.37,22,,[],0,Sin regla,Papelería y Tarjetería,0.12753969659979658,Sin clasificar
23300,GARDENERS KNEELING PAD CUP OF TEA,766,6809,11785.99,1.91,26,Jardín y Exterior,"['Jardín y Exterior', 'Cocina y Mesa']",2,Jardín y Exterior,Jardín y Exterior,1.773724703718249,Jardín y Exterior
23301,GARDENERS KNEELING PAD KEEP CALM,920,8807,16327.35,1.94,22,Jardín y Exterior,['Jardín y Exterior'],1,Jardín y Exterior,Jardín y Exterior,1.9689162893410148,Jardín y Exterior
23302,KNEELING MAT HOUSEWORK DESIGN,233,1536,2181.42,1.89,22,Textiles del Hogar,['Textiles del Hogar'],1,Textiles del Hogar,Jardín y Exterior,0.9416971220432404,Jardín y Exterior
23303,SET 4 PICNIC CUTLERY FONDANT,6,65,126.75,1.95,22,Cocina y Mesa,['Cocina y Mesa'],1,Cocina y Mesa,Cocina y Mesa,1.9315090137872615,Cocina y Mesa
23304,SET 4 PICNIC CUTLERY CHERRY,9,71,138.45,1.95,22,Cocina y Mesa,['Cocina y Mesa'],1,Cocina y Mesa,Cocina y Mesa,1.8056786417383694,Cocina y Mesa
23305,SET 4 PICNIC CUTLERY BLUEBERRY,9,82,159.9,1.95,22,Cocina y Mesa,['Cocina y Mesa'],1,Cocina y Mesa,Cocina y Mesa,2.0301692905832396,Cocina y Mesa
23306,SET OF 36 DOILIES PANTRY DESIGN,279,2808,4123.38,1.81,27,Cocina y Mesa,"['Cocina y Mesa', 'Papelería y Tarjetería']",2,Cocina y Mesa,Papelería y Tarjetería,0.8080638775130676,Papelería y Tarjetería
23307,SET OF 60 PANTRY DESIGN CAKE CASES,641,12049,6371.89,0.68,32,Cocina y Mesa,['Cocina y Mesa'],1,Cocina y Mesa,Cocina y Mesa,2.9682449215803564,Cocina y Mesa
23308,SET OF 60 VINTAGE LEAF CAKE CASES,389,6139,3272.61,0.69,32,Cocina y Mesa,['Cocina y Mesa'],1,Cocina y Mesa,Cocina y Mesa,1.9605166150245097,Cocina y Mesa
23309,SET OF 60 I LOVE LONDON CAKE CASES,422,8275,4495.85,0.74,31,Cocina y Mesa,['Cocina y Mesa'],1,Cocina y Mesa,Cocina y Mesa,2.002159652239652,Cocina y Mesa
23310,BUBBLEGUM RING ASSORTED,246,12050,4997.28,0.48,22,,[],0,Sin regla,Joyería y Bijouterie,0.24348574102846632,Joyería y Bijouterie
23311,VINTAGE CHRISTMAS STOCKING,347,2390,6488.2,2.97,0,Navidad,['Navidad'],1,Navidad,Navidad,3.804594349756055,Navidad
23312,VINTAGE CHRISTMAS GIFT SACK,218,1423,5964.15,4.45,0,Navidad,['Navidad'],1,Navidad,Navidad,2.3144883601942077,Navidad
23313,VINTAGE CHRISTMAS BUNTING,408,2990,15798.66,5.55,0,Navidad,"['Navidad', 'Pascua y Fiestas']",2,Navidad,Navidad,1.925261958733201,Navidad
23314,VINTAGE CHRISTMAS TABLECLOTH,118,407,5012.96,13.61,0,Navidad,['Navidad'],1,Navidad,Navidad,2.618742962933556,Navidad
23315,IVORY REFECTORY CLOCK,86,213,2094.24,10.78,16,"Espejos, Relojes y Arte de Pared","['Espejos, Relojes y Arte de Pared']",1,"Espejos, Relojes y Arte de Pared","Espejos, Relojes y Arte de Pared",1.806475172309919,"Espejos, Relojes y Arte de Pared"
23316,RED REFECTORY CLOCK,110,250,2501.64,11.11,16,"Espejos, Relojes y Arte de Pared","['Espejos, Relojes y Arte de Pared']",1,"Espejos, Relojes y Arte de Pared","Espejos, Relojes y Arte de Pared",1.9786620691557255,"Espejos, Relojes y Arte de Pared"
23317,BLUE REFECTORY CLOCK,82,173,1777.46,11.23,16,"Espejos, Relojes y Arte de Pared","['Espejos, Relojes y Arte de Pared']",1,"Espejos, Relojes y Arte de Pared","Espejos, Relojes y Arte de Pared",1.946829539638228,"Espejos, Relojes y Arte de Pared"
23318,BOX OF 6 MINI VINTAGE CRACKERS,382,3809,9162.41,2.74,4,,[],0,Sin regla,Cajas y Almacenamiento,0.02939478166302162,Sin clasificar
23319,BOX OF 6 MINI 50 S CRACKERS,411,3720,9219.53,2.65,4,,[],0,Sin regla,Cajas y Almacenamiento,0.07732538902415065,Sin clasificar
23320,GIANT 50 S CHRISTMAS CRACKER,338,2661,7053.57,2.81,0,Navidad,['Navidad'],1,Navidad,Navidad,2.1611228058709675,Navidad
23321,SMALL WHITE HEART OF WICKER,644,4716,8438.54,1.75,39,Decoración del Hogar,['Decoración del Hogar'],1,Decoración del Hogar,Decoración del Hogar,1.945122653249352,Decoración del Hogar
23322,LARGE WHITE HEART OF WICKER,572,3069,8878.21,3.14,39,Decoración del Hogar,['Decoración del Hogar'],1,Decoración del Hogar,Decoración del Hogar,1.9157907627117599,Decoración del Hogar
23323,WHITE WICKER STAR,302,1469,3146.78,2.25,22,Decoración del Hogar,['Decoración del Hogar'],1,Decoración del Hogar,Decoración del Hogar,1.9620841608011572,Decoración del Hogar
23324,RUSTIC STRAWBERRY JAM POT LARGE,44,399,816.04,2.21,22,Cocina y Mesa,['Cocina y Mesa'],1,Cocina y Mesa,Cocina y Mesa,1.7260287897873743,Cocina y Mesa
23325,RUSTIC STRAWBERRY JAM POT SMALL,35,462,740.94,1.81,22,Cocina y Mesa,['Cocina y Mesa'],1,Cocina y Mesa,Cocina y Mesa,1.7865320144254135,Cocina y Mesa
23326,HANGING MINI COLOURED BOTTLES,76,3442,2237.08,2.64,22,,[],0,Sin regla,Papelería y Tarjetería,0.04438983039541777,Sin clasificar
23327,HANGING CLEAR MINI BOTTLE,42,1734,1051.14,0.79,22,,[],0,Sin regla,Botellas de Agua Caliente y Confort,0.15030705522177557,Sin clasificar
23328,SET 6 SCHOOL MILK BOTTLES IN CRATE,409,2841,13269.49,4.85,22,,[],0,Sin regla,Cocina y Mesa,0.023364153434274226,Sin clasificar
23329,DECORATIVE WICKER HEART LARGE,250,1767,3038.19,1.77,39,Decoración del Hogar,['Decoración del Hogar'],1,Decoración del Hogar,Decoración del Hogar,1.9651436576974377,Decoración del Hogar
23330,DECORATIVE WICKER HEART MEDIUM,223,1794,2286.97,1.36,39,Decoración del Hogar,['Decoración del Hogar'],1,Decoración del Hogar,Decoración del Hogar,1.9874940720866734,Decoración del Hogar
23331,DECORATIVE WICKER HEART SMALL,114,1596,1062.28,0.78,39,Decoración del Hogar,['Decoración del Hogar'],1,Decoración del Hogar,Decoración del Hogar,1.971473803898689,Decoración del Hogar
23332,IVORY WICKER HEART LARGE,296,2059,3542.71,1.76,39,Decoración del Hogar,['Decoración del Hogar'],1,Decoración del Hogar,Decoración del Hogar,1.9492508319543855,Decoración del Hogar
23333,IVORY WICKER HEART MEDIUM,243,2089,2695.45,1.33,39,Decoración del Hogar,['Decoración del Hogar'],1,Decoración del Hogar,Decoración del Hogar,1.9132348117250313,Decoración del Hogar
23334,IVORY WICKER HEART SMALL,136,2271,1491.75,0.79,39,Decoración del Hogar,['Decoración del Hogar'],1,Decoración del Hogar,Decoración del Hogar,1.958427420645919,Decoración del Hogar
23335,EGG FRYING PAN IVORY,97,377,790.78,2.33,8,,[],0,Sin regla,Cocina y Mesa,0.4797873974139404,Cocina y Mesa
23336,EGG FRYING PAN PINK,86,225,519.25,2.6,8,,[],0,Sin regla,Cocina y Mesa,0.20706898303733218,Cocina y Mesa
23337,EGG FRYING PAN MINT,69,180,388.75,2.29,8,,[],0,Sin regla,Cocina y Mesa,0.33001509655322486,Cocina y Mesa
23338,EGG FRYING PAN RED,109,431,915.4,2.34,8,,[],0,Sin regla,Cocina y Mesa,0.4266747639552041,Cocina y Mesa
23339,EGG FRYING PAN BLUE,76,173,400.84,2.51,8,,[],0,Sin regla,Cocina y Mesa,0.3536490342167766,Cocina y Mesa
23340,VINTAGE CHRISTMAS CAKE FRILL,152,2500,4034.08,1.96,32,Navidad,['Navidad'],1,Navidad,Navidad,2.4906934999186614,Navidad
23341,PINK DINER WALL CLOCK,121,307,2741.35,9.94,16,"Espejos, Relojes y Arte de Pared","['Espejos, Relojes y Arte de Pared']",1,"Espejos, Relojes y Arte de Pared","Espejos, Relojes y Arte de Pared",2.390579120395534,"Espejos, Relojes y Arte de Pared"
23342,MINT DINER WALL CLOCK,163,373,3176.41,8.83,16,"Espejos, Relojes y Arte de Pared","['Espejos, Relojes y Arte de Pared']",1,"Espejos, Relojes y Arte de Pared","Espejos, Relojes y Arte de Pared",2.4220491768924433,"Espejos, Relojes y Arte de Pared"
23343,JUMBO BAG VINTAGE CHRISTMAS,486,6078,13972.71,2.42,6,Navidad,"['Navidad', 'Bolsos y Carteras']",2,Navidad,Navidad,1.7657520730130452,Navidad
23344,JUMBO BAG 50 S CHRISTMAS,722,10285,23772.07,2.42,6,Navidad,"['Navidad', 'Bolsos y Carteras']",2,Navidad,Navidad,2.1069029628344955,Navidad
23345,DOLLY GIRL BEAKER,176,2451,2886.25,1.51,40,,[],0,Sin regla,Papelería y Tarjetería,0.0746282027803622,Sin clasificar
23346,SPACEBOY BEAKER,186,2628,3112.34,1.52,22,,[],0,Sin regla,Cocina y Mesa,0.0005405492019833202,Sin clasificar
23347,I LOVE LONDON BEAKER,98,860,1077.3,1.56,31,,[],0,Sin regla,Papelería y Tarjetería,0.08322987147026328,Sin clasificar
23348,CHILDRENS TOY COOKING UTENSIL SET,170,746,1633.81,2.58,22,,[],0,Sin regla,Cocina y Mesa,0.9752523592330566,Cocina y Mesa
23349,ROLL WRAP VINTAGE CHRISTMAS,343,3221,4342.6,1.54,37,Navidad,"['Navidad', 'Papelería y Tarjetería']",2,Navidad,Navidad,2.0247969201442175,Navidad
23350,ROLL WRAP VINTAGE SPOT,311,2712,3445.08,1.46,37,Papelería y Tarjetería,['Papelería y Tarjetería'],1,Papelería y Tarjetería,Papelería y Tarjetería,1.8196915614816618,Papelería y Tarjetería
23351,ROLL WRAP 50 S CHRISTMAS,358,3535,4875.65,1.51,37,Navidad,"['Navidad', 'Papelería y Tarjetería']",2,Navidad,Navidad,2.1857734183031066,Navidad
23352,ROLL WRAP 50 S RED CHRISTMAS,213,1800,2459.2,1.51,37,Navidad,"['Navidad', 'Papelería y Tarjetería']",2,Navidad,Navidad,2.038401481126339,Navidad
23353,6 GIFT TAGS VINTAGE CHRISTMAS,331,4007,3510.05,1.0,0,Navidad,"['Navidad', 'Papelería y Tarjetería']",2,Navidad,Navidad,2.1951412018484904,Navidad
23354,6 GIFT TAGS 50 S CHRISTMAS,330,3740,3429.4,0.97,0,Navidad,"['Navidad', 'Papelería y Tarjetería']",2,Navidad,Navidad,2.253205159190176,Navidad
23355,HOT WATER BOTTLE KEEP CALM,796,5816,28718.8,5.27,2,Botellas de Agua Caliente y Confort,['Botellas de Agua Caliente y Confort'],1,Botellas de Agua Caliente y Confort,Botellas de Agua Caliente y Confort,1.629788050062968,Botellas de Agua Caliente y Confort
23356,LOVE HOT WATER BOTTLE,486,2359,13334.32,6.21,2,Botellas de Agua Caliente y Confort,['Botellas de Agua Caliente y Confort'],1,Botellas de Agua Caliente y Confort,Botellas de Agua Caliente y Confort,2.2855693381185627,Botellas de Agua Caliente y Confort
23357,HOT WATER BOTTLE SEX BOMB,103,450,1982.05,5.01,2,Botellas de Agua Caliente y Confort,['Botellas de Agua Caliente y Confort'],1,Botellas de Agua Caliente y Confort,Botellas de Agua Caliente y Confort,2.393538442927909,Botellas de Agua Caliente y Confort
23358,HOT STUFF HOT WATER BOTTLE,89,594,2008.38,4.2,2,Botellas de Agua Caliente y Confort,['Botellas de Agua Caliente y Confort'],1,Botellas de Agua Caliente y Confort,Botellas de Agua Caliente y Confort,2.2913972341494997,Botellas de Agua Caliente y Confort
23359,SET OF 12 T LIGHTS VINTAGE DOILY,79,990,1866.46,1.99,23,Papelería y Tarjetería,"['Papelería y Tarjetería', 'Velas e Iluminación']",2,Papelería y Tarjetería,Papelería y Tarjetería,1.499150642469485,Papelería y Tarjetería
23360,SET 8 CANDLES VINTAGE DOILY,116,1182,2286.4,2.06,38,Papelería y Tarjetería,"['Papelería y Tarjetería', 'Velas e Iluminación']",2,Papelería y Tarjetería,Papelería y Tarjetería,1.3938131276180061,Papelería y Tarjetería
23365,SET 12 COLOUR PENCILS LOVE LONDON,173,1857,1463.08,0.79,31,Papelería y Tarjetería,['Papelería y Tarjetería'],1,Papelería y Tarjetería,Papelería y Tarjetería,1.8686736603867975,Papelería y Tarjetería
23366,SET 12 COLOURING PENCILS DOILY,198,2249,1667.95,0.82,12,Papelería y Tarjetería,['Papelería y Tarjetería'],1,Papelería y Tarjetería,Papelería y Tarjetería,3.110811341371569,Papelería y Tarjetería
23367,SET 12 COLOUR PENCILS SPACEBOY,285,3278,2491.2,0.76,12,Papelería y Tarjetería,['Papelería y Tarjetería'],1,Papelería y Tarjetería,Papelería y Tarjetería,1.943793753711745,Papelería y Tarjetería
23368,SET 12 COLOUR PENCILS DOLLY GIRL,236,2379,1679.55,0.78,40,Papelería y Tarjetería,['Papelería y Tarjetería'],1,Papelería y Tarjetería,Papelería y Tarjetería,1.9582376078817076,Papelería y Tarjetería
23369,SET 36 COLOUR PENCILS LOVE LONDON,129,1105,1581.06,1.5,31,Papelería y Tarjetería,['Papelería y Tarjetería'],1,Papelería y Tarjetería,Papelería y Tarjetería,1.8560772822495957,Papelería y Tarjetería
23370,SET 36 COLOURING PENCILS DOILY,153,1550,2151.6,1.54,22,Papelería y Tarjetería,['Papelería y Tarjetería'],1,Papelería y Tarjetería,Papelería y Tarjetería,3.139595126067159,Papelería y Tarjetería
23371,SET 36 COLOUR PENCILS SPACEBOY,186,1705,2304.78,1.52,22,Papelería y Tarjetería,['Papelería y Tarjetería'],1,Papelería y Tarjetería,Papelería y Tarjetería,1.9554159324687475,Papelería y Tarjetería
23372,SET 36 COLOUR PENCILS DOLLY GIRL,151,1389,1750.29,1.61,40,Papelería y Tarjetería,['Papelería y Tarjetería'],1,Papelería y Tarjetería,Papelería y Tarjetería,1.9760323133619955,Papelería y Tarjetería
23373,VINTAGE CHRISTMAS PAPER GIFT BAG,100,1608,1313.39,0.91,6,Navidad,"['Navidad', 'Bolsos y Carteras']",2,Navidad,Navidad,1.9385706647893923,Navidad
23374,RED SPOT PAPER GIFT BAG,131,2456,1962.83,0.87,6,Bolsos y Carteras,['Bolsos y Carteras'],1,Bolsos y Carteras,Bolsos y Carteras,1.9914816916439877,Bolsos y Carteras
23375,50 S CHRISTMAS PAPER GIFT BAG,103,1342,1100.69,0.94,6,Navidad,"['Navidad', 'Bolsos y Carteras']",2,Navidad,Navidad,2.2104575007559815,Navidad
23376,PACK OF 12 VINTAGE CHRISTMAS TISSUE,159,3039,1384.91,0.51,12,Navidad,['Navidad'],1,Navidad,Navidad,2.062923426730516,Navidad
23377,PACK OF 12 DOLLY GIRL TISSUES,134,1351,592.45,0.56,40,,[],0,Sin regla,Papelería y Tarjetería,0.31884764302227775,Papelería y Tarjetería
23378,PACK OF 12 50 S CHRISTMAS TISSUES,183,3997,1840.08,0.46,12,Navidad,['Navidad'],1,Navidad,Navidad,2.0070465075189414,Navidad
23379,PACK OF 12 RED APPLE TISSUES,77,1220,465.36,0.54,12,,[],0,Sin regla,Papelería y Tarjetería,0.05945742706672125,Sin clasificar
23380,PACK OF 12 VINTAGE DOILY TISSUES,123,2344,983.5,0.49,12,Papelería y Tarjetería,['Papelería y Tarjetería'],1,Papelería y Tarjetería,Papelería y Tarjetería,1.766810130720811,Papelería y Tarjetería
23381,PACK OF 12 VINTAGE LEAF TISSUES,81,1496,562.88,0.48,12,,[],0,Sin regla,Papelería y Tarjetería,0.5040797898164083,Papelería y Tarjetería
23382,BOX OF 6 CHRISTMAS CAKE DECORATIONS,221,1875,7356.18,4.66,4,Navidad,"['Navidad', 'Decoración del Hogar']",2,Navidad,Navidad,1.9156368502049914,Navidad
23388,WOODLAND MINI BACKPACK,154,821,3432.09,4.63,22,Bolsos y Carteras,['Bolsos y Carteras'],1,Bolsos y Carteras,Bolsos y Carteras,1.9881598550079804,Bolsos y Carteras
23389,SPACEBOY MINI BACKPACK,239,1115,4751.49,4.53,22,Bolsos y Carteras,['Bolsos y Carteras'],1,Bolsos y Carteras,Bolsos y Carteras,1.9584436143322899,Bolsos y Carteras
23390,DOLLY GIRL MINI BACKPACK,166,747,3025.59,4.39,40,Bolsos y Carteras,['Bolsos y Carteras'],1,Bolsos y Carteras,Bolsos y Carteras,1.8400997991814612,Bolsos y Carteras
23391,I LOVE LONDON MINI BACKPACK,88,389,1628.17,4.61,31,Bolsos y Carteras,['Bolsos y Carteras'],1,Bolsos y Carteras,Bolsos y Carteras,1.7830138776955167,Bolsos y Carteras
23392,SPACEBOY ROCKET LOLLY MAKERS,114,662,1475.03,2.7,22,,[],0,Sin regla,Papelería y Tarjetería,0.11620262210741261,Sin clasificar
23393,HOME SWEET HOME CUSHION COVER,231,801,3207.91,4.48,21,Textiles del Hogar,['Textiles del Hogar'],1,Textiles del Hogar,Textiles del Hogar,1.5867550060641382,Textiles del Hogar
23394,POSTE FRANCE CUSHION COVER,152,435,1877.65,4.95,21,Textiles del Hogar,['Textiles del Hogar'],1,Textiles del Hogar,Textiles del Hogar,2.3490006049153496,Textiles del Hogar
23395,BELLE JARDINIERE CUSHION COVER,211,748,3257.08,4.92,21,Textiles del Hogar,['Textiles del Hogar'],1,Textiles del Hogar,Textiles del Hogar,2.504997667744562,Textiles del Hogar
23396,LE JARDIN BOTANIQUE CUSHION COVER,201,654,2750.53,4.8,21,Textiles del Hogar,['Textiles del Hogar'],1,Textiles del Hogar,Textiles del Hogar,1.9491056787815277,Textiles del Hogar
23397,FOOT STOOL HOME SWEET HOME,217,489,5097.65,11.57,22,,[],0,Sin regla,Decoración del Hogar,0.02072118866412387,Sin clasificar
23398,HANGING HEART BONHEUR,75,606,535.35,1.05,39,Decoración del Hogar,['Decoración del Hogar'],1,Decoración del Hogar,Decoración del Hogar,1.9404323004706394,Decoración del Hogar
23399,HOME SWEET HOME HANGING HEART,234,1914,1745.55,1.11,39,Decoración del Hogar,['Decoración del Hogar'],1,Decoración del Hogar,Decoración del Hogar,1.3114441814595954,Decoración del Hogar
23400,SHELF WITH 4 HOOKS HOME SWEET HOME,108,461,2409.34,6.85,22,,[],0,Sin regla,Jardín y Exterior,0.07358633316904295,Sin clasificar
23401,RUSTIC MIRROR WITH LACE HEART,83,459,2354.87,7.09,20,"Espejos, Relojes y Arte de Pared","['Espejos, Relojes y Arte de Pared']",1,"Espejos, Relojes y Arte de Pared","Espejos, Relojes y Arte de Pared",1.933799689755981,"Espejos, Relojes y Arte de Pared"
23402,HOME SWEET HOME 3 PEG HANGER,68,296,1147.28,4.45,22,,[],0,Sin regla,Decoración del Hogar,0.03370504708410549,Sin clasificar
23403,LETTER HOLDER HOME SWEET HOME,135,625,2204.11,4.37,22,,[],0,Sin regla,Jardín y Exterior,0.19967571706713383,Sin clasificar
23404,HOME SWEET HOME BLACKBOARD,169,1011,4561.76,6.02,22,Decoración del Hogar,['Decoración del Hogar'],1,Decoración del Hogar,Decoración del Hogar,1.847578886105682,Decoración del Hogar
23405,HOME SWEET HOME 2 DRAWER CABINET,71,252,1311.48,5.99,22,Cajas y Almacenamiento,['Cajas y Almacenamiento'],1,Cajas y Almacenamiento,Cajas y Almacenamiento,2.191885631830062,Cajas y Almacenamiento
23406,HOME SWEET HOME KEY HOLDER,111,456,2422.66,7.11,22,,[],0,Sin regla,Jardín y Exterior,0.1454738475121511,Sin clasificar
23407,SET OF 2 TRAYS HOME SWEET HOME,133,265,2709.43,10.68,22,,[],0,Sin regla,Cocina y Mesa,0.061750544482850556,Sin clasificar
23408,PHOTO FRAME LINEN AND LACE SMALL,59,310,644.8,2.08,33,Marcos y Fotografía,['Marcos y Fotografía'],1,Marcos y Fotografía,Marcos y Fotografía,2.0290689086427287,Marcos y Fotografía
23409,PHOTO FRAME LINEN AND LACE LARGE,43,215,801.68,3.81,33,Marcos y Fotografía,['Marcos y Fotografía'],1,Marcos y Fotografía,Marcos y Fotografía,1.9911463787885457,Marcos y Fotografía
23410,CURIO CABINET LINEN AND LACE,18,36,290.1,8.03,22,Cajas y Almacenamiento,['Cajas y Almacenamiento'],1,Cajas y Almacenamiento,Cajas y Almacenamiento,1.9417730686048742,Cajas y Almacenamiento
23411,TRELLIS COAT RACK,57,227,1118.61,5.84,22,Cajas y Almacenamiento,['Cajas y Almacenamiento'],1,Cajas y Almacenamiento,Cajas y Almacenamiento,1.8176754865265774,Cajas y Almacenamiento
23412,HEART MIRROR ANTIQUE WHITE,77,358,2354.8,7.72,20,"Espejos, Relojes y Arte de Pared","['Espejos, Relojes y Arte de Pared']",1,"Espejos, Relojes y Arte de Pared","Espejos, Relojes y Arte de Pared",1.9962983316912792,"Espejos, Relojes y Arte de Pared"
23413,VINTAGE COFFEE GRINDER BOX,58,173,909.31,6.32,4,,[],0,Sin regla,Cajas y Almacenamiento,0.427401249800195,Cajas y Almacenamiento
23414,ZINC BOX SIGN HOME,64,141,1378.75,10.07,11,Carteles y Señalética,['Carteles y Señalética'],1,Carteles y Señalética,Carteles y Señalética,1.838438718431166,Carteles y Señalética
23415,HOME SWEET HOME HOOK,47,328,412.18,1.45,22,,[],0,Sin regla,Jardín y Exterior,0.032786062992650966,Sin clasificar
23416,CHAMBRE HOOK,25,132,184.68,1.76,22,,[],0,Sin regla,Cocina y Mesa,0.06562118564905073,Sin clasificar
23417,BATHROOM HOOK,28,146,157.5,1.6,22,,[],0,Sin regla,Cajas y Almacenamiento,0.14115296492843832,Sin clasificar
23418,LAVENDER TOILETTE BOTTLE,79,557,1166.0,2.56,22,,[],0,Sin regla,Botellas de Agua Caliente y Confort,0.20686931965103872,Botellas de Agua Caliente y Confort
23419,HOME SWEET HOME BOTTLE,86,473,1043.72,2.67,22,,[],0,Sin regla,Decoración del Hogar,0.03759906336299246,Sin clasificar
23420,PANTRY HOOK TEA STRAINER,32,164,351.37,2.34,27,Cocina y Mesa,['Cocina y Mesa'],1,Cocina y Mesa,Cocina y Mesa,1.6756812003292105,Cocina y Mesa
23421,PANTRY HOOK SPATULA,33,160,349.2,2.51,27,Cocina y Mesa,['Cocina y Mesa'],1,Cocina y Mesa,Cocina y Mesa,1.5894970081773065,Cocina y Mesa
23422,PANTRY HOOK BALLOON WHISK,47,213,477.89,2.78,27,Pascua y Fiestas,"['Pascua y Fiestas', 'Cocina y Mesa']",2,Pascua y Fiestas,Pascua y Fiestas,1.5245473781820675,Pascua y Fiestas
23423,PANTRY 3 HOOK ROLLING PIN HANGER,66,219,876.9,4.54,27,Cocina y Mesa,['Cocina y Mesa'],1,Cocina y Mesa,Cocina y Mesa,1.6989089681129492,Cocina y Mesa
23424,GINGHAM RECIPE BOOK BOX,135,462,2509.62,6.19,4,Cajas y Almacenamiento,['Cajas y Almacenamiento'],1,Cajas y Almacenamiento,Cajas y Almacenamiento,1.7860372375291629,Cajas y Almacenamiento
23425,STORAGE TIN HOME SWEET HOME,56,275,621.44,3.1,22,Cajas y Almacenamiento,['Cajas y Almacenamiento'],1,Cajas y Almacenamiento,Cajas y Almacenamiento,1.6291969635251669,Cajas y Almacenamiento
23426,METAL SIGN DROP YOUR PANTS,208,1275,3444.43,3.33,11,Carteles y Señalética,['Carteles y Señalética'],1,Carteles y Señalética,Carteles y Señalética,1.869785648035457,Carteles y Señalética
23427,STOOL HOME SWEET HOME,115,237,2860.58,12.97,22,,[],0,Sin regla,Decoración del Hogar,0.025527373356141858,Sin clasificar
23428,IVORY RETRO KITCHEN WALL CLOCK,33,77,675.91,9.92,16,"Espejos, Relojes y Arte de Pared","['Espejos, Relojes y Arte de Pared']",1,"Espejos, Relojes y Arte de Pared","Espejos, Relojes y Arte de Pared",1.9422318951725117,"Espejos, Relojes y Arte de Pared"
23429,RED RETRO KITCHEN WALL CLOCK,23,47,400.01,8.89,16,"Espejos, Relojes y Arte de Pared","['Espejos, Relojes y Arte de Pared']",1,"Espejos, Relojes y Arte de Pared","Espejos, Relojes y Arte de Pared",2.0459993026964978,"Espejos, Relojes y Arte de Pared"
23430,BLUE RETRO KITCHEN WALL CLOCK,18,36,301.88,8.62,16,"Espejos, Relojes y Arte de Pared","['Espejos, Relojes y Arte de Pared']",1,"Espejos, Relojes y Arte de Pared","Espejos, Relojes y Arte de Pared",1.9651245812825147,"Espejos, Relojes y Arte de Pared"
23431,NATURAL HANGING QUILTED HEARTS,74,1449,1171.23,1.36,22,Textiles del Hogar,['Textiles del Hogar'],1,Textiles del Hogar,Textiles del Hogar,1.8644818790994098,Textiles del Hogar
23432,PRETTY HANGING QUILTED HEARTS,74,1276,1088.36,1.37,22,Textiles del Hogar,['Textiles del Hogar'],1,Textiles del Hogar,Textiles del Hogar,1.9438588423536851,Textiles del Hogar
23433,HANGING QUILTED PATCHWORK APPLES,89,1258,1108.58,1.5,22,Textiles del Hogar,['Textiles del Hogar'],1,Textiles del Hogar,Textiles del Hogar,1.9123713765083006,Textiles del Hogar
23434,3 RAFFIA RIBBONS 50 S CHRISTMAS,200,2095,1884.17,0.88,0,Navidad,"['Navidad', 'Papelería y Tarjetería']",2,Navidad,Navidad,1.9756308443639998,Navidad
23435,3 RAFFIA RIBBONS VINTAGE CHRISTMAS,99,824,732.42,0.9,0,Navidad,"['Navidad', 'Papelería y Tarjetería']",2,Navidad,Navidad,2.026564402644181,Navidad
23436,VINTAGE CHRISTMAS GIFT BAG LARGE,114,1979,2367.39,1.44,6,Navidad,"['Navidad', 'Bolsos y Carteras']",2,Navidad,Navidad,1.89977203615879,Navidad
23437,50 S CHRISTMAS GIFT BAG LARGE,131,1939,2373.63,1.42,6,Navidad,"['Navidad', 'Bolsos y Carteras']",2,Navidad,Navidad,2.175197588425772,Navidad
23438,RED SPOT GIFT BAG LARGE,109,1809,2209.92,1.37,6,Bolsos y Carteras,['Bolsos y Carteras'],1,Bolsos y Carteras,Bolsos y Carteras,2.0806036652248046,Bolsos y Carteras
23439,HAND WARMER RED LOVE HEART,412,3986,8855.51,2.23,31,Botellas de Agua Caliente y Confort,['Botellas de Agua Caliente y Confort'],1,Botellas de Agua Caliente y Confort,Botellas de Agua Caliente y Confort,1.6429180182161414,Botellas de Agua Caliente y Confort
23440,PAINT YOUR OWN EGGS IN CRATE,5,164,299.36,2.02,22,Papelería y Tarjetería,['Papelería y Tarjetería'],1,Papelería y Tarjetería,Papelería y Tarjetería,1.3704742736312057,Papelería y Tarjetería
23441,HAND PAINTED HANGING EASTER EGG,3,22,9.24,0.42,8,Pascua y Fiestas,['Pascua y Fiestas'],1,Pascua y Fiestas,Pascua y Fiestas,1.9769526740257608,Pascua y Fiestas
23442,12 HANGING EGGS HAND PAINTED,8,40,83.2,2.08,12,,[],0,Sin regla,Papelería y Tarjetería,0.13765379494191599,Sin clasificar
23444,NEXT DAY CARRIAGE,79,79,1200.0,15.19,22,,[],0,Sin regla,Papelería y Tarjetería,0.15423386100812791,Sin clasificar
23445,ICE CREAM BUBBLES,102,2668,2161.24,0.87,22,,[],0,Sin regla,Papelería y Tarjetería,0.0023399998147956014,Sin clasificar
23446,BLUE BUNNY EASTER EGG BASKET,3,157,230.25,1.58,8,Pascua y Fiestas,['Pascua y Fiestas'],1,Pascua y Fiestas,Pascua y Fiestas,3.3620990804833637,Pascua y Fiestas
23447,PINK BUNNY EASTER EGG BASKET,4,158,231.9,1.6,8,Pascua y Fiestas,['Pascua y Fiestas'],1,Pascua y Fiestas,Pascua y Fiestas,3.4457210679146275,Pascua y Fiestas
23448,CREAM BUNNY EASTER EGG BASKET,3,25,41.25,1.65,8,Pascua y Fiestas,['Pascua y Fiestas'],1,Pascua y Fiestas,Pascua y Fiestas,3.151568936969367,Pascua y Fiestas
23449,SET OF 6 EASTER RAINBOW CHICKS,1,12,15.0,1.25,22,Pascua y Fiestas,['Pascua y Fiestas'],1,Pascua y Fiestas,Pascua y Fiestas,2.0546887212890304,Pascua y Fiestas
23451,SQUARE MINI PORTRAIT FRAME,53,277,556.17,2.27,13,Marcos y Fotografía,['Marcos y Fotografía'],1,Marcos y Fotografía,Marcos y Fotografía,1.9557030140896503,Marcos y Fotografía
23452,HEART MINI PORTRAIT FRAME,87,518,1021.76,2.07,13,Marcos y Fotografía,['Marcos y Fotografía'],1,Marcos y Fotografía,Marcos y Fotografía,2.074674900131575,Marcos y Fotografía
23453,OVAL MINI PORTRAIT FRAME,49,316,615.98,1.99,13,Marcos y Fotografía,['Marcos y Fotografía'],1,Marcos y Fotografía,Marcos y Fotografía,1.9755901999785799,Marcos y Fotografía
23454,THREE MINI HANGING FRAMES,55,174,733.2,4.52,22,Marcos y Fotografía,['Marcos y Fotografía'],1,Marcos y Fotografía,Marcos y Fotografía,1.8577806177034992,Marcos y Fotografía
23455,SMALL PARLOUR PICTURE FRAME,36,207,569.43,2.87,13,Marcos y Fotografía,['Marcos y Fotografía'],1,Marcos y Fotografía,Marcos y Fotografía,1.973170262115642,Marcos y Fotografía
23456,MEDIUM PARLOUR PICTURE FRAME,36,158,634.1,4.12,13,Marcos y Fotografía,['Marcos y Fotografía'],1,Marcos y Fotografía,Marcos y Fotografía,1.8547532203255885,Marcos y Fotografía
23457,LARGE PARLOUR PICTURE FRAME,31,112,549.88,5.11,13,Marcos y Fotografía,['Marcos y Fotografía'],1,Marcos y Fotografía,Marcos y Fotografía,1.9808969873912137,Marcos y Fotografía
23458,DOLLY CABINET 3 DRAWERS,30,51,762.45,14.95,22,Cajas y Almacenamiento,['Cajas y Almacenamiento'],1,Cajas y Almacenamiento,Cajas y Almacenamiento,2.2548999820469557,Cajas y Almacenamiento
23459,DOLLY CABINET 2 DRAWERS,19,33,412.5,12.5,22,Cajas y Almacenamiento,['Cajas y Almacenamiento'],1,Cajas y Almacenamiento,Cajas y Almacenamiento,2.298564037084505,Cajas y Almacenamiento
23460,SWEETHEART WALL TIDY,43,108,1007.08,9.9,30,,[],0,Sin regla,"Espejos, Relojes y Arte de Pared",0.6012469377416688,"Espejos, Relojes y Arte de Pared"
23461,SWEETHEART BIRD HOUSE,100,847,3041.21,4.55,30,,[],0,Sin regla,Decoración del Hogar,0.053962010333338695,Sin clasificar
23462,ROCOCO WALL MIRROR WHITE,46,80,1607.04,20.7,20,"Espejos, Relojes y Arte de Pared","['Espejos, Relojes y Arte de Pared']",1,"Espejos, Relojes y Arte de Pared","Espejos, Relojes y Arte de Pared",2.591697794657776,"Espejos, Relojes y Arte de Pared"
23463,VINTAGE ZINC WATERING CAN,8,13,139.4,11.21,22,Jardín y Exterior,['Jardín y Exterior'],1,Jardín y Exterior,Jardín y Exterior,1.960214618049286,Jardín y Exterior
23464,VINTAGE ZINC WATERING CAN SMALL,8,18,99.2,6.21,22,Jardín y Exterior,['Jardín y Exterior'],1,Jardín y Exterior,Jardín y Exterior,1.8993258677022031,Jardín y Exterior
23465,TUSCAN VILLA BIRD FEEDER,16,29,247.63,8.77,22,Jardín y Exterior,['Jardín y Exterior'],1,Jardín y Exterior,Decoración del Hogar,0.038320896287392325,Jardín y Exterior
23466,TUSCAN VILLA DOVECOTE BIRD FEEDER,27,55,498.03,10.08,22,Jardín y Exterior,['Jardín y Exterior'],1,Jardín y Exterior,Decoración del Hogar,0.16889243946255084,Jardín y Exterior
23467,VINTAGE ZINC PLANTER,11,32,120.08,4.37,22,,[],0,Sin regla,Jardín y Exterior,0.22453235817199746,Jardín y Exterior
23468,TUSCAN VILLA BIRD TABLE,11,19,156.75,8.25,19,,[],0,Sin regla,Decoración del Hogar,0.35263517136153344,Decoración del Hogar
23469,CARD HOLDER LOVE BIRD SMALL,72,332,1355.24,4.64,31,Papelería y Tarjetería,['Papelería y Tarjetería'],1,Papelería y Tarjetería,Papelería y Tarjetería,1.586271619344669,Papelería y Tarjetería
23470,CARD HOLDER LOVE BIRD LARGE,84,232,1460.5,6.81,31,Papelería y Tarjetería,['Papelería y Tarjetería'],1,Papelería y Tarjetería,Papelería y Tarjetería,1.5620520412000851,Papelería y Tarjetería
23471,SIX DRAWER OFFICE TIDY,27,65,616.79,10.16,22,,[],0,Sin regla,Cajas y Almacenamiento,0.8283471413689864,Cajas y Almacenamiento
23472,NINE DRAWER OFFICE TIDY,33,58,894.42,16.09,22,,[],0,Sin regla,Cajas y Almacenamiento,0.9742379841211177,Cajas y Almacenamiento
23473,WOODLAND SMALL RED FELT HEART,51,678,552.02,0.95,39,,[],0,Sin regla,Decoración del Hogar,0.10775196170409418,Sin clasificar
23474,WOODLAND SMALL BLUE FELT HEART,38,312,270.96,1.04,39,,[],0,Sin regla,Decoración del Hogar,0.26204760960661466,Decoración del Hogar
23475,WOODLAND SMALL PINK FELT HEART,31,286,242.18,0.96,39,,[],0,Sin regla,Decoración del Hogar,0.26799231088282893,Decoración del Hogar
23476,WOODLAND LARGE RED FELT HEART,22,205,264.72,1.47,39,,[],0,Sin regla,Decoración del Hogar,0.2558548152466449,Decoración del Hogar
23477,WOODLAND LARGE BLUE FELT HEART,13,92,123.47,1.72,39,,[],0,Sin regla,Decoración del Hogar,0.3043945176849312,Decoración del Hogar
23478,WOODLAND LARGE PINK FELT HEART,13,285,324.4,1.51,39,,[],0,Sin regla,Decoración del Hogar,0.30874599203403286,Decoración del Hogar
23479,WIRE EGG BASKET,44,113,872.38,8.27,8,,[],0,Sin regla,Velas e Iluminación,0.03961242102777107,Sin clasificar
23480,MINI LIGHTS WOODLAND MUSHROOMS,218,1798,6719.14,4.43,23,Velas e Iluminación,['Velas e Iluminación'],1,Velas e Iluminación,Velas e Iluminación,1.5273686372316504,Velas e Iluminación
23481,PEARLISED IVORY HEART SMALL,32,228,281.17,1.28,39,,[],0,Sin regla,Decoración del Hogar,0.035828843756509854,Sin clasificar
23482,PEARLISED IVORY HEART LARGE,39,418,661.02,1.77,39,,[],0,Sin regla,Decoración del Hogar,0.08688947640408773,Sin clasificar
23483,HANGING BUTTERFLY T LIGHT HOLDER,74,1328,1636.36,2.41,15,Velas e Iluminación,['Velas e Iluminación'],1,Velas e Iluminación,Velas e Iluminación,1.9944924668433328,Velas e Iluminación
23484,HEART TRELLIS TRIPLE T LIGHT HOLDER,36,185,547.35,3.67,15,Velas e Iluminación,['Velas e Iluminación'],1,Velas e Iluminación,Velas e Iluminación,1.8248701179047826,Velas e Iluminación
23485,BOTANICAL GARDENS WALL CLOCK,83,262,5843.92,24.79,16,"Espejos, Relojes y Arte de Pared","['Espejos, Relojes y Arte de Pared', 'Jardín y Exterior']",2,"Espejos, Relojes y Arte de Pared","Espejos, Relojes y Arte de Pared",2.1701952587109794,"Espejos, Relojes y Arte de Pared"
23486,ANTIQUE HEART SHELF UNIT,74,275,4145.47,17.81,39,,[],0,Sin regla,Cocina y Mesa,0.3360710768770194,Cocina y Mesa
23487,SWEET HEART CAKE CARRIER,44,80,795.58,10.37,32,,[],0,Sin regla,Cocina y Mesa,0.7990503540415955,Cocina y Mesa
23489,VINTAGE BELLS GARLAND,165,913,2709.23,3.22,14,Decoración del Hogar,['Decoración del Hogar'],1,Decoración del Hogar,Decoración del Hogar,2.06524975059955,Decoración del Hogar
23490,T LIGHT HOLDER HANGING LOVE BIRD,101,542,2032.77,3.96,15,Velas e Iluminación,['Velas e Iluminación'],1,Velas e Iluminación,Velas e Iluminación,1.9438054905817357,Velas e Iluminación
23491,VINTAGE JINGLE BELLS HEART,79,228,1897.76,8.46,39,,[],0,Sin regla,Decoración del Hogar,0.6746490701232712,Decoración del Hogar
23492,VINTAGE JINGLE BELLS WREATH,28,76,635.38,8.55,22,Decoración del Hogar,['Decoración del Hogar'],1,Decoración del Hogar,Decoración del Hogar,1.6617005857069231,Decoración del Hogar
23493,VINTAGE DOILY TRAVEL SEWING KIT,424,3964,8497.98,2.16,22,Papelería y Tarjetería,['Papelería y Tarjetería'],1,Papelería y Tarjetería,Papelería y Tarjetería,1.611781966357714,Papelería y Tarjetería
23494,VINTAGE DOILY DELUXE SEWING KIT,206,809,5354.01,6.81,22,Papelería y Tarjetería,['Papelería y Tarjetería'],1,Papelería y Tarjetería,Papelería y Tarjetería,1.9007517842074748,Papelería y Tarjetería
23495,SET OF 3 PANTRY WOODEN SPOONS,41,225,306.66,1.72,27,Cocina y Mesa,['Cocina y Mesa'],1,Cocina y Mesa,Cocina y Mesa,2.152084442155064,Cocina y Mesa
23496,PANTRY KITCHEN THERMOMETER,31,112,154.52,1.56,27,Cocina y Mesa,['Cocina y Mesa'],1,Cocina y Mesa,Cocina y Mesa,1.7337398501926193,Cocina y Mesa
23497,CLASSIC CHROME BICYCLE BELL,200,2558,3656.02,1.62,22,,[],0,Sin regla,Jardín y Exterior,0.20267433228927223,Jardín y Exterior
23498,CLASSIC BICYCLE CLIPS,102,1640,2372.68,1.66,22,,[],0,Sin regla,Jardín y Exterior,0.20057826382386013,Jardín y Exterior
23499,SET 12 VINTAGE DOILY CHALK,113,1312,586.23,0.48,12,Papelería y Tarjetería,['Papelería y Tarjetería'],1,Papelería y Tarjetería,Papelería y Tarjetería,1.8450784679816903,Papelería y Tarjetería
23500,KEY RING BASEBALL BOOT ASSORTED,102,1626,2038.33,1.39,22,Joyería y Bijouterie,['Joyería y Bijouterie'],1,Joyería y Bijouterie,Joyería y Bijouterie,1.8655164771043955,Joyería y Bijouterie
23501,KEY RING BASEBALL BOOT UNION JACK,114,1821,2217.87,1.5,17,Joyería y Bijouterie,['Joyería y Bijouterie'],1,Joyería y Bijouterie,Joyería y Bijouterie,1.730917147172625,Joyería y Bijouterie
23502,PLAYING CARDS VINTAGE DOILY,95,714,896.41,1.3,25,Papelería y Tarjetería,['Papelería y Tarjetería'],1,Papelería y Tarjetería,Papelería y Tarjetería,3.3576505709253053,Papelería y Tarjetería
23503,PLAYING CARDS KEEP CALM CARRY ON,342,3643,4860.55,1.28,25,Papelería y Tarjetería,['Papelería y Tarjetería'],1,Papelería y Tarjetería,Papelería y Tarjetería,1.9115379174377045,Papelería y Tarjetería
23504,PLAYING CARDS JUBILEE UNION JACK,217,1927,2848.89,1.35,17,Papelería y Tarjetería,['Papelería y Tarjetería'],1,Papelería y Tarjetería,Papelería y Tarjetería,1.7865970171863355,Papelería y Tarjetería
23505,PLAYING CARDS I LOVE LONDON,117,1200,1651.29,1.35,31,Papelería y Tarjetería,['Papelería y Tarjetería'],1,Papelería y Tarjetería,Papelería y Tarjetería,2.0784282694624827,Papelería y Tarjetería
23506,MINI PLAYING CARDS SPACEBOY,151,2723,1129.12,0.46,25,Papelería y Tarjetería,['Papelería y Tarjetería'],1,Papelería y Tarjetería,Papelería y Tarjetería,2.2243872881003965,Papelería y Tarjetería
23507,MINI PLAYING CARDS BUFFALO BILL,127,2882,1155.67,0.47,25,Papelería y Tarjetería,['Papelería y Tarjetería'],1,Papelería y Tarjetería,Papelería y Tarjetería,1.8333626721146477,Papelería y Tarjetería
23508,MINI PLAYING CARDS DOLLY GIRL,128,2627,1163.45,0.47,40,Papelería y Tarjetería,['Papelería y Tarjetería'],1,Papelería y Tarjetería,Papelería y Tarjetería,2.1522330442337427,Papelería y Tarjetería
23509,MINI PLAYING CARDS FUN FAIR,66,1062,451.46,0.49,25,Papelería y Tarjetería,['Papelería y Tarjetería'],1,Papelería y Tarjetería,Papelería y Tarjetería,2.061354365581306,Papelería y Tarjetería
23510,MINI PLAYING CARDS GYMKHANA,125,2521,1118.8,0.5,25,Papelería y Tarjetería,['Papelería y Tarjetería'],1,Papelería y Tarjetería,Papelería y Tarjetería,1.974559357431,Papelería y Tarjetería
23511,EMBROIDERED RIBBON REEL EMILY,99,571,1252.01,2.33,22,Papelería y Tarjetería,['Papelería y Tarjetería'],1,Papelería y Tarjetería,Papelería y Tarjetería,1.9618685088116459,Papelería y Tarjetería
23512,EMBROIDERED RIBBON REEL ROSIE,57,500,975.24,2.32,22,Papelería y Tarjetería,['Papelería y Tarjetería'],1,Papelería y Tarjetería,Papelería y Tarjetería,1.9507872137641549,Papelería y Tarjetería
23513,EMBROIDERED RIBBON REEL SUSIE,70,566,1114.26,2.31,22,Papelería y Tarjetería,['Papelería y Tarjetería'],1,Papelería y Tarjetería,Papelería y Tarjetería,2.0263381736609527,Papelería y Tarjetería
23514,EMBROIDERED RIBBON REEL SALLY,74,478,977.39,2.35,22,Papelería y Tarjetería,['Papelería y Tarjetería'],1,Papelería y Tarjetería,Papelería y Tarjetería,1.8837316448285488,Papelería y Tarjetería
23515,EMBROIDERED RIBBON REEL DAISY,72,579,1164.98,2.39,22,Papelería y Tarjetería,['Papelería y Tarjetería'],1,Papelería y Tarjetería,Papelería y Tarjetería,1.934861471185896,Papelería y Tarjetería
23516,EMBROIDERED RIBBON REEL SOPHIE,44,296,1058.6,3.85,22,Papelería y Tarjetería,['Papelería y Tarjetería'],1,Papelería y Tarjetería,Papelería y Tarjetería,2.0382039382209536,Papelería y Tarjetería
23517,EMBROIDERED RIBBON REEL REBECCA,63,334,996.38,3.45,22,Papelería y Tarjetería,['Papelería y Tarjetería'],1,Papelería y Tarjetería,Papelería y Tarjetería,1.9907181368797198,Papelería y Tarjetería
23518,EMBROIDERED RIBBON REEL RACHEL,44,361,980.41,3.1,22,Papelería y Tarjetería,['Papelería y Tarjetería'],1,Papelería y Tarjetería,Papelería y Tarjetería,1.9684967989646882,Papelería y Tarjetería
23519,EMBROIDERED RIBBON REEL CLAIRE,24,224,792.31,4.48,22,Papelería y Tarjetería,['Papelería y Tarjetería'],1,Papelería y Tarjetería,Papelería y Tarjetería,1.9948647658544443,Papelería y Tarjetería
23520,EMBROIDERED RIBBON REEL RUBY,32,167,600.55,3.97,22,Papelería y Tarjetería,['Papelería y Tarjetería'],1,Papelería y Tarjetería,Papelería y Tarjetería,1.9047413232038826,Papelería y Tarjetería
23521,WALL ART CAT AND BIRD,44,413,793.37,4.2,20,"Espejos, Relojes y Arte de Pared","['Espejos, Relojes y Arte de Pared']",1,"Espejos, Relojes y Arte de Pared","Espejos, Relojes y Arte de Pared",1.9306087578789435,"Espejos, Relojes y Arte de Pared"
23522,WALL ART DOG AND BALL,32,354,727.44,3.68,20,"Espejos, Relojes y Arte de Pared","['Espejos, Relojes y Arte de Pared']",1,"Espejos, Relojes y Arte de Pared","Espejos, Relojes y Arte de Pared",1.7963849657397188,"Espejos, Relojes y Arte de Pared"
23523,WALL ART TREASURE AHOY,41,360,1173.81,3.93,20,"Espejos, Relojes y Arte de Pared","['Espejos, Relojes y Arte de Pared']",1,"Espejos, Relojes y Arte de Pared","Espejos, Relojes y Arte de Pared",1.8192160075648776,"Espejos, Relojes y Arte de Pared"
23524,WALL ART HORSE PONY,63,481,1557.63,4.32,20,"Espejos, Relojes y Arte de Pared","['Espejos, Relojes y Arte de Pared']",1,"Espejos, Relojes y Arte de Pared","Espejos, Relojes y Arte de Pared",1.7688102298145196,"Espejos, Relojes y Arte de Pared"
23525,WALL ART BUFFALO BILL,53,582,1863.82,4.16,20,"Espejos, Relojes y Arte de Pared","['Espejos, Relojes y Arte de Pared']",1,"Espejos, Relojes y Arte de Pared","Espejos, Relojes y Arte de Pared",1.8523211607869232,"Espejos, Relojes y Arte de Pared"
23526,WALL ART DOG LICENCE,144,1012,6021.4,8.25,20,"Espejos, Relojes y Arte de Pared","['Espejos, Relojes y Arte de Pared']",1,"Espejos, Relojes y Arte de Pared","Espejos, Relojes y Arte de Pared",2.0188619050564895,"Espejos, Relojes y Arte de Pared"
23527,WALL ART ANIMALS AND NATURE,48,420,1428.56,4.0,20,"Espejos, Relojes y Arte de Pared","['Espejos, Relojes y Arte de Pared']",1,"Espejos, Relojes y Arte de Pared","Espejos, Relojes y Arte de Pared",1.923687399418721,"Espejos, Relojes y Arte de Pared"
23528,WALL ART SPACEBOY,50,479,1504.49,4.78,20,"Espejos, Relojes y Arte de Pared","['Espejos, Relojes y Arte de Pared']",1,"Espejos, Relojes y Arte de Pared","Espejos, Relojes y Arte de Pared",2.082893073892963,"Espejos, Relojes y Arte de Pared"
23529,WALL ART DOLLY GIRL,37,637,2011.99,4.34,40,"Espejos, Relojes y Arte de Pared","['Espejos, Relojes y Arte de Pared']",1,"Espejos, Relojes y Arte de Pared","Espejos, Relojes y Arte de Pared",1.7757650536663343,"Espejos, Relojes y Arte de Pared"
23530,WALL ART ONLY ONE PERSON,87,1056,4436.27,5.58,20,"Espejos, Relojes y Arte de Pared","['Espejos, Relojes y Arte de Pared']",1,"Espejos, Relojes y Arte de Pared","Espejos, Relojes y Arte de Pared",1.9460486037202913,"Espejos, Relojes y Arte de Pared"
23531,WALL ART BIG LOVE,113,976,5538.26,7.66,20,"Espejos, Relojes y Arte de Pared","['Espejos, Relojes y Arte de Pared']",1,"Espejos, Relojes y Arte de Pared","Espejos, Relojes y Arte de Pared",1.9349795495887865,"Espejos, Relojes y Arte de Pared"
23532,WALL ART WORK REST AND PLAY,31,210,901.58,5.3,20,"Espejos, Relojes y Arte de Pared","['Espejos, Relojes y Arte de Pared']",1,"Espejos, Relojes y Arte de Pared","Espejos, Relojes y Arte de Pared",1.8816604290138135,"Espejos, Relojes y Arte de Pared"
23533,WALL ART GARDEN HAVEN,36,215,998.64,6.17,20,"Espejos, Relojes y Arte de Pared","['Espejos, Relojes y Arte de Pared', 'Jardín y Exterior']",2,"Espejos, Relojes y Arte de Pared","Espejos, Relojes y Arte de Pared",1.7700720615603163,"Espejos, Relojes y Arte de Pared"
23534,WALL ART STOP FOR TEA,261,1387,8608.9,7.54,20,"Espejos, Relojes y Arte de Pared","['Espejos, Relojes y Arte de Pared']",1,"Espejos, Relojes y Arte de Pared","Espejos, Relojes y Arte de Pared",1.6662654575077345,"Espejos, Relojes y Arte de Pared"
23535,WALL ART BICYCLE SAFETY,216,1324,8440.24,7.45,20,"Espejos, Relojes y Arte de Pared","['Espejos, Relojes y Arte de Pared']",1,"Espejos, Relojes y Arte de Pared","Espejos, Relojes y Arte de Pared",2.3573291653549835,"Espejos, Relojes y Arte de Pared"
23536,WALL ART VILLAGE SHOW,85,626,3442.13,6.79,20,"Espejos, Relojes y Arte de Pared","['Espejos, Relojes y Arte de Pared']",1,"Espejos, Relojes y Arte de Pared","Espejos, Relojes y Arte de Pared",1.9866381987839916,"Espejos, Relojes y Arte de Pared"
23537,WALL ART I LOVE LONDON,34,111,581.13,6.94,31,"Espejos, Relojes y Arte de Pared","['Espejos, Relojes y Arte de Pared']",1,"Espejos, Relojes y Arte de Pared","Espejos, Relojes y Arte de Pared",1.8450932849436308,"Espejos, Relojes y Arte de Pared"
23538,WALL ART VINTAGE HEART,32,331,1329.54,5.78,20,"Espejos, Relojes y Arte de Pared","['Espejos, Relojes y Arte de Pared']",1,"Espejos, Relojes y Arte de Pared","Espejos, Relojes y Arte de Pared",2.0221231687435384,"Espejos, Relojes y Arte de Pared"
23539,WALL ART LOVES SECRET,42,247,1227.95,6.59,20,"Espejos, Relojes y Arte de Pared","['Espejos, Relojes y Arte de Pared']",1,"Espejos, Relojes y Arte de Pared","Espejos, Relojes y Arte de Pared",1.9448624478714849,"Espejos, Relojes y Arte de Pared"
23540,WALL ART THE MAGIC FOREST,14,150,947.06,8.42,20,"Espejos, Relojes y Arte de Pared","['Espejos, Relojes y Arte de Pared']",1,"Espejos, Relojes y Arte de Pared","Espejos, Relojes y Arte de Pared",1.7754886034830526,"Espejos, Relojes y Arte de Pared"
23541,WALL ART CLASSIC PUDDINGS,152,872,6823.91,9.71,20,"Espejos, Relojes y Arte de Pared","['Espejos, Relojes y Arte de Pared']",1,"Espejos, Relojes y Arte de Pared","Espejos, Relojes y Arte de Pared",1.5993427131722182,"Espejos, Relojes y Arte de Pared"
23542,WALL ART 70 S ALPHABET,89,506,3800.16,9.78,20,"Espejos, Relojes y Arte de Pared","['Espejos, Relojes y Arte de Pared']",1,"Espejos, Relojes y Arte de Pared","Espejos, Relojes y Arte de Pared",1.9370473916220936,"Espejos, Relojes y Arte de Pared"
23543,WALL ART KEEP CALM,105,1236,7010.76,8.53,20,"Espejos, Relojes y Arte de Pared","['Espejos, Relojes y Arte de Pared']",1,"Espejos, Relojes y Arte de Pared","Espejos, Relojes y Arte de Pared",1.8395227442630135,"Espejos, Relojes y Arte de Pared"
23544,WALL ART MID CENTURY MODERN,20,164,1015.78,7.52,20,"Espejos, Relojes y Arte de Pared","['Espejos, Relojes y Arte de Pared']",1,"Espejos, Relojes y Arte de Pared","Espejos, Relojes y Arte de Pared",1.9451898718897815,"Espejos, Relojes y Arte de Pared"
23545,WRAP RED VINTAGE DOILY,85,2480,1025.6,0.42,37,Papelería y Tarjetería,['Papelería y Tarjetería'],1,Papelería y Tarjetería,Papelería y Tarjetería,3.0688001741381767,Papelería y Tarjetería
23546,WRAP PAISLEY PARK,120,3250,1365.0,0.42,9,Papelería y Tarjetería,['Papelería y Tarjetería'],1,Papelería y Tarjetería,Papelería y Tarjetería,1.9004946927789768,Papelería y Tarjetería
23547,WRAP FLOWER SHOP,62,1575,661.5,0.42,37,Papelería y Tarjetería,['Papelería y Tarjetería'],1,Papelería y Tarjetería,Papelería y Tarjetería,1.9683365873524168,Papelería y Tarjetería
23548,WRAP MAGIC FOREST,43,1075,451.5,0.42,37,Papelería y Tarjetería,['Papelería y Tarjetería'],1,Papelería y Tarjetería,Papelería y Tarjetería,1.7427600421544025,Papelería y Tarjetería
23549,WRAP BIRD GARDEN,52,1305,548.1,0.42,37,Jardín y Exterior,"['Jardín y Exterior', 'Papelería y Tarjetería']",2,Jardín y Exterior,Jardín y Exterior,2.028577631531615,Jardín y Exterior
23550,WRAP ALPHABET POSTER,64,1855,763.1,0.42,37,Papelería y Tarjetería,['Papelería y Tarjetería'],1,Papelería y Tarjetería,Papelería y Tarjetería,1.9527202852754773,Papelería y Tarjetería
23551,PACK OF 12 PAISLEY PARK TISSUES,138,1840,839.84,0.52,12,,[],0,Sin regla,Papelería y Tarjetería,0.49953513903216173,Papelería y Tarjetería
23552,BICYCLE PUNCTURE REPAIR KIT,123,1863,3881.91,2.26,22,,[],0,Sin regla,Papelería y Tarjetería,0.8707000238198493,Papelería y Tarjetería
23553,LANDMARK FRAME CAMDEN TOWN,68,568,6444.65,13.3,13,Marcos y Fotografía,['Marcos y Fotografía'],1,Marcos y Fotografía,Marcos y Fotografía,2.1175679239937417,Marcos y Fotografía
23554,LANDMARK FRAME OXFORD STREET,57,422,4805.53,13.05,13,Marcos y Fotografía,['Marcos y Fotografía'],1,Marcos y Fotografía,Marcos y Fotografía,2.0374939837524284,Marcos y Fotografía
23555,LANDMARK FRAME NOTTING HILL,51,421,4780.57,12.9,13,Marcos y Fotografía,['Marcos y Fotografía'],1,Marcos y Fotografía,Marcos y Fotografía,1.8943509932236147,Marcos y Fotografía
23556,LANDMARK FRAME COVENT GARDEN,53,436,4937.01,12.62,13,Marcos y Fotografía,"['Marcos y Fotografía', 'Jardín y Exterior']",2,Marcos y Fotografía,Marcos y Fotografía,1.7971686625546832,Marcos y Fotografía
23557,LANDMARK FRAME BAKER STREET,32,350,3930.27,13.18,13,Marcos y Fotografía,['Marcos y Fotografía'],1,Marcos y Fotografía,Marcos y Fotografía,2.00491397649808,Marcos y Fotografía
23558,LANDMARK FRAME LONDON BRIDGE,52,415,4703.87,13.13,13,Marcos y Fotografía,['Marcos y Fotografía'],1,Marcos y Fotografía,Marcos y Fotografía,1.7957580666739066,Marcos y Fotografía
23559,WOODLAND BUNNIES LOLLY MAKERS,124,649,1482.41,2.87,22,Pascua y Fiestas,['Pascua y Fiestas'],1,Pascua y Fiestas,Pascua y Fiestas,1.9365445892622954,Pascua y Fiestas
23560,SET OF 6 RIBBONS COUNTRY STYLE,26,172,499.18,3.54,22,Papelería y Tarjetería,['Papelería y Tarjetería'],1,Papelería y Tarjetería,Papelería y Tarjetería,1.6970386393123116,Papelería y Tarjetería
23561,SET OF 6 RIBBONS PARTY,16,170,476.0,3.41,22,Papelería y Tarjetería,['Papelería y Tarjetería'],1,Papelería y Tarjetería,Papelería y Tarjetería,1.6958328272813388,Papelería y Tarjetería
23562,SET OF 6 RIBBONS PERFECTLY PRETTY,43,251,724.59,3.29,22,Papelería y Tarjetería,['Papelería y Tarjetería'],1,Papelería y Tarjetería,Papelería y Tarjetería,1.9158465561991755,Papelería y Tarjetería
23564,EGG CUP MILKMAID INGRID,76,644,841.31,1.76,8,Cocina y Mesa,['Cocina y Mesa'],1,Cocina y Mesa,Cocina y Mesa,1.9612091226373045,Cocina y Mesa
23565,EGG CUP MILKMAID HELGA,63,410,586.31,1.85,8,Cocina y Mesa,['Cocina y Mesa'],1,Cocina y Mesa,Cocina y Mesa,1.9765368373862187,Cocina y Mesa
23566,EGG CUP MILKMAID HEIDI,83,881,1156.93,1.77,8,Cocina y Mesa,['Cocina y Mesa'],1,Cocina y Mesa,Cocina y Mesa,1.963104452958174,Cocina y Mesa
23567,EGG CUP HENRIETTA HEN PINK,38,211,291.58,1.82,8,Cocina y Mesa,['Cocina y Mesa'],1,Cocina y Mesa,Cocina y Mesa,1.8740813031808914,Cocina y Mesa
23568,EGG CUP HENRIETTA HEN CREAM,48,630,787.52,1.75,8,Cocina y Mesa,['Cocina y Mesa'],1,Cocina y Mesa,Cocina y Mesa,1.919529842550028,Cocina y Mesa
23569,TRADTIONAL ALPHABET STAMP SET,196,954,4717.66,5.3,22,,[],0,Sin regla,Cocina y Mesa,0.04393009328458147,Sin clasificar
23570,TRADITIONAL PICK UP STICKS GAME,286,2772,4931.87,1.43,22,,[],0,Sin regla,Cocina y Mesa,0.7804026120893429,Cocina y Mesa
23571,TRADITIONAL NAUGHTS CROSSES,262,2841,6406.91,1.89,22,,[],0,Sin regla,Cocina y Mesa,0.8106178059864116,Cocina y Mesa
23574,PACKING CHARGE,14,14,105.0,7.5,22,,[],0,Sin regla,Cocina y Mesa,0.05646456240018599,Sin clasificar
23575,SNACK TRAY PAISLEY PARK,34,179,367.35,2.58,43,,[],0,Sin regla,Papelería y Tarjetería,0.37099639863107875,Papelería y Tarjetería
23576,SNACK TRAY RED VINTAGE DOILY,38,198,400.04,2.4,43,Papelería y Tarjetería,['Papelería y Tarjetería'],1,Papelería y Tarjetería,Papelería y Tarjetería,1.6262099620199524,Papelería y Tarjetería
23578,SNACK TRAY RED GINGHAM,14,60,125.72,2.42,43,,[],0,Sin regla,Papelería y Tarjetería,0.2514862935953851,Papelería y Tarjetería
23579,SNACK TRAY I LOVE LONDON,35,169,358.75,2.63,31,,[],0,Sin regla,Papelería y Tarjetería,0.1359363610729485,Sin clasificar
23580,SNACK TRAY HAPPY FOREST,25,116,234.92,2.21,43,,[],0,Sin regla,Cocina y Mesa,0.07976916689498514,Sin clasificar
23581,JUMBO BAG PAISLEY PARK,345,5020,11581.83,2.26,9,Bolsos y Carteras,['Bolsos y Carteras'],1,Bolsos y Carteras,Bolsos y Carteras,1.8872743614931933,Bolsos y Carteras
23582,VINTAGE DOILY JUMBO BAG RED,262,4802,10206.41,2.21,6,Bolsos y Carteras,"['Bolsos y Carteras', 'Papelería y Tarjetería']",2,Bolsos y Carteras,Bolsos y Carteras,1.8636019437303917,Bolsos y Carteras
23583,LUNCH BAG PAISLEY PARK,332,3385,5497.33,1.8,9,Bolsos y Carteras,['Bolsos y Carteras'],1,Bolsos y Carteras,Bolsos y Carteras,1.9397990667008713,Bolsos y Carteras
23597,PAPER BUNTING PAISLEY PARK,31,249,679.07,3.19,9,Pascua y Fiestas,['Pascua y Fiestas'],1,Pascua y Fiestas,Pascua y Fiestas,1.840211496863636,Pascua y Fiestas
23598,PAPER BUNTING VINTAGE PARTY,47,427,1215.53,3.24,22,Pascua y Fiestas,['Pascua y Fiestas'],1,Pascua y Fiestas,Pascua y Fiestas,2.702946805313116,Pascua y Fiestas
23601,SET 10 CARDS SNOWY SNOWDROPS 17100,4,8,19.92,2.49,25,Papelería y Tarjetería,['Papelería y Tarjetería'],1,Papelería y Tarjetería,Papelería y Tarjetería,1.6971159875995308,Papelería y Tarjetería
23602,SET 10 CARDS 3 WISE MEN 17107,1,1,2.91,2.91,25,Papelería y Tarjetería,['Papelería y Tarjetería'],1,Papelería y Tarjetería,Papelería y Tarjetería,1.8435595340276132,Papelería y Tarjetería
23603,SET 10 CARD KRAFT REINDEER 17084,14,20,49.8,2.49,22,Navidad,"['Navidad', 'Papelería y Tarjetería']",2,Navidad,Navidad,2.7043555581219363,Navidad
23604,SET 10 MINI SANTA SNOWMAN 17087,2,4,6.64,1.66,22,Navidad,['Navidad'],1,Navidad,Navidad,2.592515182726007,Navidad
23605,SET 10 CARDS 12 DAYS OF XMAS 17059,1,4,11.64,2.91,25,Navidad,"['Navidad', 'Papelería y Tarjetería']",2,Navidad,Navidad,1.568909657369705,Navidad
23607,SET 10 CARDS HATS STOCKINGS 17081,7,8,13.28,1.66,25,Navidad,"['Navidad', 'Papelería y Tarjetería']",2,Navidad,Navidad,1.227365494056463,Navidad
23608,SET 10 CARDS RUDOLPHS NOSE 17097,3,4,11.64,2.91,25,Papelería y Tarjetería,['Papelería y Tarjetería'],1,Papelería y Tarjetería,Papelería y Tarjetería,1.8335262979919196,Papelería y Tarjetería
23609,SET 10 CARDS SNOWY ROBIN 17099,1,1,2.91,2.91,25,Navidad,"['Navidad', 'Papelería y Tarjetería']",2,Navidad,Papelería y Tarjetería,0.03316393563902886,Navidad
23610,SET 10 CARDS CHRISTMAS ROBIN 17095,3,3,6.24,2.08,25,Navidad,"['Navidad', 'Papelería y Tarjetería']",2,Navidad,Navidad,3.024507471127686,Navidad
23611,SET 10 CARDS RED RIDING HOOD 17214,16,40,99.6,2.49,25,Papelería y Tarjetería,['Papelería y Tarjetería'],1,Papelería y Tarjetería,Papelería y Tarjetería,1.8390021203780582,Papelería y Tarjetería
23612,SET 10 MINICARDS CUTE SNOWMAN 17071,2,5,8.3,1.66,22,Navidad,['Navidad'],1,Navidad,Navidad,1.674540318891999,Navidad
23613,SET 10 XMAS CARDS BADGES 17070,6,11,27.39,2.49,25,Navidad,"['Navidad', 'Papelería y Tarjetería']",2,Navidad,Navidad,1.9358296502266192,Navidad
23614,SET 10 CARDS 12 DAYS WRAP 17058,11,26,86.58,3.33,25,Papelería y Tarjetería,['Papelería y Tarjetería'],1,Papelería y Tarjetería,Papelería y Tarjetería,2.075552719422731,Papelería y Tarjetería
23615,SET 10 CARDS PRINTED GRAPHIC 17219,4,4,9.96,2.49,25,Papelería y Tarjetería,['Papelería y Tarjetería'],1,Papelería y Tarjetería,Papelería y Tarjetería,1.48039431179523,Papelería y Tarjetería
23616,SET 10 CARDS JINGLE BELLS 17217,7,8,19.92,2.49,25,Papelería y Tarjetería,['Papelería y Tarjetería'],1,Papelería y Tarjetería,Papelería y Tarjetería,1.7338943299298883,Papelería y Tarjetería
23617,SET 10 CARDS SWIRLY XMAS TREE 17104,1,2,5.82,2.91,25,Navidad,"['Navidad', 'Papelería y Tarjetería']",2,Navidad,Navidad,1.6881189185387595,Navidad
23619,SET 10 CARDS POINSETTIA 17093,2,4,9.96,2.49,25,Papelería y Tarjetería,['Papelería y Tarjetería'],1,Papelería y Tarjetería,Papelería y Tarjetería,1.7198802139464044,Papelería y Tarjetería
23620,SET 10 CARDS PERFECT POST 17090,7,10,24.9,2.49,25,Papelería y Tarjetería,['Papelería y Tarjetería'],1,Papelería y Tarjetería,Papelería y Tarjetería,1.5478756711063832,Papelería y Tarjetería
23621,SET 10 CARDS DAVID S MADONNA 17074,4,6,14.94,2.49,25,Papelería y Tarjetería,['Papelería y Tarjetería'],1,Papelería y Tarjetería,Papelería y Tarjetería,1.8192538133895757,Papelería y Tarjetería
23623,SET 10 CARD CHRISTMAS WELCOME 17112,6,8,23.28,2.91,0,Navidad,"['Navidad', 'Papelería y Tarjetería']",2,Navidad,Navidad,2.29934432651172,Navidad
23624,SET 10 CARD PERFECT NATIVITY 17089,4,4,9.96,2.49,22,Navidad,"['Navidad', 'Papelería y Tarjetería']",2,Navidad,Navidad,1.6313373405224314,Navidad
23625,SET 6 CARDS SPARKLY REINDEER 17262,4,9,44.91,4.99,25,Navidad,"['Navidad', 'Papelería y Tarjetería']",2,Navidad,Navidad,1.8591261299592694,Navidad
23626,SET 10 CARDS DINKY TREE 17076,16,43,107.07,2.49,25,Papelería y Tarjetería,['Papelería y Tarjetería'],1,Papelería y Tarjetería,Papelería y Tarjetería,1.75564255890224,Papelería y Tarjetería
23627,SET 10 CARDS XMAS GRAPHIC 17218,2,7,17.43,2.49,25,Navidad,"['Navidad', 'Papelería y Tarjetería']",2,Navidad,Navidad,1.5704197263953912,Navidad
23628,SET 10 CARDS TRIANGLE ICONS 17220,1,1,2.91,2.91,25,Papelería y Tarjetería,['Papelería y Tarjetería'],1,Papelería y Tarjetería,Papelería y Tarjetería,1.494332225952523,Papelería y Tarjetería
23629,SET 10 CARDS DRESSING UP 17077,10,24,59.76,2.49,25,Papelería y Tarjetería,['Papelería y Tarjetería'],1,Papelería y Tarjetería,Papelería y Tarjetería,1.7446580373140903,Papelería y Tarjetería
23630,SET 10 CARDS HANGING BAUBLES 17080,2,2,5.48,2.74,25,Navidad,"['Navidad', 'Papelería y Tarjetería']",2,Navidad,Navidad,1.006754455332946,Navidad
23632,SET 10 CARDS CHEERFUL ROBIN 17065,10,15,31.2,2.08,25,Navidad,"['Navidad', 'Papelería y Tarjetería']",2,Navidad,Navidad,0.4958793479059593,Navidad
23633,SET 10 CARDS WORLD CHILDREN 17067,3,3,7.47,2.49,25,Papelería y Tarjetería,['Papelería y Tarjetería'],1,Papelería y Tarjetería,Papelería y Tarjetería,1.6223031428436263,Papelería y Tarjetería
23634,SET 10 CARDS XMAS CHOIR 17068,5,5,14.55,2.91,25,Navidad,"['Navidad', 'Papelería y Tarjetería']",2,Navidad,Navidad,1.935995745118074,Navidad
23635,SET 10 CARDS CHRISTMAS HOLLY 17259,3,3,12.48,4.16,25,Navidad,"['Navidad', 'Papelería y Tarjetería']",2,Navidad,Navidad,3.511178142677424,Navidad
23636,SET 10 CARDS WISHING TREE 17116,7,9,26.19,2.91,25,Papelería y Tarjetería,['Papelería y Tarjetería'],1,Papelería y Tarjetería,Papelería y Tarjetería,1.768922760560948,Papelería y Tarjetería
23637,SET 10 CARDS OUT OF ORDER 17216,9,11,27.39,2.49,25,Papelería y Tarjetería,['Papelería y Tarjetería'],1,Papelería y Tarjetería,Papelería y Tarjetería,1.8217987557624602,Papelería y Tarjetería
23638,SET 10 CARDS ROBIN WATERPUMP 17096,2,2,5.82,2.91,25,Navidad,"['Navidad', 'Papelería y Tarjetería']",2,Navidad,Navidad,1.2922016472467655,Navidad
23639,SET 10 CARDS MAGICAL TREE 17086,4,4,13.32,3.33,25,Papelería y Tarjetería,['Papelería y Tarjetería'],1,Papelería y Tarjetería,Papelería y Tarjetería,1.5481943874046777,Papelería y Tarjetería
23640,SET 10 CARDS SCOTTIE DOG 17211,8,9,22.41,2.49,25,Papelería y Tarjetería,['Papelería y Tarjetería'],1,Papelería y Tarjetería,Papelería y Tarjetería,1.88302645225669,Papelería y Tarjetería
23643,SET 10 CARDS CHRISTMAS BAUBLE 16954,1,1,3.33,3.33,25,Navidad,"['Navidad', 'Papelería y Tarjetería']",2,Navidad,Navidad,3.5660082315806356,Navidad
23644,SET 10 CARDS CHRISTMAS TREE 16955,5,5,16.65,3.33,25,Navidad,"['Navidad', 'Papelería y Tarjetería']",2,Navidad,Navidad,2.309096752551037,Navidad
23645,SET 10 CHRISTMAS CARDS HOHOHO 16956,4,9,22.41,2.49,25,Navidad,"['Navidad', 'Papelería y Tarjetería']",2,Navidad,Navidad,2.928209770939625,Navidad
23646,SET 10 CARDS JINGLE BELLS 16957,5,8,19.92,2.49,25,Papelería y Tarjetería,['Papelería y Tarjetería'],1,Papelería y Tarjetería,Papelería y Tarjetería,1.5914397167278613,Papelería y Tarjetería
23649,SET 10 CARDS DECK THE HALLS 16960,2,2,4.98,2.49,25,Papelería y Tarjetería,['Papelería y Tarjetería'],1,Papelería y Tarjetería,Papelería y Tarjetería,0.8123805516047123,Papelería y Tarjetería
23650,SET 10 CARDS FILIGREE BAUBLE 16961,4,4,9.96,2.49,25,Navidad,"['Navidad', 'Papelería y Tarjetería']",2,Navidad,Navidad,1.6198330334817093,Navidad
23652,SET 10 CARD CHRISTMAS STAMPS 16963,1,2,5.82,2.91,0,Navidad,"['Navidad', 'Papelería y Tarjetería']",2,Navidad,Navidad,2.6220834122956704,Navidad
23654,SET 10 CARD SNOWMAN 16965,4,5,12.45,2.49,22,Navidad,"['Navidad', 'Papelería y Tarjetería']",2,Navidad,Navidad,1.713304401952663,Navidad
23660,HENRIETTA HEN MUG,42,306,534.66,2.24,24,Cocina y Mesa,['Cocina y Mesa'],1,Cocina y Mesa,Cocina y Mesa,1.9874177361312348,Cocina y Mesa
23661,MILK MAIDS MUG,34,219,393.59,2.23,24,Cocina y Mesa,['Cocina y Mesa'],1,Cocina y Mesa,Cocina y Mesa,2.4676592198720932,Cocina y Mesa
23664,FLOWER SHOP DESIGN MUG,1,1,1.65,1.65,24,Cocina y Mesa,['Cocina y Mesa'],1,Cocina y Mesa,Cocina y Mesa,1.7997125370101834,Cocina y Mesa
23681,LUNCH BAG RED VINTAGE DOILY,133,1576,2525.04,1.87,6,Bolsos y Carteras,"['Bolsos y Carteras', 'Papelería y Tarjetería']",2,Bolsos y Carteras,Bolsos y Carteras,1.773598039539675,Bolsos y Carteras
23691,WRAP KEEP CALM BIRTHDAY,38,1175,481.5,0.42,37,Papelería y Tarjetería,['Papelería y Tarjetería'],1,Papelería y Tarjetería,Papelería y Tarjetería,1.8325104529128817,Papelería y Tarjetería
23692,WRAP A PRETTY THANK YOU,2,50,21.0,0.42,37,Papelería y Tarjetería,['Papelería y Tarjetería'],1,Papelería y Tarjetería,Papelería y Tarjetería,1.959510957118517,Papelería y Tarjetería
23694,PAISLEY PARK CARD,41,376,165.08,0.59,9,Papelería y Tarjetería,['Papelería y Tarjetería'],1,Papelería y Tarjetería,Papelería y Tarjetería,1.7382974150173658,Papelería y Tarjetería
23695,DOILY THANK YOU CARD,57,741,313.24,0.5,22,Papelería y Tarjetería,['Papelería y Tarjetería'],1,Papelería y Tarjetería,Papelería y Tarjetería,2.6218513570375794,Papelería y Tarjetería
23697,A PRETTY THANK YOU CARD,36,456,194.58,0.52,22,Papelería y Tarjetería,['Papelería y Tarjetería'],1,Papelería y Tarjetería,Papelería y Tarjetería,1.8454593141718059,Papelería y Tarjetería
23702,HIGH RESOLUTION IMAGE,3,4,27.0,8.5,22,,[],0,Sin regla,Papelería y Tarjetería,0.17451535595160694,Sin clasificar
23843,PAPER CRAFT LITTLE BIRDIE,1,80995,168469.6,2.08,22,Papelería y Tarjetería,['Papelería y Tarjetería'],1,Papelería y Tarjetería,Papelería y Tarjetería,1.5235753321140915,Papelería y Tarjetería
30086C,ASSORTED FRUIT STRAWS,1,1,1.7,1.7,22,,[],0,Sin regla,Cocina y Mesa,0.3058489316175258,Cocina y Mesa
35001B,HAND OPEN SHAPE BLACK,6,17,59.33,3.49,22,,[],0,Sin regla,Botellas de Agua Caliente y Confort,0.11229152394176356,Sin clasificar
35001G,HAND OPEN SHAPE GOLD,105,715,2259.47,4.2,22,,[],0,Sin regla,Botellas de Agua Caliente y Confort,0.05677913997274531,Sin clasificar
35001P,HAND OPEN SHAPE PINK,2,2,6.98,3.49,22,,[],0,Sin regla,Botellas de Agua Caliente y Confort,0.07445771922724143,Sin clasificar
35001W,HAND OPEN SHAPE DECO WHITE,192,883,2806.69,4.09,22,,[],0,Sin regla,Botellas de Agua Caliente y Confort,0.12585694089449417,Sin clasificar
35004B,SET OF 3 BLACK FLYING DUCKS,276,1474,6809.65,6.74,22,,[],0,Sin regla,Cocina y Mesa,0.7627626930855591,Cocina y Mesa
35004C,SET OF 3 COLOURED FLYING DUCKS,380,3062,16218.1,8.08,22,,[],0,Sin regla,Cocina y Mesa,0.38491856330225027,Cocina y Mesa
35004G,SET OF 3 GOLD FLYING DUCKS,77,359,1419.51,6.25,22,,[],0,Sin regla,Cocina y Mesa,0.550811565693815,Cocina y Mesa
35004P,SET OF 3 PINK FLYING DUCKS,44,121,651.69,6.94,22,,[],0,Sin regla,Cocina y Mesa,0.6312215881517285,Cocina y Mesa
35004S,SET OF 3 SILVER FLYING DUCKS,25,146,518.4,7.51,22,,[],0,Sin regla,Cocina y Mesa,0.6492611025137841,Cocina y Mesa
35015,JACOBS LADDER SMALL,39,2072,134.08,0.09,22,,[],0,Sin regla,Cocina y Mesa,0.411595191877228,Cocina y Mesa
35051B,PINK BEADED CONE CHRISTMAS,2,14,5.88,0.42,0,Navidad,['Navidad'],1,Navidad,Navidad,1.9537631929115165,Navidad
35071,ASSORTED SANTA CHRISTMAS DECORATION,7,50,51.14,2.08,1,Navidad,"['Navidad', 'Decoración del Hogar']",2,Navidad,Navidad,3.132667351840177,Navidad
35085E,IVORY ROSE LAMPSHADE,9,39,44.25,1.17,22,,[],0,Sin regla,Cocina y Mesa,0.0027016962866577288,Sin clasificar
35095A,BLUE VICTORIAN FABRIC OVAL BOX,166,1809,725.56,0.64,4,,[],0,Sin regla,Cajas y Almacenamiento,0.47650558711439384,Cajas y Almacenamiento
35095B,RED VICTORIAN FABRIC OVAL BOX,177,1952,766.64,0.62,4,,[],0,Sin regla,Cajas y Almacenamiento,0.5084884727689924,Cajas y Almacenamiento
35096A,BLUE VICTORIAN FABRIC HEART BOX,50,765,272.45,0.67,4,,[],0,Sin regla,Cajas y Almacenamiento,0.5868368006358268,Cajas y Almacenamiento
35096B,RED VICTORIAN FABRIC HEART BOX,25,293,106.49,0.47,4,,[],0,Sin regla,Cajas y Almacenamiento,0.5376057602172031,Cajas y Almacenamiento
35160,BUDDHA INCENSE HOLDER ASSORTED,56,2180,1590.64,0.82,22,,[],0,Sin regla,Velas e Iluminación,0.4403091093079863,Velas e Iluminación
35233,PASTA ENAMEL BRASS CONTAINER,8,10,37.5,3.75,22,,[],0,Sin regla,Cocina y Mesa,0.5049921186309188,Cocina y Mesa
35240,ENAMEL BLUE RIM OVAL TRAY SET 2,39,49,416.01,8.49,43,,[],0,Sin regla,Cocina y Mesa,0.5798150854988817,Cocina y Mesa
35241,ENAMEL BLUE RIM BISCUIT BIN,130,309,1631.42,6.06,22,,[],0,Sin regla,Cocina y Mesa,1.621086620269054,Cocina y Mesa
35265,COLOURFUL FLOWER FRUIT BOWL,16,21,80.0,3.45,44,Cocina y Mesa,['Cocina y Mesa'],1,Cocina y Mesa,Cocina y Mesa,1.9776463864004132,Cocina y Mesa
35271S,GOLD PRINT PAPER BAG,20,420,85.97,0.23,6,Bolsos y Carteras,['Bolsos y Carteras'],1,Bolsos y Carteras,Bolsos y Carteras,1.9069300408585264,Bolsos y Carteras
35400,WOODEN BOX ADVENT CALENDAR,423,1435,13999.1,10.47,4,Navidad,['Navidad'],1,Navidad,Navidad,1.866283854717576,Navidad
35443,RASTA IN BATH W SPLIFF ASHTRAY,10,16,13.6,0.85,22,,[],0,Sin regla,Papelería y Tarjetería,0.06440368173928446,Sin clasificar
35471A,SET OF 3 BIRD L BLUE FEATHER,85,421,499.31,1.61,22,,[],0,Sin regla,Papelería y Tarjetería,0.03037517035407522,Sin clasificar
35471D,SET OF 3 BIRD LIGHT PINK FEATHER,356,2241,1591.86,1.23,22,Velas e Iluminación,['Velas e Iluminación'],1,Velas e Iluminación,Velas e Iluminación,1.5733769752672773,Velas e Iluminación
35537,CANDLE RING W CLEAR BEADS,3,13,5.46,0.42,35,Velas e Iluminación,['Velas e Iluminación'],1,Velas e Iluminación,Velas e Iluminación,1.6636143964755365,Velas e Iluminación
35591T,TURQUOISE CHRISTMAS TREE,9,17,21.25,1.25,0,Navidad,['Navidad'],1,Navidad,Navidad,2.086105994911304,Navidad
35594,WOODEN CHRISTMAS TREE 3 HANGING,39,165,103.06,1.0,0,Navidad,['Navidad'],1,Navidad,Navidad,2.251810076792869,Navidad
35596,WOOD XMAS TREE 9 FIG SHELVES,4,29,24.65,0.85,22,Navidad,['Navidad'],1,Navidad,Navidad,1.9361011948942526,Navidad
35597A,DUSTY PINK CHRISTMAS TREE 30CM,4,10,12.5,1.25,0,Navidad,['Navidad'],1,Navidad,Navidad,2.127400527910155,Navidad
35597B,BLACKCHRISTMAS TREE 30CM,7,78,224.1,1.55,0,Navidad,['Navidad'],1,Navidad,Navidad,1.9297810148657932,Navidad
35597D,PINK WHITE CHRISTMAS TREE 30CM,8,58,25.28,0.58,0,Navidad,['Navidad'],1,Navidad,Navidad,2.3411818966339677,Navidad
35598A,DUSTY PINK CHRISTMAS TREE 60CM,3,10,29.5,2.95,0,Navidad,['Navidad'],1,Navidad,Navidad,2.0120669917702556,Navidad
35598B,BLACK CHRISTMAS TREE 60CM,57,931,874.65,2.55,0,Navidad,['Navidad'],1,Navidad,Navidad,2.280593408582296,Navidad
35598C,WHITE CHRISTMAS TREE 60CM,3,3,8.85,2.95,0,Navidad,['Navidad'],1,Navidad,Navidad,2.3883541395664563,Navidad
35598D,PINK WHITE CHRISTMAS TREE 60CM,103,1727,1312.2,1.64,0,Navidad,['Navidad'],1,Navidad,Navidad,2.2182463201336224,Navidad
35599B,BLACK CHRISTMAS TREE 120CM,51,268,974.81,5.79,0,Navidad,['Navidad'],1,Navidad,Navidad,2.131432384173464,Navidad
35599D,PINK AND WHITE CHRISTMAS TREE 120CM,103,406,1366.48,4.74,0,Navidad,['Navidad'],1,Navidad,Navidad,1.990646132770883,Navidad
35600D,PINK AND WHITE CHRISTMAS TREE 180CM,13,141,497.7,7.08,0,Navidad,['Navidad'],1,Navidad,Navidad,2.2946387634131082,Navidad
35603B,S 16 BLACK SHINY MAT BAUBLES,2,50,21.0,0.42,22,Navidad,"['Navidad', 'Textiles del Hogar']",2,Navidad,Navidad,1.8344640237999585,Navidad
35603C,SET 16 WHITE SHINY MATT BAUBLES,25,83,48.3,0.69,22,Navidad,['Navidad'],1,Navidad,Navidad,1.9096749711135512,Navidad
35607A,PINK FLUFFY CHRISTMAS DECORATION,31,554,118.43,0.33,1,Navidad,"['Navidad', 'Decoración del Hogar']",2,Navidad,Navidad,2.6182555233092235,Navidad
35607B,BLACK FEATHER CHRISTMAS DECORATION,17,312,62.3,0.28,1,Navidad,"['Navidad', 'Decoración del Hogar']",2,Navidad,Navidad,2.0856074778751292,Navidad
35609A,PINK FEATHER CHRISTMAS DECORATION,24,447,133.23,0.82,1,Navidad,"['Navidad', 'Decoración del Hogar']",2,Navidad,Navidad,2.064975156467749,Navidad
35610A,PINK CHRISTMAS FLOCK DROPLET,12,143,105.43,1.54,0,Navidad,['Navidad'],1,Navidad,Navidad,2.0465353292170843,Navidad
35610B,BLACK CHRISTMAS FLOCK DROPLET,14,179,144.07,1.13,0,Navidad,['Navidad'],1,Navidad,Navidad,1.9731651180966625,Navidad
35610C,WHITE CHRISTMAS FLOCK DROPLET,8,94,81.56,1.47,0,Navidad,['Navidad'],1,Navidad,Navidad,2.09490128768803,Navidad
35611B,BLACK ASSORTED DROPLET DECORATION,4,62,45.76,2.23,1,Decoración del Hogar,['Decoración del Hogar'],1,Decoración del Hogar,Decoración del Hogar,1.9164642989373801,Decoración del Hogar
35633B,BLUE TINSEL GARLAND,12,130,24.7,0.19,14,Decoración del Hogar,['Decoración del Hogar'],1,Decoración del Hogar,Decoración del Hogar,1.9496485820055272,Decoración del Hogar
35637A,IVORY STRING CURTAIN WITH POLE,53,551,1445.05,6.17,22,Textiles del Hogar,['Textiles del Hogar'],1,Textiles del Hogar,Textiles del Hogar,1.9384305681426446,Textiles del Hogar
35637C,PINK STRING CURTAIN WITH POLE,19,100,331.14,6.51,22,Textiles del Hogar,['Textiles del Hogar'],1,Textiles del Hogar,Textiles del Hogar,1.9017353006521418,Textiles del Hogar
35638A,PINK AND BLACK STRING CURTAIN,6,39,88.05,3.95,22,Textiles del Hogar,['Textiles del Hogar'],1,Textiles del Hogar,Textiles del Hogar,1.9161683693177851,Textiles del Hogar
35638B,PINK BLUE STRING CURTAIN,11,118,313.29,6.6,22,Textiles del Hogar,['Textiles del Hogar'],1,Textiles del Hogar,Textiles del Hogar,2.114313128764771,Textiles del Hogar
35644,PAIR PINK BLACK COATHANGERS,8,21,40.95,1.95,22,,[],0,Sin regla,Cocina y Mesa,0.4519854774727031,Cocina y Mesa
35645,VINTAGE BEAD PINK JEWEL BOX,34,61,301.81,5.5,4,,[],0,Sin regla,Joyería y Bijouterie,0.3755268255797034,Joyería y Bijouterie
35646,VINTAGE BEAD PINK EVENING BAG,106,642,1043.44,2.32,6,Bolsos y Carteras,['Bolsos y Carteras'],1,Bolsos y Carteras,Bolsos y Carteras,1.8678382556846378,Bolsos y Carteras
35647,VINTAGE BEAD PINK SHADE,75,563,748.24,1.77,22,,[],0,Sin regla,Bolsos y Carteras,0.0037740199863040003,Sin clasificar
35648,VINTAGE BEAD PINK PURSE,146,1041,1270.93,1.77,22,Bolsos y Carteras,['Bolsos y Carteras'],1,Bolsos y Carteras,Bolsos y Carteras,2.3101358638181315,Bolsos y Carteras
35649,VINTAGE BEAD COSMETIC BAG,54,1826,1362.9,3.06,6,Bolsos y Carteras,['Bolsos y Carteras'],1,Bolsos y Carteras,Bolsos y Carteras,2.061122295275889,Bolsos y Carteras
35650,VINTAGE BEAD PINK JEWEL STAND,3,3,14.85,4.95,22,,[],0,Sin regla,Joyería y Bijouterie,0.23485388723122358,Joyería y Bijouterie
35651,VINTAGE BEAD PINK SCARF,64,459,1057.62,3.42,22,,[],0,Sin regla,Papelería y Tarjetería,0.1374976693225538,Sin clasificar
35652,VINTAGE BEAD CHAISE LONG JEWEL BOX,2,18,21.5,3.62,4,,[],0,Sin regla,Joyería y Bijouterie,0.4826751687755759,Joyería y Bijouterie
35653,VINTAGE BEAD NOTEBOOK,113,311,982.53,3.71,41,Papelería y Tarjetería,['Papelería y Tarjetería'],1,Papelería y Tarjetería,Papelería y Tarjetería,1.9899018451648247,Papelería y Tarjetería
35654,VINTAGE BEAD FILLED PINK CUSHION,5,12,59.4,4.95,21,Textiles del Hogar,['Textiles del Hogar'],1,Textiles del Hogar,Textiles del Hogar,1.9672345749019824,Textiles del Hogar
35751C,PURPLE CURRENT CANDLE RING,2,31,12.61,0.47,35,Velas e Iluminación,['Velas e Iluminación'],1,Velas e Iluminación,Velas e Iluminación,1.8980780646662336,Velas e Iluminación
35751D,PINK CURRENT CANDLE RING,1,28,5.32,0.19,35,Velas e Iluminación,['Velas e Iluminación'],1,Velas e Iluminación,Velas e Iluminación,1.8998281768236798,Velas e Iluminación
35793,S 3 PUPPIES CHRISTMAS DECORATIONS,16,108,216.33,3.78,0,Navidad,"['Navidad', 'Decoración del Hogar']",2,Navidad,Navidad,2.318421837306384,Navidad
35809A,ENAMEL PINK TEA CONTAINER,188,1147,1708.32,2.57,26,,[],0,Sin regla,Cocina y Mesa,0.9748351887099203,Cocina y Mesa
35809B,ENAMEL BLUE RIM TEA CONTAINER,33,104,227.54,2.57,26,,[],0,Sin regla,Cocina y Mesa,0.8794916706274811,Cocina y Mesa
35810A,ENAMEL PINK COFFEE CONTAINER,172,1205,1604.74,2.35,9,,[],0,Sin regla,Cocina y Mesa,1.1247518120310245,Cocina y Mesa
35810B,ENAMEL BLUE RIM COFFEE CONTAINER,68,325,517.71,2.28,9,,[],0,Sin regla,Cocina y Mesa,1.0336924461836838,Cocina y Mesa
35811A,ENAMEL PINK SUGAR CONTAINER,84,434,762.97,2.91,22,,[],0,Sin regla,Cocina y Mesa,0.9774060054640166,Cocina y Mesa
35815B,ACRYLIC JEWEL SNOWFLAKE BLUE,3,95,43.94,1.69,22,,[],0,Sin regla,Velas e Iluminación,0.06425131206232937,Sin clasificar
35815P,ACRYLIC JEWEL SNOWFLAKE PINK,7,168,75.88,1.12,22,,[],0,Sin regla,Velas e Iluminación,0.058552342419899706,Sin clasificar
35816B,ACRYLIC JEWEL ANGEL BLUE,3,139,58.07,1.4,22,,[],0,Sin regla,Decoración del Hogar,0.3916462898837396,Decoración del Hogar
35816P,ACRYLIC JEWEL ANGEL PINK,9,297,137.43,1.14,22,,[],0,Sin regla,Decoración del Hogar,0.40146536772836094,Decoración del Hogar
35817B,ACRYLIC JEWEL SNOWFLAKE BLUE,3,143,61.3,2.7,22,,[],0,Sin regla,Velas e Iluminación,0.06425131206232937,Sin clasificar
35817P,ACRYLIC JEWEL SNOWFLAKE PINK,11,420,216.7,1.59,22,,[],0,Sin regla,Velas e Iluminación,0.058552342419899706,Sin clasificar
35818B,ACRYLIC JEWEL ICICLE BLUE,11,408,180.05,1.15,22,,[],0,Sin regla,Decoración del Hogar,0.05757204557164741,Sin clasificar
35818C,ACRYLIC JEWEL ICICLE CLEAR,1,1,3.43,3.43,22,,[],0,Sin regla,Decoración del Hogar,0.0287484348975372,Sin clasificar
35818P,ACRYLIC JEWEL ICICLE PINK,25,559,242.15,0.97,22,,[],0,Sin regla,Decoración del Hogar,0.06638987566044852,Sin clasificar
35819B,ACRYLIC HANGING JEWEL BLUE,35,385,192.3,0.71,22,,[],0,Sin regla,Decoración del Hogar,0.6242423406966846,Decoración del Hogar
35819P,ACRYLIC HANGING JEWEL PINK,7,95,66.55,0.5,22,,[],0,Sin regla,Decoración del Hogar,0.6388309605517155,Decoración del Hogar
35821B,JEWELLED DECORATION BLUE,3,150,57.0,0.38,1,Decoración del Hogar,['Decoración del Hogar'],1,Decoración del Hogar,Decoración del Hogar,1.9401014740436704,Decoración del Hogar
35821P,JEWELLED DECORATION PINK,2,2,5.9,2.95,1,Decoración del Hogar,['Decoración del Hogar'],1,Decoración del Hogar,Decoración del Hogar,1.8638846701255243,Decoración del Hogar
35822B,ACRYLIC BEAD CHAIN BLUE,1,229,87.02,0.38,22,,[],0,Sin regla,Decoración del Hogar,0.05465622881201293,Sin clasificar
35822P,ACRYLIC BEAD CHAIN PINK,1,114,43.32,0.38,22,,[],0,Sin regla,Decoración del Hogar,0.07549189937869794,Sin clasificar
35823P,ACRYLIC BEAD GARLAND PINK,2,2,5.9,2.95,14,Decoración del Hogar,['Decoración del Hogar'],1,Decoración del Hogar,Decoración del Hogar,1.8466266719385773,Decoración del Hogar
35824B,HANGING FLOWERS MIRROR BLUE,6,528,203.24,0.81,20,"Espejos, Relojes y Arte de Pared","['Espejos, Relojes y Arte de Pared']",1,"Espejos, Relojes y Arte de Pared","Espejos, Relojes y Arte de Pared",1.9816959796140046,"Espejos, Relojes y Arte de Pared"
35824C,HANGING FLOWERS MIRROR CLEAR,8,235,117.05,0.94,20,"Espejos, Relojes y Arte de Pared","['Espejos, Relojes y Arte de Pared']",1,"Espejos, Relojes y Arte de Pared","Espejos, Relojes y Arte de Pared",1.9530894771082428,"Espejos, Relojes y Arte de Pared"
35824P,HANGING FLOWERS MIRROR PINK,3,324,136.44,0.75,20,"Espejos, Relojes y Arte de Pared","['Espejos, Relojes y Arte de Pared']",1,"Espejos, Relojes y Arte de Pared","Espejos, Relojes y Arte de Pared",2.065959554255047,"Espejos, Relojes y Arte de Pared"
35832,WOOLLY HAT SOCK GLOVE ADVENT STRING,190,1737,5341.85,3.71,22,Navidad,['Navidad'],1,Navidad,Navidad,1.9215897722989825,Navidad
35833G,4 GOLD FLOCK CHRISTMAS BALLS,34,134,220.66,1.66,0,Navidad,['Navidad'],1,Navidad,Navidad,2.0540620496819924,Navidad
35833P,4 PINK FLOCK CHRISTMAS BALLS,64,185,342.17,2.34,0,Navidad,['Navidad'],1,Navidad,Navidad,2.0991822756501497,Navidad
35837,SET OF SIX SILVER RED FLOCK BAUBLES,1,2,1.7,0.85,22,Navidad,['Navidad'],1,Navidad,Navidad,1.823398487778354,Navidad
35838A,S 6 MULTICOLOUR ORNAMENETAL CANDLE,20,180,184.4,1.18,35,Velas e Iluminación,['Velas e Iluminación'],1,Velas e Iluminación,Velas e Iluminación,1.7387280272391554,Velas e Iluminación
35838B,S 6 SILVER ORNAMENETAL CANDLE,25,100,85.0,0.85,35,Velas e Iluminación,['Velas e Iluminación'],1,Velas e Iluminación,Velas e Iluminación,1.9347351147157958,Velas e Iluminación
35840,FLAT GLASS BAUBLE WHITE FLOCK,11,45,107.13,3.76,22,Navidad,['Navidad'],1,Navidad,Navidad,1.861366144634867,Navidad
35909A,RABBIT EASTER DECORATION,5,20,59.0,2.95,1,Pascua y Fiestas,"['Pascua y Fiestas', 'Decoración del Hogar']",2,Pascua y Fiestas,Pascua y Fiestas,2.202346487250911,Pascua y Fiestas
35909B,PINK FLOWERS RABBIT EASTER,7,16,47.2,2.95,22,Pascua y Fiestas,['Pascua y Fiestas'],1,Pascua y Fiestas,Pascua y Fiestas,2.0610121659149305,Pascua y Fiestas
35910A,MULTICOLOUR EASTER RABBIT,13,53,103.35,1.95,22,Pascua y Fiestas,['Pascua y Fiestas'],1,Pascua y Fiestas,Pascua y Fiestas,1.832487112734883,Pascua y Fiestas
35910B,PINK FLOWERS RABBIT EASTER,8,29,61.07,2.52,22,Pascua y Fiestas,['Pascua y Fiestas'],1,Pascua y Fiestas,Pascua y Fiestas,2.0610121659149305,Pascua y Fiestas
35911A,MULTICOLOUR RABBIT EGG WARMER,97,388,466.69,1.51,8,,[],0,Sin regla,Cocina y Mesa,0.14593783384247372,Sin clasificar
35911B,PINK FLOWER RABBIT EGG WARMER,24,159,184.76,1.5,8,,[],0,Sin regla,Botellas de Agua Caliente y Confort,0.0534220924631682,Sin clasificar
35912B,WHITE PINK CHICK DECORATION,30,288,355.58,1.85,1,Decoración del Hogar,['Decoración del Hogar'],1,Decoración del Hogar,Decoración del Hogar,1.6038696785087785,Decoración del Hogar
35913B,WHITE PINK CHICK EASTER DECORATION,23,100,92.39,1.07,1,Pascua y Fiestas,"['Pascua y Fiestas', 'Decoración del Hogar']",2,Pascua y Fiestas,Pascua y Fiestas,1.683711232663954,Pascua y Fiestas
35914,PINK CHICK EGG WARMER EGG CUP,58,243,336.58,1.64,8,Cocina y Mesa,['Cocina y Mesa'],1,Cocina y Mesa,Cocina y Mesa,1.6128963899550228,Cocina y Mesa
35915A,CREAM KNITTED HEN,1,288,365.76,1.27,22,,[],0,Sin regla,Cocina y Mesa,0.1062693294748428,Sin clasificar
35915B,BLUE KNITTED HEN,68,563,713.73,1.21,22,,[],0,Sin regla,Bolsos y Carteras,0.057460758961192515,Sin clasificar
35915C,PEACH KNITTED HEN,82,662,793.32,1.35,22,,[],0,Sin regla,Bolsos y Carteras,0.11740072935087786,Sin clasificar
35916A,YELLOW FELT HANGING HEART W FLOWER,44,129,112.04,1.02,39,Decoración del Hogar,['Decoración del Hogar'],1,Decoración del Hogar,Decoración del Hogar,1.8137233157637764,Decoración del Hogar
35916B,BLUE FELT HANGING HEART WITH FLOWER,46,132,119.67,0.97,39,Decoración del Hogar,['Decoración del Hogar'],1,Decoración del Hogar,Decoración del Hogar,1.9111074687120064,Decoración del Hogar
35916C,PINK FELT HANGING HEART W FLOWER,42,157,167.55,1.22,39,Decoración del Hogar,['Decoración del Hogar'],1,Decoración del Hogar,Decoración del Hogar,1.9176989836457752,Decoración del Hogar
35918B,BLUE FLORIBUNDA EGG WARMER,5,10,12.5,1.25,8,,[],0,Sin regla,Botellas de Agua Caliente y Confort,0.20820873923379263,Botellas de Agua Caliente y Confort
35920,FOUR RABBIT EASTER DECORATIONS,24,1070,296.34,1.67,22,Pascua y Fiestas,"['Pascua y Fiestas', 'Decoración del Hogar']",2,Pascua y Fiestas,Pascua y Fiestas,1.9725006467363695,Pascua y Fiestas
35921,EASTER BUNNY HANGING GARLAND,50,183,330.32,2.83,14,Pascua y Fiestas,"['Pascua y Fiestas', 'Decoración del Hogar']",2,Pascua y Fiestas,Pascua y Fiestas,3.4545391316728935,Pascua y Fiestas
35922,EASTER BUNNY WREATH,36,97,575.99,7.11,22,Pascua y Fiestas,"['Pascua y Fiestas', 'Decoración del Hogar']",2,Pascua y Fiestas,Pascua y Fiestas,3.8819522346297304,Pascua y Fiestas
35923,CANDY HEART HANGING DECORATION,113,1545,1023.77,1.27,1,Decoración del Hogar,['Decoración del Hogar'],1,Decoración del Hogar,Decoración del Hogar,2.266713932769468,Decoración del Hogar
35924,HANGING FAIRY CAKE DECORATION,192,2164,4049.4,2.76,32,Decoración del Hogar,['Decoración del Hogar'],1,Decoración del Hogar,Decoración del Hogar,2.0502190244235896,Decoración del Hogar
35930,PINK HEART CHRISTMAS DECORATION,1,1,0.38,0.38,1,Navidad,"['Navidad', 'Decoración del Hogar']",2,Navidad,Navidad,2.4042421238074105,Navidad
35931,PINK STAR CHRISTMAS DECORATION,15,156,78.12,0.48,1,Navidad,"['Navidad', 'Decoración del Hogar']",2,Navidad,Navidad,2.3452209473804615,Navidad
35932,PINK CHRISTMAS TREE DECORATION,10,37,15.63,0.54,0,Navidad,"['Navidad', 'Decoración del Hogar']",2,Navidad,Navidad,2.3363467761513084,Navidad
35933,PINK STOCKING CHRISTMAS DECORATION,28,319,131.38,0.7,1,Navidad,"['Navidad', 'Decoración del Hogar']",2,Navidad,Navidad,3.4492037687507873,Navidad
35936,CERISE GOLD CHRISTMAS TREE DEC,9,36,13.68,0.38,0,Navidad,['Navidad'],1,Navidad,Navidad,2.187879611890541,Navidad
35937,CERISE GOLD CHRISTMAS STOCKING DEC,17,188,71.44,0.38,0,Navidad,['Navidad'],1,Navidad,Navidad,3.0270052495897013,Navidad
35945,GOLD CHRISTMAS STOCKING DECORATION,1,1,1.95,1.95,1,Navidad,"['Navidad', 'Decoración del Hogar']",2,Navidad,Navidad,3.3990933846840465,Navidad
35950,FOLKART HEART CHRISTMAS DECORATIONS,1,1,1.25,1.25,39,Navidad,"['Navidad', 'Decoración del Hogar']",2,Navidad,Navidad,1.7913134615340534,Navidad
35951,FOLKART BAUBLE CHRISTMAS DECORATION,46,1352,717.99,1.19,1,Navidad,"['Navidad', 'Decoración del Hogar']",2,Navidad,Navidad,3.294700341552436,Navidad
35953,FOLKART STAR CHRISTMAS DECORATIONS,158,3868,2007.22,0.78,0,Navidad,"['Navidad', 'Decoración del Hogar']",2,Navidad,Navidad,1.912837676890915,Navidad
35954,SMALL FOLKART STAR CHRISTMAS DEC,112,2181,850.49,1.22,0,Navidad,['Navidad'],1,Navidad,Navidad,2.138472545718952,Navidad
35955,SMALL FOLKART CHRISTMAS TREE DEC,5,135,34.62,0.37,0,Navidad,['Navidad'],1,Navidad,Navidad,2.2105999919235555,Navidad
35957,SMALLFOLKART BAUBLE CHRISTMAS DEC,148,3565,1254.9,1.24,0,Navidad,['Navidad'],1,Navidad,Navidad,3.471119707631756,Navidad
35958,FOLKART ZINC STAR CHRISTMAS DEC,83,1131,984.63,0.97,0,Navidad,['Navidad'],1,Navidad,Navidad,2.0645292061804277,Navidad
35961,FOLKART ZINC HEART CHRISTMAS DEC,646,11430,9514.78,1.14,39,Navidad,['Navidad'],1,Navidad,Navidad,2.0254883830463575,Navidad
35962,12 ASS ZINC CHRISTMAS DECORATIONS,96,581,1351.78,2.82,12,Navidad,"['Navidad', 'Decoración del Hogar']",2,Navidad,Navidad,1.921051591659984,Navidad
35963,FOLKART ZINC CLIP ON ANGEL WINGS,13,101,38.38,0.38,22,,[],0,Sin regla,Decoración del Hogar,0.43329835606592493,Decoración del Hogar
35964,FOLKART CLIP ON STARS,134,1187,689.76,1.12,22,,[],0,Sin regla,Papelería y Tarjetería,0.18390205595274822,Sin clasificar
35965,FOLKART HEART NAPKIN RINGS,174,629,1423.63,3.3,39,Cocina y Mesa,['Cocina y Mesa'],1,Cocina y Mesa,Cocina y Mesa,1.7061435685875646,Cocina y Mesa
35966,FOLKART CHRISTMAS TREE T LIGHT HOLD,26,255,111.34,0.68,0,Navidad,"['Navidad', 'Velas e Iluminación']",2,Navidad,Navidad,2.206949942448193,Navidad
35967,FOLK ART METAL STAR T LIGHT HOLDER,112,936,488.51,0.77,15,Velas e Iluminación,['Velas e Iluminación'],1,Velas e Iluminación,Velas e Iluminación,1.9362796073156008,Velas e Iluminación
35968,FOLK ART METAL HEART T LIGHT HOLDER,76,761,363.34,0.7,15,Velas e Iluminación,['Velas e Iluminación'],1,Velas e Iluminación,Velas e Iluminación,1.9372517914227891,Velas e Iluminación
35969,FOLKART CROWN TABLE DECORATIONS,76,523,542.47,1.92,19,Decoración del Hogar,['Decoración del Hogar'],1,Decoración del Hogar,Decoración del Hogar,1.8453744829635506,Decoración del Hogar
35970,ZINC FOLKART SLEIGH BELLS,709,8375,15072.58,2.26,22,,[],0,Sin regla,Decoración del Hogar,0.7041312346356318,Decoración del Hogar
35971,ROSE FOLKART HEART DECORATIONS,225,1963,1947.74,1.79,39,Decoración del Hogar,['Decoración del Hogar'],1,Decoración del Hogar,Decoración del Hogar,1.8700692505988574,Decoración del Hogar
35972,DAISY FOLKART HEART DECORATION,88,440,611.38,1.76,1,Decoración del Hogar,['Decoración del Hogar'],1,Decoración del Hogar,Decoración del Hogar,1.9083852884466688,Decoración del Hogar
35973,GERANIUM FOLKART HEART DECORATION,17,49,61.25,1.25,1,Decoración del Hogar,['Decoración del Hogar'],1,Decoración del Hogar,Decoración del Hogar,1.9154731026722913,Decoración del Hogar
35974,S 6 CHRISTMAS TREE PLACE SETTING,1,1,3.75,3.75,0,Navidad,['Navidad'],1,Navidad,Navidad,2.4360632725314786,Navidad
35976B,WHITE SCANDINAVIAN HEART CHRISTMAS,1,1,1.25,1.25,39,Navidad,['Navidad'],1,Navidad,Navidad,2.0244467634268335,Navidad
35979,SIX STRING SCANDINAVIAN HEART DECS,28,94,311.03,3.82,39,,[],0,Sin regla,Velas e Iluminación,0.09971129828369008,Sin clasificar
35980B,RED TOP SCANDINAVIAN HEART,2,4,1.52,0.38,39,,[],0,Sin regla,Velas e Iluminación,0.010186237993112024,Sin clasificar
35980C,REDWHITE STRIPE SCANDINAVIAN HEART,29,377,147.64,0.46,39,,[],0,Sin regla,Papelería y Tarjetería,0.06565025882239739,Sin clasificar
35981C,WHITE SNOW SCANDINAVIAN STOCKING,72,589,297.62,0.66,22,Navidad,['Navidad'],1,Navidad,Navidad,1.6934786294073705,Navidad
35991,SET 6 BLACK SNOWFLAKE T LIGHTS,56,402,232.08,0.87,23,Velas e Iluminación,['Velas e Iluminación'],1,Velas e Iluminación,Velas e Iluminación,1.7668982189789673,Velas e Iluminación
35995,SET 6 BLACK GLITTER REINDEER CANDLE,5,5,3.78,0.76,35,Navidad,"['Navidad', 'Velas e Iluminación']",2,Navidad,Navidad,1.1149003686428056,Navidad
35999,S 6 SCANDINAVIAN HEART T LIGHT,1,1,2.55,2.55,39,Velas e Iluminación,['Velas e Iluminación'],1,Velas e Iluminación,Velas e Iluminación,1.7682759643991903,Velas e Iluminación
37112,YELLOW BIRDS FELT DES FOODCOVER,6,10,37.5,3.75,22,,[],0,Sin regla,Decoración del Hogar,0.25038908124270065,Decoración del Hogar
37326,FAIRY DESIGN MUGS,2,2,4.61,2.3,19,Cocina y Mesa,['Cocina y Mesa'],1,Cocina y Mesa,Cocina y Mesa,1.7649180821705626,Cocina y Mesa
37327,ASSTD MULTICOLOUR CIRCLES MUG,91,1739,1051.69,1.64,24,Cocina y Mesa,['Cocina y Mesa'],1,Cocina y Mesa,Cocina y Mesa,1.8154315347421022,Cocina y Mesa
37330,SPOTS MUG,28,517,927.46,2.31,24,Cocina y Mesa,['Cocina y Mesa'],1,Cocina y Mesa,Cocina y Mesa,2.4139826951318977,Cocina y Mesa
37333,RETRO TEA FOR ONE,58,145,805.1,6.92,26,,[],0,Sin regla,Cocina y Mesa,0.6521873851222679,Cocina y Mesa
37340,MULTICOLOUR SPRING FLOWER MUG,205,13665,3881.33,3.35,24,Cocina y Mesa,['Cocina y Mesa'],1,Cocina y Mesa,Cocina y Mesa,1.6611804406269515,Cocina y Mesa
37342,POLKADOT COFFEE CUP SAUCER PINK,132,1629,1731.4,2.1,9,Cocina y Mesa,['Cocina y Mesa'],1,Cocina y Mesa,Cocina y Mesa,2.796908489913012,Cocina y Mesa
37343,SPOTS DESIGN MUG W PINK INSIDE,104,1110,1759.04,2.08,24,Cocina y Mesa,['Cocina y Mesa'],1,Cocina y Mesa,Cocina y Mesa,1.8110056979568585,Cocina y Mesa
37345,ASSTD HEARTS DESIGN MUGS,9,321,561.05,4.04,22,Cocina y Mesa,['Cocina y Mesa'],1,Cocina y Mesa,Cocina y Mesa,1.6564075394991278,Cocina y Mesa
37348,SET OF 4 PASTEL STACKING MUGS,7,14,35.7,2.55,22,Cocina y Mesa,['Cocina y Mesa'],1,Cocina y Mesa,Cocina y Mesa,1.8300114306982298,Cocina y Mesa
37351,ORANGE FLOWER MUG,11,5404,612.51,3.75,24,Cocina y Mesa,['Cocina y Mesa'],1,Cocina y Mesa,Cocina y Mesa,2.0710004868090417,Cocina y Mesa
37352,BIRD IN TREE MUG,8,4643,504.55,1.11,24,Cocina y Mesa,['Cocina y Mesa'],1,Cocina y Mesa,Cocina y Mesa,1.8580547335021385,Cocina y Mesa
37370,RETRO COFFEE MUGS ASSORTED,499,7145,10821.29,5.55,9,Cocina y Mesa,['Cocina y Mesa'],1,Cocina y Mesa,Cocina y Mesa,2.0144962779122064,Cocina y Mesa
37379A,PINK CHERRY BLOSSOM CUP SAUCER,16,41,159.2,8.0,22,Cocina y Mesa,['Cocina y Mesa'],1,Cocina y Mesa,Cocina y Mesa,2.0382627316091284,Cocina y Mesa
37379B,BLUE CHERRY BLOSSOM CUP SAUCER,3,1122,181.5,0.88,22,Cocina y Mesa,['Cocina y Mesa'],1,Cocina y Mesa,Cocina y Mesa,2.076265251310649,Cocina y Mesa
37399,ASS RETROSPOOF MUGS SPORTS,6,143,75.0,0.97,22,Cocina y Mesa,['Cocina y Mesa'],1,Cocina y Mesa,Cocina y Mesa,1.936172986919674,Cocina y Mesa
37408,ASSORTED DESIGN GEISHA GIRL MUGS,1,5,6.25,1.25,22,Cocina y Mesa,['Cocina y Mesa'],1,Cocina y Mesa,Cocina y Mesa,1.7992376400593235,Cocina y Mesa
37409,ASSORTED DESIGN FLOWER MUGS,3,7,5.95,0.85,36,Cocina y Mesa,['Cocina y Mesa'],1,Cocina y Mesa,Cocina y Mesa,1.7205912616329904,Cocina y Mesa
37410,BLACK AND WHITE PAISLEY FLOWER MUG,33,25707,3288.65,7.56,24,Cocina y Mesa,['Cocina y Mesa'],1,Cocina y Mesa,Cocina y Mesa,1.7278198249944334,Cocina y Mesa
37413,ICON MUG REVOLUTIONARY,83,703,284.49,0.41,24,Cocina y Mesa,['Cocina y Mesa'],1,Cocina y Mesa,Cocina y Mesa,2.3647639643803195,Cocina y Mesa
37422,WHITE WITH BLACK CATS BOWL,73,434,292.08,1.35,44,Cocina y Mesa,['Cocina y Mesa'],1,Cocina y Mesa,Cocina y Mesa,1.9231769586914895,Cocina y Mesa
37423,WHITE WITH BLACK CATS PLATE,70,6168,843.88,1.33,26,Cocina y Mesa,['Cocina y Mesa'],1,Cocina y Mesa,Cocina y Mesa,1.5687713191378374,Cocina y Mesa
37424,WHITE WITH BLACK CATS MUG,108,5249,1134.68,1.28,24,Cocina y Mesa,['Cocina y Mesa'],1,Cocina y Mesa,Cocina y Mesa,1.8508414358931362,Cocina y Mesa
37432,MUG PINK AND PURPLE ARABIC DESIGN,1,6,3.9,0.65,24,Cocina y Mesa,['Cocina y Mesa'],1,Cocina y Mesa,Cocina y Mesa,1.8217877612301105,Cocina y Mesa
37438,FUNKY FLOWER COFFEE POT,1,1,3.75,3.75,36,,[],0,Sin regla,Cocina y Mesa,0.1878470016425482,Sin clasificar
37441,ASSORTED WHITE EMBOSSED CHINA MUGS,54,700,1639.8,5.04,22,Cocina y Mesa,['Cocina y Mesa'],1,Cocina y Mesa,Cocina y Mesa,1.7249143294801101,Cocina y Mesa
37444A,YELLOW BREAKFAST CUP AND SAUCER,43,2709,563.43,3.2,22,Cocina y Mesa,['Cocina y Mesa'],1,Cocina y Mesa,Cocina y Mesa,2.4082398988485907,Cocina y Mesa
37444B,BLUE BREAKFAST CUP AND SAUCER,28,2010,409.6,3.82,22,Cocina y Mesa,['Cocina y Mesa'],1,Cocina y Mesa,Cocina y Mesa,2.449024868417303,Cocina y Mesa
37444C,PINK BREAKFAST CUP AND SAUCER,54,1654,673.72,4.63,22,Cocina y Mesa,['Cocina y Mesa'],1,Cocina y Mesa,Cocina y Mesa,2.4565013262492323,Cocina y Mesa
37446,MINI CAKE STAND WITH HANGING CAKES,415,3691,5332.25,1.88,32,Cocina y Mesa,['Cocina y Mesa'],1,Cocina y Mesa,Cocina y Mesa,1.853931677310218,Cocina y Mesa
37447,CERAMIC CAKE DESIGN SPOTTED PLATE,366,2891,4540.85,1.99,32,Cocina y Mesa,['Cocina y Mesa'],1,Cocina y Mesa,Cocina y Mesa,2.068075168576954,Cocina y Mesa
37448,CERAMIC CAKE DESIGN SPOTTED MUG,544,4549,6827.21,1.8,24,Cocina y Mesa,['Cocina y Mesa'],1,Cocina y Mesa,Cocina y Mesa,2.3185542380605386,Cocina y Mesa
37449,CERAMIC CAKE STAND HANGING CAKES,478,2382,22333.3,11.18,32,Cocina y Mesa,['Cocina y Mesa'],1,Cocina y Mesa,Cocina y Mesa,1.9649591178084382,Cocina y Mesa
37450,CERAMIC CAKE BOWL HANGING CAKES,398,2444,7023.14,3.45,44,Cocina y Mesa,['Cocina y Mesa'],1,Cocina y Mesa,Cocina y Mesa,2.4278873539345,Cocina y Mesa
37451,CERAMIC CAKE TEAPOT WITH CHERRY,1,1,4.95,4.95,32,Cocina y Mesa,['Cocina y Mesa'],1,Cocina y Mesa,Cocina y Mesa,1.784221620063331,Cocina y Mesa
37461,FUNKY MONKEY MUG,96,742,778.64,1.61,24,Cocina y Mesa,['Cocina y Mesa'],1,Cocina y Mesa,Cocina y Mesa,1.7806369112873697,Cocina y Mesa
37462B,PET MUG BUDGIE,32,170,87.28,0.75,24,Cocina y Mesa,['Cocina y Mesa'],1,Cocina y Mesa,Cocina y Mesa,2.0259367599452482,Cocina y Mesa
37462E,PET MUG GOLDFISH,28,107,47.12,0.65,24,Cocina y Mesa,['Cocina y Mesa'],1,Cocina y Mesa,Cocina y Mesa,1.9635278258682731,Cocina y Mesa
37464,ROBOT MUG IN DISPLAY BOX,83,316,431.18,1.77,24,Cocina y Mesa,['Cocina y Mesa'],1,Cocina y Mesa,Cocina y Mesa,1.5632410132494585,Cocina y Mesa
37467,PIG MUG IN TWO COLOUR DESIGNS,64,273,328.51,2.59,24,Cocina y Mesa,['Cocina y Mesa'],1,Cocina y Mesa,Cocina y Mesa,1.7450140645552112,Cocina y Mesa
37468,HARDMAN MUG 3 ASSORTED,14,65,39.81,1.42,24,Cocina y Mesa,['Cocina y Mesa'],1,Cocina y Mesa,Cocina y Mesa,2.262905128147943,Cocina y Mesa
37471,MULTICOLOUR DOTS PLATE,10,1405,197.85,3.66,26,Cocina y Mesa,['Cocina y Mesa'],1,Cocina y Mesa,Cocina y Mesa,1.8967689786011328,Cocina y Mesa
37474,SET 4 2 TONE EGG SHAPE MIXING BOWLS,45,63,651.05,10.81,8,Cocina y Mesa,['Cocina y Mesa'],1,Cocina y Mesa,Cocina y Mesa,1.865273095028491,Cocina y Mesa
37475,SET 4 COLOURFUL MIXING BOWLS,72,116,1160.56,10.57,22,Cocina y Mesa,['Cocina y Mesa'],1,Cocina y Mesa,Cocina y Mesa,1.7787695421223497,Cocina y Mesa
37476,CONDIMENT TRAY 4 BOWLS AND 4 SPOONS,78,209,2010.6,11.16,43,Cocina y Mesa,['Cocina y Mesa'],1,Cocina y Mesa,Cocina y Mesa,1.9687945862551741,Cocina y Mesa
37477B,FLOWER FAIRY MUG COASTER LAVENDER,9,11,41.25,3.75,24,Cocina y Mesa,['Cocina y Mesa'],1,Cocina y Mesa,Cocina y Mesa,1.9546754464726153,Cocina y Mesa
37477C,FLOWER FAIRY MUG COASTER ROSE,1,6,22.5,3.75,24,Cocina y Mesa,['Cocina y Mesa'],1,Cocina y Mesa,Cocina y Mesa,2.5453679202872217,Cocina y Mesa
37479B,CUBIC MUG FLOCK BLUE ON BROWN,32,1253,1095.85,3.11,24,Cocina y Mesa,['Cocina y Mesa'],1,Cocina y Mesa,Cocina y Mesa,1.9102184444177552,Cocina y Mesa
37479P,CUBIC MUG FLOCK PINK ON BROWN,35,170,160.08,2.25,24,Cocina y Mesa,['Cocina y Mesa'],1,Cocina y Mesa,Cocina y Mesa,1.9105263219077557,Cocina y Mesa
37481,CUBIC MUG TEATIME CAKES,1,6,15.3,2.55,24,Cocina y Mesa,['Cocina y Mesa'],1,Cocina y Mesa,Cocina y Mesa,2.2810673869067326,Cocina y Mesa
37482B,CUBIC MUG BLUE POLKA DOT,10,1252,1145.26,6.41,24,Cocina y Mesa,['Cocina y Mesa'],1,Cocina y Mesa,Cocina y Mesa,1.9748493407121313,Cocina y Mesa
37482P,CUBIC MUG PINK POLKADOT,86,669,941.01,4.35,24,Cocina y Mesa,['Cocina y Mesa'],1,Cocina y Mesa,Cocina y Mesa,2.102578694147201,Cocina y Mesa
37483,ENGLISH ROSE MUG IN GIFT BOX,12,143,232.89,2.46,4,Cajas y Almacenamiento,"['Cajas y Almacenamiento', 'Cocina y Mesa']",2,Cajas y Almacenamiento,Cajas y Almacenamiento,1.7396925894589923,Cajas y Almacenamiento
37484,ENGLISH ROSE TEA FOR ONE GIFT BOX,1,1,6.75,6.75,4,Cajas y Almacenamiento,['Cajas y Almacenamiento'],1,Cajas y Almacenamiento,Cajas y Almacenamiento,1.8875400512546188,Cajas y Almacenamiento
37485,ENGLISH ROSE TEA SET IN GIFT BOX,16,49,207.69,4.6,4,Cajas y Almacenamiento,"['Cajas y Almacenamiento', 'Cocina y Mesa']",2,Cajas y Almacenamiento,Cajas y Almacenamiento,2.0112192659148973,Cajas y Almacenamiento
37487B,YELLOW ORANGE FLOWER DESIGN PLATE,2,68,19.72,0.29,36,Cocina y Mesa,['Cocina y Mesa'],1,Cocina y Mesa,Cocina y Mesa,1.6197912825169316,Cocina y Mesa
37488A,YELLOW PINK FLOWER DESIGN BIG BOWL,5,31,19.77,1.41,44,Cocina y Mesa,['Cocina y Mesa'],1,Cocina y Mesa,Cocina y Mesa,1.90042586065557,Cocina y Mesa
37489A,YELLOW PINK FLOWER DESIGN BIG MUG,24,46,46.56,1.23,24,Cocina y Mesa,['Cocina y Mesa'],1,Cocina y Mesa,Cocina y Mesa,1.9159842229234398,Cocina y Mesa
37489B,BLUE YELLOW FLOWER DESIGN BIG MUG,17,38,30.42,1.03,24,Cocina y Mesa,['Cocina y Mesa'],1,Cocina y Mesa,Cocina y Mesa,1.908441909305446,Cocina y Mesa
37489C,GREEN BLUE FLOWER DESIGN BIG MUG,12,27,26.06,1.55,24,Cocina y Mesa,['Cocina y Mesa'],1,Cocina y Mesa,Cocina y Mesa,1.9441365387449512,Cocina y Mesa
37489D,PINK GREEN FLOWER DESIGN BIG MUG,21,46,28.86,0.76,24,Cocina y Mesa,['Cocina y Mesa'],1,Cocina y Mesa,Cocina y Mesa,1.9784780594430018,Cocina y Mesa
37491A,YELLOW PINK CERAMIC CANDLE HOLDER,13,18,48.3,2.69,35,Velas e Iluminación,['Velas e Iluminación'],1,Velas e Iluminación,Velas e Iluminación,1.8961237550948473,Velas e Iluminación
37491B,BLUE YELLOW CERAMIC CANDLE HOLDER,8,14,30.08,2.3,35,Velas e Iluminación,['Velas e Iluminación'],1,Velas e Iluminación,Velas e Iluminación,1.8890973045701456,Velas e Iluminación
37491C,GREEN BLUE CERAMIC CANDLE HOLDER,10,58,167.52,2.16,35,Velas e Iluminación,['Velas e Iluminación'],1,Velas e Iluminación,Velas e Iluminación,1.8756640585834594,Velas e Iluminación
37491D,PURPLE BLUE CERAMIC CANDLE HOLDER,13,26,63.28,2.7,35,Velas e Iluminación,['Velas e Iluminación'],1,Velas e Iluminación,Velas e Iluminación,1.969211086901135,Velas e Iluminación
37492A,YELLOW RED FLOWER PIGGY BANK,11,108,216.07,4.27,36,,[],0,Sin regla,Cocina y Mesa,0.1436682378851587,Sin clasificar
37492B,BLUE YELLOW FLOWER PIGGY BANK,44,489,946.72,3.67,36,,[],0,Sin regla,Cocina y Mesa,0.16579419342173685,Sin clasificar
37492C,GREEN BLUE FLOWER PIGGY BANK,25,242,477.3,3.81,36,,[],0,Sin regla,Cocina y Mesa,0.17147985359067308,Sin clasificar
37492D,PURPLE GREEN FLOWER PIGGY BANK,26,361,682.99,4.2,36,,[],0,Sin regla,Joyería y Bijouterie,0.09037568087241399,Sin clasificar
37494A,FAIRY CAKE CERAMIC BUTTER DISH,54,241,817.6,4.56,32,,[],0,Sin regla,Cocina y Mesa,0.36503062979194223,Cocina y Mesa
37495,FAIRY CAKE BIRTHDAY CANDLE SET,331,1560,5732.6,4.15,32,Velas e Iluminación,['Velas e Iluminación'],1,Velas e Iluminación,Velas e Iluminación,1.0563980529554113,Velas e Iluminación
37500,TEA TIME TEAPOT IN GIFT BOX,264,881,6787.46,9.15,26,Cajas y Almacenamiento,"['Cajas y Almacenamiento', 'Cocina y Mesa']",2,Cajas y Almacenamiento,Cajas y Almacenamiento,1.9513188653667837,Cajas y Almacenamiento
37501,TEA TIME TEA SET IN GIFT BOX,177,481,3401.15,7.3,26,Cajas y Almacenamiento,"['Cajas y Almacenamiento', 'Cocina y Mesa']",2,Cajas y Almacenamiento,Cajas y Almacenamiento,1.872815815386526,Cajas y Almacenamiento
37502,TEA TIME MUG IN GIFT BOX,173,868,2599.79,3.31,26,Cajas y Almacenamiento,"['Cajas y Almacenamiento', 'Cocina y Mesa']",2,Cajas y Almacenamiento,Cajas y Almacenamiento,1.720703563848314,Cajas y Almacenamiento
37503,TEA TIME CAKE STAND IN GIFT BOX,523,2465,25428.33,11.72,26,Cajas y Almacenamiento,"['Cajas y Almacenamiento', 'Cocina y Mesa']",2,Cajas y Almacenamiento,Cajas y Almacenamiento,1.5762813523464967,Cajas y Almacenamiento
37506,NEW ENGLAND MILK JUG W GIFT BOX,26,32,190.4,5.95,4,Cajas y Almacenamiento,"['Cajas y Almacenamiento', 'Cocina y Mesa']",2,Cajas y Almacenamiento,Cajas y Almacenamiento,1.7373123754372275,Cajas y Almacenamiento
37508,NEW ENGLAND CERAMIC CAKE SERVER,46,89,229.57,2.61,32,,[],0,Sin regla,Cocina y Mesa,0.7389411893959591,Cocina y Mesa
37509,NEW ENGLAND MUG W GIFT BOX,14,28,71.4,2.55,4,Cajas y Almacenamiento,"['Cajas y Almacenamiento', 'Cocina y Mesa']",2,Cajas y Almacenamiento,Cajas y Almacenamiento,1.7944228684786978,Cajas y Almacenamiento
40001,WHITE BAMBOO RIBS LAMPSHADE,121,2484,1911.65,1.06,22,,[],0,Sin regla,Joyería y Bijouterie,0.2621214034953757,Joyería y Bijouterie
40002,WHITE BAMBOO RIBS LAMPSHADE,1,78,66.3,0.85,22,,[],0,Sin regla,Joyería y Bijouterie,0.2621214034953757,Joyería y Bijouterie
40003,WHITE BAMBOO RIBS LAMPSHADE,60,1150,1257.02,1.52,22,,[],0,Sin regla,Joyería y Bijouterie,0.2621214034953757,Joyería y Bijouterie
40005B,BLUE ORGANDY ROUND LAMPSHADE W BEA,13,33,28.05,0.85,22,,[],0,Sin regla,Joyería y Bijouterie,0.0017952805168094388,Sin clasificar
40016,CHINESE DRAGON PAPER LANTERNS,245,15435,5487.31,1.9,22,Velas e Iluminación,['Velas e Iluminación'],1,Velas e Iluminación,Velas e Iluminación,0.7068544372029562,Velas e Iluminación
40018E,TEA TIME PAPER LANTERNS,81,384,837.02,2.85,26,Velas e Iluminación,['Velas e Iluminación'],1,Velas e Iluminación,Velas e Iluminación,0.6683723977465696,Velas e Iluminación
40018F,CHERRY DESIGN PAPERLANTERNS,119,1092,2100.33,2.28,22,Velas e Iluminación,['Velas e Iluminación'],1,Velas e Iluminación,Velas e Iluminación,1.50702189293356,Velas e Iluminación
40046A,RED DAISY PAPER LAMPSHADE,62,355,472.07,1.8,22,,[],0,Sin regla,Cocina y Mesa,0.02740549946380022,Sin clasificar
40046C,PINK BUTTERFLY PAPER LAMPSHADE,3,3,3.75,1.25,22,,[],0,Sin regla,Papelería y Tarjetería,0.05694198075973056,Sin clasificar
44089A,PINK GAUZE BUTTERFLY LAMPSHADE,13,40,16.8,0.42,22,,[],0,Sin regla,Joyería y Bijouterie,0.21442644733954397,Joyería y Bijouterie
44089C,LILAC GAUZE BUTTERFLY LAMPSHADE,18,68,28.56,0.42,22,,[],0,Sin regla,Joyería y Bijouterie,0.3312127843561513,Joyería y Bijouterie
44091A,BLUE CRUSOE CHECK LAMPSHADE,6,18,7.56,0.42,22,,[],0,Sin regla,Joyería y Bijouterie,0.3104280561213881,Joyería y Bijouterie
44091C,MULTICOLOUR CRUSOE CHECK LAMPSHADE,17,61,30.66,0.57,22,,[],0,Sin regla,Cocina y Mesa,0.16290085801740145,Sin clasificar
44092B,BLUE WHITE PLASTIC RINGS LAMPSHADE,6,15,12.75,0.85,22,,[],0,Sin regla,Joyería y Bijouterie,0.0811883159156323,Sin clasificar
44092C,PURPLE COPPER HANGING LAMPSHADE,10,23,19.55,0.85,22,,[],0,Sin regla,Joyería y Bijouterie,0.2380113607529567,Joyería y Bijouterie
44217M,MULTICOLOUR FEATHERS CURTAIN,3,72,236.4,3.62,22,Textiles del Hogar,['Textiles del Hogar'],1,Textiles del Hogar,Textiles del Hogar,1.8999335307951581,Textiles del Hogar
44228,CANNABIS LEAF BEAD CURTAIN,3,48,40.8,0.85,22,Textiles del Hogar,['Textiles del Hogar'],1,Textiles del Hogar,Textiles del Hogar,1.9359767554620106,Textiles del Hogar
44230,SQUARE MIRROR CURTAIN,53,347,3381.62,9.16,20,"Espejos, Relojes y Arte de Pared","['Espejos, Relojes y Arte de Pared', 'Textiles del Hogar']",2,"Espejos, Relojes y Arte de Pared","Espejos, Relojes y Arte de Pared",0.214227813017699,"Espejos, Relojes y Arte de Pared"
44234,ASSORTED CIRCULAR MOBILE,61,1213,260.39,0.38,22,Decoración del Hogar,['Decoración del Hogar'],1,Decoración del Hogar,Decoración del Hogar,1.6983248678335032,Decoración del Hogar
44235,ASS COL CIRCLE MOBILE,24,816,303.84,0.42,22,Decoración del Hogar,['Decoración del Hogar'],1,Decoración del Hogar,Decoración del Hogar,1.8259630941916862,Decoración del Hogar
44236,PINK PURPLE CIRCLE CURTAIN,13,64,112.32,2.87,22,Textiles del Hogar,['Textiles del Hogar'],1,Textiles del Hogar,Textiles del Hogar,1.8999643444896155,Textiles del Hogar
44241C,BLUE BUTTERFLY ON SPRING,8,70,59.5,0.85,22,,[],0,Sin regla,Cocina y Mesa,0.22902269977013512,Cocina y Mesa
44242A,LILAC FEATHERS CURTAIN,2,14,11.98,1.02,22,Textiles del Hogar,['Textiles del Hogar'],1,Textiles del Hogar,Textiles del Hogar,1.9838572256221987,Textiles del Hogar
44242B,PINK FEATHERS CURTAIN,9,109,121.53,1.15,22,Textiles del Hogar,['Textiles del Hogar'],1,Textiles del Hogar,Textiles del Hogar,2.1802868462716347,Textiles del Hogar
44265,M COLOUR POM POM CURTAIN,4,8,34.0,4.25,22,Textiles del Hogar,['Textiles del Hogar'],1,Textiles del Hogar,Textiles del Hogar,1.843218674123404,Textiles del Hogar
45008C,DECORATIVE NET CANOPY CREAM,34,83,792.07,12.16,22,,[],0,Sin regla,Jardín y Exterior,0.06084338675089118,Sin clasificar
45013,FOLDING SHOE TIDY,8,48,132.0,2.9,22,,[],0,Sin regla,Cocina y Mesa,0.033639105343938325,Sin clasificar
45014,FOLDING SHIRT TIDY,1,1,4.65,4.65,22,,[],0,Sin regla,Papelería y Tarjetería,0.01963550609753595,Sin clasificar
45016,DECORATIVE NET CANOPY LEOPARD,26,101,423.73,5.95,22,,[],0,Sin regla,Jardín y Exterior,0.31680244357519494,Jardín y Exterior
46000M,POLYESTER FILLER PAD 45X45CM,354,2517,3901.35,1.55,22,,[],0,Sin regla,Jardín y Exterior,0.01065493075643198,Sin clasificar
46000P,POLYESTER FILLER PAD 65CMX65CM,49,213,905.25,4.25,22,,[],0,Sin regla,Jardín y Exterior,0.003171035932174382,Sin clasificar
46000R,POLYESTER FILLER PAD 45X30CM,61,243,352.35,1.45,22,,[],0,Sin regla,Jardín y Exterior,0.009370071093562915,Sin clasificar
46000S,POLYESTER FILLER PAD 40X40CM,380,3471,5032.95,1.45,22,,[],0,Sin regla,Pascua y Fiestas,0.021830584196998015,Sin clasificar
46000U,POLYESTER FILLER PAD 30CMX30CM,51,251,313.75,1.25,22,,[],0,Sin regla,Jardín y Exterior,0.05984059945429909,Sin clasificar
46037A,PINK CANVAS DES CUSHION COVER,2,6,7.5,1.25,21,"Espejos, Relojes y Arte de Pared","['Espejos, Relojes y Arte de Pared', 'Textiles del Hogar']",2,"Espejos, Relojes y Arte de Pared","Espejos, Relojes y Arte de Pared",1.341990076016022,"Espejos, Relojes y Arte de Pared"
46115B,GREEN POP ART MAO CUSHION COVER,22,286,54.34,0.19,21,Textiles del Hogar,['Textiles del Hogar'],1,Textiles del Hogar,Textiles del Hogar,2.1024583045604306,Textiles del Hogar
46118,FUNKY MONKEY CUSHION COVER,73,373,513.58,3.03,21,Textiles del Hogar,['Textiles del Hogar'],1,Textiles del Hogar,Textiles del Hogar,1.9491624605719793,Textiles del Hogar
46126A,ELVIS WALLHANGING CURTAIN,48,317,419.99,1.59,22,Textiles del Hogar,['Textiles del Hogar'],1,Textiles del Hogar,Textiles del Hogar,1.9256594854909705,Textiles del Hogar
46137D,GREEN CHENILLE SHAGGY RUG,4,45,132.75,2.95,22,Textiles del Hogar,['Textiles del Hogar'],1,Textiles del Hogar,Textiles del Hogar,1.697155689468103,Textiles del Hogar
46138B,BLUE CHENILLE SHAGGY CUSHION COVER,25,71,156.29,2.68,21,Textiles del Hogar,['Textiles del Hogar'],1,Textiles del Hogar,Textiles del Hogar,3.31239204921375,Textiles del Hogar
46138D,GREEN CHENILLE SHAGGY C COVER,1,1,1.95,1.95,22,,[],0,Sin regla,Textiles del Hogar,1.7741649286098413,Textiles del Hogar
46307,ROSES BLUE BASE CUSHION COVER,33,51,246.03,5.26,21,Textiles del Hogar,['Textiles del Hogar'],1,Textiles del Hogar,Textiles del Hogar,1.930812248733191,Textiles del Hogar
46775A,BUBBLE GUM CHUNKY KNITTED THROW,32,83,1044.23,14.04,22,,[],0,Sin regla,Textiles del Hogar,0.037082443073040317,Sin clasificar
46775B,BERRIES CHUNKY KNITTED THROW,4,5,84.75,16.95,22,,[],0,Sin regla,Textiles del Hogar,0.11688905715612452,Sin clasificar
46775D,SUNSET COLOUR CHUNKY KNITTED THROW,95,153,1938.19,12.67,22,,[],0,Sin regla,Bolsos y Carteras,0.013451073982103656,Sin clasificar
46775E,CANDY POP CHUNKY KNITTED THROW,51,101,1282.9,13.27,22,,[],0,Sin regla,Textiles del Hogar,0.008244776296814638,Sin clasificar
46776A,WOVEN BUBBLE GUM CUSHION COVER,122,411,1303.88,4.36,21,Textiles del Hogar,['Textiles del Hogar'],1,Textiles del Hogar,Textiles del Hogar,1.9573086171963432,Textiles del Hogar
46776B,WOVEN BERRIES CUSHION COVER,154,429,1373.36,4.26,21,Textiles del Hogar,['Textiles del Hogar'],1,Textiles del Hogar,Textiles del Hogar,1.9352834323535575,Textiles del Hogar
46776C,WOVEN FROST CUSHION COVER,97,258,905.1,4.32,21,Textiles del Hogar,['Textiles del Hogar'],1,Textiles del Hogar,Textiles del Hogar,1.9418363758294865,Textiles del Hogar
46776D,WOVEN SUNSET CUSHION COVER,76,153,658.07,4.28,21,Textiles del Hogar,['Textiles del Hogar'],1,Textiles del Hogar,Textiles del Hogar,1.9581041642370964,Textiles del Hogar
46776E,WOVEN CANDY CUSHION COVER,78,206,666.23,4.19,21,Textiles del Hogar,['Textiles del Hogar'],1,Textiles del Hogar,Textiles del Hogar,1.9879358855815061,Textiles del Hogar
46776F,WOVEN ROSE GARDEN CUSHION COVER,158,494,1704.64,4.21,21,Jardín y Exterior,"['Jardín y Exterior', 'Textiles del Hogar']",2,Jardín y Exterior,Jardín y Exterior,1.3408559083489613,Jardín y Exterior
47013A,WINE BOTTLE DRESSING LT BLUE,25,141,39.87,0.28,22,,[],0,Sin regla,Botellas de Agua Caliente y Confort,0.06468754164288526,Sin clasificar
47013C,WINE BOTTLE DRESSING DARK BLUE,28,147,40.52,0.35,22,,[],0,Sin regla,Decoración del Hogar,0.26049596273251974,Decoración del Hogar
47016,LIGHT DECORATION BATTERY OPERATED,5,31,65.1,2.1,1,Velas e Iluminación,"['Velas e Iluminación', 'Decoración del Hogar']",2,Velas e Iluminación,Velas e Iluminación,1.7415108607833405,Velas e Iluminación
47021G,SET 6 BEAD COASTERS GAUZE BAG GOLD,71,713,541.96,2.2,6,Bolsos y Carteras,"['Bolsos y Carteras', 'Cocina y Mesa']",2,Bolsos y Carteras,Bolsos y Carteras,1.7096230213129398,Bolsos y Carteras
47310M,SMALL POP BOX FUNKY MONKEY,173,746,1004.94,1.66,4,,[],0,Sin regla,Cocina y Mesa,0.016297659867221648,Sin clasificar
47341A,FUSCHIA TABLE RUN FLOWER,7,29,46.25,2.32,36,,[],0,Sin regla,Decoración del Hogar,0.025214344546961143,Sin clasificar
47341B,BLUE TABLE RUN FLOWER,14,48,67.5,1.79,36,,[],0,Sin regla,Decoración del Hogar,0.13014092206264294,Sin clasificar
47343A,FUSCHIA FLOWER PURSE WITH BEADS,24,200,206.26,1.19,36,Bolsos y Carteras,['Bolsos y Carteras'],1,Bolsos y Carteras,Bolsos y Carteras,1.3852174397382018,Bolsos y Carteras
47344B,BLUE FLOWER DES PURSE,10,54,56.16,1.08,36,Bolsos y Carteras,['Bolsos y Carteras'],1,Bolsos y Carteras,Bolsos y Carteras,2.1329499553491713,Bolsos y Carteras
47347B,BLUE FLOWER T LIGHT HOLDER,11,240,179.88,1.64,15,Velas e Iluminación,['Velas e Iluminación'],1,Velas e Iluminación,Velas e Iluminación,1.976858814666527,Velas e Iluminación
47348A,FUSCHIA VOILE POINTY SHOE DEC,16,103,62.01,0.78,22,,[],0,Sin regla,Papelería y Tarjetería,0.05479899355597895,Sin clasificar
47351B,BLUE VOILE LAMPSHADE,14,98,269.9,2.92,22,,[],0,Sin regla,Joyería y Bijouterie,0.20767120992780125,Joyería y Bijouterie
47367B,PAIR PADDED HANGERS PINK CHECK,96,242,834.95,3.53,22,,[],0,Sin regla,Decoración del Hogar,0.16348213789583232,Sin clasificar
47369A,PINK GREEN EMBROIDERY COSMETIC BAG,25,48,140.4,3.05,6,Bolsos y Carteras,['Bolsos y Carteras'],1,Bolsos y Carteras,Bolsos y Carteras,1.9028144071434054,Bolsos y Carteras
47369B,BLUE GREEN EMBROIDERY COSMETIC BAG,29,54,153.18,3.19,6,Bolsos y Carteras,['Bolsos y Carteras'],1,Bolsos y Carteras,Bolsos y Carteras,1.8717395322198902,Bolsos y Carteras
47420,ASSORTED COLOUR SUCTION CUP HOOK,32,358,68.02,0.19,22,Cocina y Mesa,['Cocina y Mesa'],1,Cocina y Mesa,Cocina y Mesa,1.6095984678462485,Cocina y Mesa
47421,ASSORTED COLOUR LIZARD SUCTION HOOK,81,1463,572.7,0.41,22,,[],0,Sin regla,Cocina y Mesa,0.04147854204011625,Sin clasificar
47422,ASSORTED MONKEY SUCTION CUP HOOK,71,1177,458.34,0.41,22,Cocina y Mesa,['Cocina y Mesa'],1,Cocina y Mesa,Cocina y Mesa,1.8703162315434878,Cocina y Mesa
47469,ASSORTED SHAPES PHOTO CLIP SILVER,36,1220,594.28,0.63,33,,[],0,Sin regla,Marcos y Fotografía,0.6080361786300643,Marcos y Fotografía
47471,RAINBOW PEGS PHOTO CLIP STRING,63,428,295.72,0.96,33,,[],0,Sin regla,Marcos y Fotografía,0.780276615316505,Marcos y Fotografía
47480,HANGING PHOTO CLIP ROPE LADDER,150,1638,2713.98,2.29,33,,[],0,Sin regla,Marcos y Fotografía,0.5375697420568002,Marcos y Fotografía
47481,50CM METAL STRING WITH 7 CLIPS,44,326,265.4,1.11,22,,[],0,Sin regla,Decoración del Hogar,0.04501193465792119,Sin clasificar
47502,POLKADOT CUTLERY 24 PCS IN TRAY,79,640,6855.75,14.81,43,Cocina y Mesa,['Cocina y Mesa'],1,Cocina y Mesa,Cocina y Mesa,1.721504962457509,Cocina y Mesa
47503A,ASS FLORAL PRINT MULTI SCREWDRIVER,200,2853,1405.51,0.63,22,,[],0,Sin regla,Cocina y Mesa,0.06535985934078103,Sin clasificar
47503E,ASS FLORAL PRINT SCISSORS,25,6842,1186.9,1.21,22,,[],0,Sin regla,Papelería y Tarjetería,0.059673272765705554,Sin clasificar
47503F,ASS FLORAL PRINT TORCH,11,2567,729.95,1.52,22,,[],0,Sin regla,Bolsos y Carteras,0.07923243135373514,Sin clasificar
47503G,ASS FLORAL PRINT TAPE MEASURE,36,284,367.36,1.57,22,,[],0,Sin regla,Cocina y Mesa,0.2039067758092531,Cocina y Mesa
47503H,ASS FLORAL PRINT SPIRIT LEVEL,63,160,246.12,1.92,22,,[],0,Sin regla,Papelería y Tarjetería,0.003942074880205149,Sin clasificar
47503J,SET 3 FLORAL GARDEN TOOLS IN BAG,75,344,2719.38,10.97,42,Bolsos y Carteras,"['Bolsos y Carteras', 'Jardín y Exterior']",2,Bolsos y Carteras,Bolsos y Carteras,1.3835532489254625,Bolsos y Carteras
47503K,ASSORTED FLORAL SECATEURS,43,3177,1389.44,2.26,22,Jardín y Exterior,['Jardín y Exterior'],1,Jardín y Exterior,Jardín y Exterior,1.6862117342811784,Jardín y Exterior
47504E,ENGLISH ROSE SCISSORS,48,4387,931.86,1.85,22,,[],0,Sin regla,Cocina y Mesa,0.17327911211990749,Sin clasificar
47504F,ENGLISH ROSE TORCH,14,527,196.46,1.67,22,,[],0,Sin regla,Cocina y Mesa,0.17828493357174846,Sin clasificar
47504G,ENGLISH ROSE TAPE MEASURE,57,266,366.81,1.93,22,,[],0,Sin regla,Cocina y Mesa,0.3025801838147789,Cocina y Mesa
47504H,ENGLISH ROSE SPIRIT LEVEL,140,1028,1113.07,2.13,22,,[],0,Sin regla,Cocina y Mesa,0.17774641204277847,Sin clasificar
47504J,ENGLISH ROSE SET 3 GARDEN TOOLS,4,5,67.25,14.82,42,Jardín y Exterior,['Jardín y Exterior'],1,Jardín y Exterior,Jardín y Exterior,1.642863422007617,Jardín y Exterior
47504K,ENGLISH ROSE GARDEN SECATEURS,317,2654,3096.08,1.87,42,Jardín y Exterior,['Jardín y Exterior'],1,Jardín y Exterior,Jardín y Exterior,3.235055559617701,Jardín y Exterior
47505,MINATURE COLOURED GARDENING SET,180,737,3527.42,5.33,22,Jardín y Exterior,['Jardín y Exterior'],1,Jardín y Exterior,Jardín y Exterior,1.8452318174838251,Jardín y Exterior
47518F,ICON PLACEMAT POP ART ELVIS,43,912,190.89,1.2,22,Cocina y Mesa,['Cocina y Mesa'],1,Cocina y Mesa,Cocina y Mesa,1.5863020603731712,Cocina y Mesa
47552A,DOTS IRONING BOARD COVER,11,12,23.4,1.95,22,,[],0,Sin regla,Decoración del Hogar,0.8222190414786372,Decoración del Hogar
47554,S 3 COLOURS FLOCK TEA TOWELS,1,1,2.55,2.55,26,Cocina y Mesa,['Cocina y Mesa'],1,Cocina y Mesa,Cocina y Mesa,1.6998425157616528,Cocina y Mesa
47556,SET 2 SPOTTY ROSE TEA TOWELS,1,1,2.55,2.55,26,Cocina y Mesa,['Cocina y Mesa'],1,Cocina y Mesa,Cocina y Mesa,2.0674062768303147,Cocina y Mesa
47556B,TEA TIME TEA TOWELS,456,5205,13714.66,3.22,26,Cocina y Mesa,['Cocina y Mesa'],1,Cocina y Mesa,Cocina y Mesa,1.7287195154849468,Cocina y Mesa
47559B,TEA TIME OVEN GLOVE,755,5270,6823.15,1.52,26,,[],0,Sin regla,Cocina y Mesa,0.30382132958616,Cocina y Mesa
47562,ENGLISH ROSE IRONING BOARD COVER,42,104,390.0,3.75,22,,[],0,Sin regla,Decoración del Hogar,0.7924870645101598,Decoración del Hogar
47563A,RETRO LONGBOARD IRONING BOARD COVER,151,343,836.62,3.34,22,,[],0,Sin regla,Decoración del Hogar,1.232962442666409,Decoración del Hogar
47563B,WAVELINE SURF IRONING BOARD COVER,6,8,30.0,3.75,22,,[],0,Sin regla,Decoración del Hogar,0.6963915950889282,Decoración del Hogar
47566,PARTY BUNTING,2705,28200,148318.28,5.72,22,Pascua y Fiestas,['Pascua y Fiestas'],1,Pascua y Fiestas,Pascua y Fiestas,2.906958546997074,Pascua y Fiestas
47566B,TEA TIME PARTY BUNTING,881,6013,27564.75,5.68,26,Pascua y Fiestas,['Pascua y Fiestas'],1,Pascua y Fiestas,Pascua y Fiestas,2.0815328394762056,Pascua y Fiestas
47567B,TEA TIME KITCHEN APRON,355,2169,11721.99,6.27,26,Cocina y Mesa,['Cocina y Mesa'],1,Cocina y Mesa,Cocina y Mesa,1.7552005053357438,Cocina y Mesa
47568,ENGLISH ROSE DESIGN PEG BAG,411,2384,4983.02,2.54,6,Bolsos y Carteras,['Bolsos y Carteras'],1,Bolsos y Carteras,Bolsos y Carteras,1.8514886695361854,Bolsos y Carteras
47569,ENGLISH ROSE DESIGN SHOPPING BAG,1,1,2.55,2.55,6,Bolsos y Carteras,['Bolsos y Carteras'],1,Bolsos y Carteras,Bolsos y Carteras,1.952504149168617,Bolsos y Carteras
47570,ENGLISH ROSE TABLE CLOTH,79,220,2373.01,12.24,19,,[],0,Sin regla,"Espejos, Relojes y Arte de Pared",0.046729368379710035,Sin clasificar
47570B,TEA TIME TABLE CLOTH,234,981,9791.67,12.13,26,,[],0,Sin regla,"Espejos, Relojes y Arte de Pared",0.044915875548419915,Sin clasificar
47574A,ENGLISH ROSE SCENTED HANGING FLOWER,130,573,792.73,2.3,36,,[],0,Sin regla,Decoración del Hogar,0.9264417860741391,Decoración del Hogar
47574B,ENGLISH ROSE SCENTED HANGING HEART,28,49,208.25,4.25,39,Decoración del Hogar,['Decoración del Hogar'],1,Decoración del Hogar,Decoración del Hogar,1.4874094853192041,Decoración del Hogar
47578A,ENGLISH ROSE SMALL SCENTED FLOWER,74,307,279.88,1.05,36,,[],0,Sin regla,Velas e Iluminación,0.02122205116061382,Sin clasificar
47579,TEA TIME BREAKFAST BASKET,56,185,420.87,2.56,26,,[],0,Sin regla,Cocina y Mesa,0.29917699843640577,Cocina y Mesa
47580,TEA TIME DES TEA COSY,347,1662,4298.6,3.13,26,,[],0,Sin regla,Cocina y Mesa,0.5394151609547884,Cocina y Mesa
47581B,FAIRY CAKE WICKER PICNIC BASKET,36,46,753.77,16.32,32,Decoración del Hogar,['Decoración del Hogar'],1,Decoración del Hogar,Decoración del Hogar,1.905420853656325,Decoración del Hogar
47583A,SET OF 3 WICKER BASKET ROSE,6,71,612.82,26.3,22,Decoración del Hogar,['Decoración del Hogar'],1,Decoración del Hogar,Decoración del Hogar,1.9578466949083149,Decoración del Hogar
47583B,SET OF 3 WICKER BASKET TEA AND CAKE,6,27,332.6,21.96,26,Decoración del Hogar,['Decoración del Hogar'],1,Decoración del Hogar,Decoración del Hogar,1.628705128578177,Decoración del Hogar
47585A,PINK FAIRY CAKE CUSHION COVER,148,1084,2612.88,4.46,21,Textiles del Hogar,['Textiles del Hogar'],1,Textiles del Hogar,Textiles del Hogar,1.9529748185898965,Textiles del Hogar
47586A,PINK FAIRY CAKE CUSHION COVER,29,200,270.43,2.32,21,Textiles del Hogar,['Textiles del Hogar'],1,Textiles del Hogar,Textiles del Hogar,1.9529748185898965,Textiles del Hogar
47587A,PINK FAIRY CAKE COASTER,26,2706,1099.88,1.23,32,Cocina y Mesa,['Cocina y Mesa'],1,Cocina y Mesa,Cocina y Mesa,1.8708705859933632,Cocina y Mesa
47589,CONGRATULATIONS BUNTING,77,183,1008.73,5.6,22,Pascua y Fiestas,['Pascua y Fiestas'],1,Pascua y Fiestas,Pascua y Fiestas,1.9849614270529314,Pascua y Fiestas
47590A,BLUE HAPPY BIRTHDAY BUNTING,691,4753,24185.03,5.8,14,Pascua y Fiestas,['Pascua y Fiestas'],1,Pascua y Fiestas,Pascua y Fiestas,1.8677920508397519,Pascua y Fiestas
47590B,PINK HAPPY BIRTHDAY BUNTING,888,5751,29504.36,5.79,14,Pascua y Fiestas,['Pascua y Fiestas'],1,Pascua y Fiestas,Pascua y Fiestas,1.9498071344807686,Pascua y Fiestas
47591A,CAROUSEL DES CHILD S APRON,70,163,269.54,1.65,22,Cocina y Mesa,['Cocina y Mesa'],1,Cocina y Mesa,Cocina y Mesa,1.8730882861129587,Cocina y Mesa
47591B,SCOTTIES CHILDRENS APRON,286,1062,1729.65,1.7,22,Cocina y Mesa,['Cocina y Mesa'],1,Cocina y Mesa,Cocina y Mesa,1.9751365769221236,Cocina y Mesa
47591C,BLUE FAIRY CAKE CHILD S APRON,162,1055,2029.27,2.13,32,Cocina y Mesa,['Cocina y Mesa'],1,Cocina y Mesa,Cocina y Mesa,2.0621466716736876,Cocina y Mesa
47591D,PINK FAIRY CAKE CHILDRENS APRON,1222,9643,18716.67,2.28,32,Cocina y Mesa,['Cocina y Mesa'],1,Cocina y Mesa,Cocina y Mesa,2.077510846660018,Cocina y Mesa
47592A,CAROUSEL DES CHILD S OVERALL,101,331,637.37,1.84,22,,[],0,Sin regla,Cocina y Mesa,0.6090670692867,Cocina y Mesa
47592B,SCOTTIES DESIGN CHILD S OVERALL,29,67,131.9,1.93,22,,[],0,Sin regla,Cocina y Mesa,0.38456114899689214,Cocina y Mesa
47593A,CAROUSEL DESIGN BABY BIB,100,304,309.18,0.96,22,,[],0,Sin regla,Cocina y Mesa,0.4076984796616457,Cocina y Mesa
47593B,SCOTTIE DOGS BABY BIB,362,2347,1325.97,0.79,22,,[],0,Sin regla,Papelería y Tarjetería,0.22719124719893502,Papelería y Tarjetería
47594A,CAROUSEL DESIGN WASHBAG,106,345,682.51,2.1,22,,[],0,Sin regla,Cocina y Mesa,0.2596768991934522,Cocina y Mesa
47594B,SCOTTIES DESIGN WASHBAG,122,408,808.39,2.15,22,,[],0,Sin regla,Bolsos y Carteras,0.18262300469629777,Sin clasificar
47597,NEW ENGLAND TEATOWELS,126,322,644.88,1.96,22,,[],0,Sin regla,Cocina y Mesa,0.7483416622386797,Cocina y Mesa
47598,NEW ENGLAND EGG WARMER,32,138,89.12,0.76,8,,[],0,Sin regla,Botellas de Agua Caliente y Confort,0.1563975577691462,Sin clasificar
47599A,PINK PARTY BAGS,373,5967,11180.57,2.29,22,Pascua y Fiestas,"['Pascua y Fiestas', 'Bolsos y Carteras']",2,Pascua y Fiestas,Pascua y Fiestas,1.795435848771425,Pascua y Fiestas
47599B,BLUE PARTY BAGS,289,3492,6662.54,2.22,22,Pascua y Fiestas,"['Pascua y Fiestas', 'Bolsos y Carteras']",2,Pascua y Fiestas,Pascua y Fiestas,1.606463705041621,Pascua y Fiestas
48103,DOOR MAT KISS MY,10,35,201.73,7.05,22,Jardín y Exterior,"['Jardín y Exterior', 'Textiles del Hogar']",2,Jardín y Exterior,Jardín y Exterior,1.9292195512360744,Jardín y Exterior
48111,DOORMAT 3 SMILEY CATS,721,4248,25970.0,8.75,22,Jardín y Exterior,['Jardín y Exterior'],1,Jardín y Exterior,Jardín y Exterior,2.1595389700372625,Jardín y Exterior
48116,DOORMAT MULTICOLOUR STRIPE,496,3452,20712.63,8.78,22,Jardín y Exterior,['Jardín y Exterior'],1,Jardín y Exterior,Jardín y Exterior,1.9000572882578577,Jardín y Exterior
48129,DOORMAT TOPIARY,546,3127,19608.91,8.21,22,Jardín y Exterior,['Jardín y Exterior'],1,Jardín y Exterior,Jardín y Exterior,2.798148604688472,Jardín y Exterior
48138,DOORMAT UNION FLAG,1668,10077,67010.31,8.03,17,Jardín y Exterior,['Jardín y Exterior'],1,Jardín y Exterior,Jardín y Exterior,1.8908847641649396,Jardín y Exterior
48173A,DOOR MAT BLUE FLOCK,1,1,6.75,6.75,22,Jardín y Exterior,"['Jardín y Exterior', 'Textiles del Hogar']",2,Jardín y Exterior,Jardín y Exterior,1.9396419523277597,Jardín y Exterior
48173C,DOORMAT BLACK FLOCK,538,4147,24256.47,8.44,22,Jardín y Exterior,['Jardín y Exterior'],1,Jardín y Exterior,Jardín y Exterior,2.0599356931848467,Jardín y Exterior
48175,DOOR MAT CAMOUFLAGE,2,39,158.04,5.02,22,Jardín y Exterior,"['Jardín y Exterior', 'Textiles del Hogar']",2,Jardín y Exterior,Jardín y Exterior,2.021467936812634,Jardín y Exterior
48179,DOOR MAT SWEET HOME,11,34,214.47,9.74,22,Jardín y Exterior,"['Jardín y Exterior', 'Textiles del Hogar']",2,Jardín y Exterior,Jardín y Exterior,1.9140810687550682,Jardín y Exterior
48184,DOORMAT ENGLISH ROSE,851,4715,31142.63,8.23,22,Jardín y Exterior,['Jardín y Exterior'],1,Jardín y Exterior,Jardín y Exterior,2.3039898952366933,Jardín y Exterior
48185,DOORMAT FAIRY CAKE,988,6822,45723.84,9.18,32,Jardín y Exterior,['Jardín y Exterior'],1,Jardín y Exterior,Jardín y Exterior,2.0472982253634413,Jardín y Exterior
48187,DOORMAT NEW ENGLAND,1284,7314,46405.4,8.07,22,Jardín y Exterior,['Jardín y Exterior'],1,Jardín y Exterior,Jardín y Exterior,1.8783211984731578,Jardín y Exterior
48188,DOORMAT WELCOME PUPPIES,698,4872,28639.1,8.5,22,Jardín y Exterior,['Jardín y Exterior'],1,Jardín y Exterior,Jardín y Exterior,1.9863738988096014,Jardín y Exterior
48189,DOOR MAT FRIENDSHIP,274,1321,8470.28,9.05,22,Jardín y Exterior,"['Jardín y Exterior', 'Textiles del Hogar']",2,Jardín y Exterior,Jardín y Exterior,1.8392025978625899,Jardín y Exterior
48194,DOORMAT HEARTS,1353,7726,48726.56,8.59,22,Jardín y Exterior,['Jardín y Exterior'],1,Jardín y Exterior,Jardín y Exterior,2.7297676616527995,Jardín y Exterior
48195,DOOR MAT GREEN PAISLEY,87,269,1627.99,8.18,9,Jardín y Exterior,"['Jardín y Exterior', 'Textiles del Hogar']",2,Jardín y Exterior,Jardín y Exterior,1.8491923911162682,Jardín y Exterior
48197,DOOR MAT BIRD ON THE WIRE,225,898,5905.64,9.61,22,Jardín y Exterior,"['Jardín y Exterior', 'Textiles del Hogar']",2,Jardín y Exterior,Jardín y Exterior,1.4742263195616299,Jardín y Exterior
51008,AFGHAN SLIPPER SOCK PAIR,80,2604,8378.8,3.4,22,,[],0,Sin regla,Papelería y Tarjetería,0.11547073129369512,Sin clasificar
51012C,FEATHER DUSTER COAL BLACK,28,171,213.75,1.25,22,,[],0,Sin regla,Cocina y Mesa,0.01574345611426675,Sin clasificar
51012L,FEATHER DUSTER LIGHT PINK,6,10,12.5,1.25,22,Velas e Iluminación,['Velas e Iluminación'],1,Velas e Iluminación,Velas e Iluminación,1.5626057876391812,Velas e Iluminación
51014A,FEATHER PEN HOT PINK,376,6671,4556.5,0.82,22,Papelería y Tarjetería,['Papelería y Tarjetería'],1,Papelería y Tarjetería,Papelería y Tarjetería,1.875203990163367,Papelería y Tarjetería
51014C,FEATHER PEN COAL BLACK,267,4269,2752.33,0.83,22,Papelería y Tarjetería,['Papelería y Tarjetería'],1,Papelería y Tarjetería,Papelería y Tarjetería,2.05710847220946,Papelería y Tarjetería
51014L,FEATHER PEN LIGHT PINK,227,3445,2222.35,0.78,22,Papelería y Tarjetería,"['Papelería y Tarjetería', 'Velas e Iluminación']",2,Papelería y Tarjetería,Papelería y Tarjetería,1.1963838898392556,Papelería y Tarjetería
51020A,SUMMER FUN DESIGN SHOWER CAP,50,1303,463.31,0.83,22,,[],0,Sin regla,Cocina y Mesa,0.01731003771914741,Sin clasificar
51020B,STRIPY DESIGN SHOWER CAP,60,1084,488.12,0.96,22,,[],0,Sin regla,Papelería y Tarjetería,0.06355032620333484,Sin clasificar
62018,SOMBRERO,127,9567,12450.85,1.8,22,,[],0,Sin regla,Cocina y Mesa,0.18794664192290345,Sin clasificar
62043B,BLUE CHECK BAG W HANDLE 34X20CM,10,54,75.16,1.24,6,Bolsos y Carteras,['Bolsos y Carteras'],1,Bolsos y Carteras,Bolsos y Carteras,1.963040256400928,Bolsos y Carteras
62074B,ELEPHANT CLIP W SUCTION CUP,13,38,15.96,0.42,22,Cocina y Mesa,['Cocina y Mesa'],1,Cocina y Mesa,Cocina y Mesa,1.880126672823137,Cocina y Mesa
62086A,PINK RETRO BIG FLOWER BAG,24,113,220.35,1.95,6,Bolsos y Carteras,['Bolsos y Carteras'],1,Bolsos y Carteras,Bolsos y Carteras,1.915939793495466,Bolsos y Carteras
62094B,TURQ ICE CREAM BUM BAG,67,305,677.99,3.94,6,Bolsos y Carteras,['Bolsos y Carteras'],1,Bolsos y Carteras,Bolsos y Carteras,1.8718249991281548,Bolsos y Carteras
62095B,TURQOISE ICE CREAM SUNHAT,21,292,310.83,1.56,22,,[],0,Sin regla,Cocina y Mesa,0.007223967986739965,Sin clasificar
62096A,PINK YELLOW FLOWERS HANDBAG,91,383,592.79,2.25,22,Bolsos y Carteras,['Bolsos y Carteras'],1,Bolsos y Carteras,Bolsos y Carteras,1.9735783071417514,Bolsos y Carteras
62096B,PURPLE TURQ FLOWERS HANDBAG,83,257,441.99,2.32,22,Bolsos y Carteras,['Bolsos y Carteras'],1,Bolsos y Carteras,Bolsos y Carteras,1.8540624446439424,Bolsos y Carteras
62097A,PINK STRIPES SHOULDER BAG,3,3,8.85,2.95,6,Bolsos y Carteras,['Bolsos y Carteras'],1,Bolsos y Carteras,Bolsos y Carteras,2.0273698993897953,Bolsos y Carteras
62097B,BLUE STRIPES SHOULDER BAG,4,11,13.37,1.36,6,Bolsos y Carteras,['Bolsos y Carteras'],1,Bolsos y Carteras,Bolsos y Carteras,1.9835864994059704,Bolsos y Carteras
70006,LOVE HEART POCKET WARMER,296,4438,4139.56,1.97,31,,[],0,Sin regla,Botellas de Agua Caliente y Confort,0.3036585243977463,Botellas de Agua Caliente y Confort
70007,HI TEC ALPINE HAND WARMER,207,1306,1684.58,2.12,22,Botellas de Agua Caliente y Confort,['Botellas de Agua Caliente y Confort'],1,Botellas de Agua Caliente y Confort,Botellas de Agua Caliente y Confort,2.1202389354842404,Botellas de Agua Caliente y Confort
71028B,SILVER BLUE EGG T LIGHT HOLDER,13,494,227.48,1.84,15,Velas e Iluminación,['Velas e Iluminación'],1,Velas e Iluminación,Velas e Iluminación,1.8644051207897396,Velas e Iluminación
71038,WHITE HANGING BEADS CANDLE HOLDER,145,717,3789.25,5.41,35,Velas e Iluminación,['Velas e Iluminación'],1,Velas e Iluminación,Velas e Iluminación,1.9827928524684841,Velas e Iluminación
71050,SMALL SINGLE FLAME CANDLE HOLDER,8,51,17.85,0.35,35,Velas e Iluminación,['Velas e Iluminación'],1,Velas e Iluminación,Velas e Iluminación,1.934046330123978,Velas e Iluminación
71053,WHITE METAL LANTERN,744,4769,18906.77,4.51,22,Velas e Iluminación,['Velas e Iluminación'],1,Velas e Iluminación,Velas e Iluminación,1.9027317419302385,Velas e Iluminación
71101A,ANGEL ON KNEES METAL POLE 100CM H,1,6,5.1,0.85,22,,[],0,Sin regla,Decoración del Hogar,0.13202542522188798,Sin clasificar
71101E,STANDING FAIRY POLE SUPPORT,48,777,626.13,0.84,19,,[],0,Sin regla,Velas e Iluminación,0.3790846981108743,Velas e Iluminación
71143,SILVER BOOK MARK WITH BEADS,99,349,514.45,1.98,22,,[],0,Sin regla,Cajas y Almacenamiento,0.47636179441025306,Cajas y Almacenamiento
71215,METAL BASE FOR CANDLES,12,177,68.1,0.41,38,Velas e Iluminación,['Velas e Iluminación'],1,Velas e Iluminación,Velas e Iluminación,1.7863966730847922,Velas e Iluminación
71270,PHOTO CLIP LINE,82,370,525.4,1.67,33,,[],0,Sin regla,Marcos y Fotografía,1.3986234754027616,Marcos y Fotografía
71279,PINK GLASS CANDLEHOLDER,79,293,972.11,3.88,22,Velas e Iluminación,['Velas e Iluminación'],1,Velas e Iluminación,Velas e Iluminación,2.3031361105632864,Velas e Iluminación
71403,PINK WHITE KEEP CLEAN BULLET BIN,69,176,656.05,4.64,22,,[],0,Sin regla,Cocina y Mesa,0.36425463700011407,Cocina y Mesa
71406C,BLACK ORANGE SQUEEZER,35,210,89.92,0.47,22,,[],0,Sin regla,Cocina y Mesa,0.4217438393321877,Cocina y Mesa
71434B,BLACK RND BULLET KEEP CLEAN BIN,2,2,5.1,2.55,22,,[],0,Sin regla,Cocina y Mesa,0.44710905513730936,Cocina y Mesa
71459,HANGING JAM JAR T LIGHT HOLDER,1019,32989,26738.79,1.12,15,Cocina y Mesa,"['Cocina y Mesa', 'Velas e Iluminación']",2,Cocina y Mesa,Cocina y Mesa,1.2435939004176566,Cocina y Mesa
71477,COLOUR GLASS STAR T LIGHT HOLDER,824,15089,44680.75,3.74,15,Velas e Iluminación,['Velas e Iluminación'],1,Velas e Iluminación,Velas e Iluminación,1.9834579805591916,Velas e Iluminación
71495A,CD WALL TIDY BLUE OFFICE,20,225,87.96,0.64,20,,[],0,Sin regla,"Espejos, Relojes y Arte de Pared",0.381924425466734,"Espejos, Relojes y Arte de Pared"
71495B,CD WALL TIDY RED FLOWERS,18,294,111.57,0.54,20,,[],0,Sin regla,"Espejos, Relojes y Arte de Pared",0.6408835724564897,"Espejos, Relojes y Arte de Pared"
71496A,A4 WALL TIDY BLUE OFFICE,17,244,148.01,1.05,20,,[],0,Sin regla,"Espejos, Relojes y Arte de Pared",0.381924425466734,"Espejos, Relojes y Arte de Pared"
71496B,A4 WALL TIDY RED FLOWERS,6,15,8.67,0.59,20,,[],0,Sin regla,"Espejos, Relojes y Arte de Pared",0.6408835724564897,"Espejos, Relojes y Arte de Pared"
71510,SQUARE METAL CANDLEHOLDER BASE,17,177,112.05,0.79,22,Velas e Iluminación,['Velas e Iluminación'],1,Velas e Iluminación,Velas e Iluminación,1.9426094223921488,Velas e Iluminación
72008,FROSTED BOX 9 WHITE T LIGHT CANDLES,220,3819,1531.4,0.44,38,Velas e Iluminación,['Velas e Iluminación'],1,Velas e Iluminación,Velas e Iluminación,2.0476225020252175,Velas e Iluminación
72023F,RED ORGANIC CANDLE IN GLASS,51,640,669.62,1.35,35,Velas e Iluminación,['Velas e Iluminación'],1,Velas e Iluminación,Velas e Iluminación,1.9293132455480282,Velas e Iluminación
72024U,LILAC VOTIVE CANDLE,11,220,46.2,0.21,35,Velas e Iluminación,['Velas e Iluminación'],1,Velas e Iluminación,Velas e Iluminación,2.212781200594468,Velas e Iluminación
72038P,PRICE S CANDLE PEACH,9,1050,116.5,0.15,35,Velas e Iluminación,['Velas e Iluminación'],1,Velas e Iluminación,Velas e Iluminación,2.435550707641233,Velas e Iluminación
72045D,ROSES ON BLUE TEACUP CANDLE,6,539,918.65,2.98,35,Cocina y Mesa,"['Cocina y Mesa', 'Velas e Iluminación']",2,Cocina y Mesa,Cocina y Mesa,1.240615809618534,Cocina y Mesa
72051S,BAG OF SILVER STONES,55,300,190.89,0.67,6,Bolsos y Carteras,['Bolsos y Carteras'],1,Bolsos y Carteras,Bolsos y Carteras,1.8408072342239021,Bolsos y Carteras
72083A,STRAWBERY SWIRL FLARE CANDLE,7,24,50.4,2.1,35,Velas e Iluminación,['Velas e Iluminación'],1,Velas e Iluminación,Velas e Iluminación,1.8502380245145424,Velas e Iluminación
72084B,CHOCOLATE ICE CREAM CANDLE,1,2,3.9,1.95,35,Velas e Iluminación,['Velas e Iluminación'],1,Velas e Iluminación,Velas e Iluminación,1.3900934088573105,Velas e Iluminación
72122,COFFEE SCENT PILLAR CANDLE,124,586,593.33,1.13,35,Velas e Iluminación,['Velas e Iluminación'],1,Velas e Iluminación,Velas e Iluminación,1.8908190893432297,Velas e Iluminación
72127,COLUMBIAN CANDLE ROUND,67,366,445.94,1.31,35,Velas e Iluminación,['Velas e Iluminación'],1,Velas e Iluminación,Velas e Iluminación,1.9840544082205265,Velas e Iluminación
72128,COLUMBIAN CANDLE ROUND,91,714,442.24,0.89,35,Velas e Iluminación,['Velas e Iluminación'],1,Velas e Iluminación,Velas e Iluminación,1.9840544082205265,Velas e Iluminación
72129,COLUMBIAN CANDLE ROUND,18,74,49.11,0.71,35,Velas e Iluminación,['Velas e Iluminación'],1,Velas e Iluminación,Velas e Iluminación,1.9840544082205265,Velas e Iluminación
72130,COLUMBIAN CANDLE ROUND,59,753,306.35,0.68,35,Velas e Iluminación,['Velas e Iluminación'],1,Velas e Iluminación,Velas e Iluminación,1.9840544082205265,Velas e Iluminación
72131,COLUMBIAN CANDLE RECTANGLE,58,748,692.28,1.65,35,Velas e Iluminación,['Velas e Iluminación'],1,Velas e Iluminación,Velas e Iluminación,1.9075385200177803,Velas e Iluminación
72132,COLUMBIAN CUBE CANDLE,28,549,462.15,1.69,35,Velas e Iluminación,['Velas e Iluminación'],1,Velas e Iluminación,Velas e Iluminación,2.022692250453748,Velas e Iluminación
72133,COLUMBIAN CANDLE RECTANGLE,33,109,122.63,1.33,35,Velas e Iluminación,['Velas e Iluminación'],1,Velas e Iluminación,Velas e Iluminación,1.9075385200177803,Velas e Iluminación
72134,COLUMBIAN CUBE CANDLE,30,339,134.85,0.9,35,Velas e Iluminación,['Velas e Iluminación'],1,Velas e Iluminación,Velas e Iluminación,2.022692250453748,Velas e Iluminación
72140E,BEST DAD CANDLE LETTERS,29,218,156.72,0.89,35,Velas e Iluminación,['Velas e Iluminación'],1,Velas e Iluminación,Velas e Iluminación,2.159857162428265,Velas e Iluminación
72140F,HAPPY ANNIVERSARY CANDLE LETTERS,15,175,69.18,0.42,35,Velas e Iluminación,['Velas e Iluminación'],1,Velas e Iluminación,Velas e Iluminación,1.843396778969761,Velas e Iluminación
72225C,LAVENDER SCENT CAKE CANDLE,38,1926,466.38,0.27,35,Velas e Iluminación,['Velas e Iluminación'],1,Velas e Iluminación,Velas e Iluminación,1.8776450299989493,Velas e Iluminación
72225D,VANILLA SCENT CAKE CANDLE,11,962,219.46,0.27,35,Velas e Iluminación,['Velas e Iluminación'],1,Velas e Iluminación,Velas e Iluminación,2.050495985050847,Velas e Iluminación
72232,FENG SHUI PILLAR CANDLE,119,6268,1190.92,0.19,35,Velas e Iluminación,['Velas e Iluminación'],1,Velas e Iluminación,Velas e Iluminación,2.274530962773045,Velas e Iluminación
72267,PREMIUM CHURCH CANDLE,46,265,530.16,2.18,35,Velas e Iluminación,['Velas e Iluminación'],1,Velas e Iluminación,Velas e Iluminación,2.491137153618044,Velas e Iluminación
72349B,SET 6 PURPLE BUTTERFLY T LIGHTS,403,2194,4898.4,2.91,23,Velas e Iluminación,['Velas e Iluminación'],1,Velas e Iluminación,Velas e Iluminación,2.0478717309309884,Velas e Iluminación
72351A,SET 6 TURQUOISE BUTTERFLY T LIGHTS,431,3765,7523.57,2.42,23,Velas e Iluminación,['Velas e Iluminación'],1,Velas e Iluminación,Velas e Iluminación,1.7729734863079694,Velas e Iluminación
72351B,SET 6 PINK BUTTERFLY T LIGHTS,506,5785,11184.89,2.36,23,Velas e Iluminación,['Velas e Iluminación'],1,Velas e Iluminación,Velas e Iluminación,1.801482835078229,Velas e Iluminación
72369A,PINK CLEAR GLASS CANDLE PLATE,15,67,101.29,1.75,35,Cocina y Mesa,"['Cocina y Mesa', 'Velas e Iluminación']",2,Cocina y Mesa,Cocina y Mesa,1.5260740868249982,Cocina y Mesa
72484,ROSES IN WHITE HEART CANDLE,66,1818,991.38,1.21,35,Velas e Iluminación,['Velas e Iluminación'],1,Velas e Iluminación,Velas e Iluminación,1.646395439836825,Velas e Iluminación
72487,ROSES WHITE ROUND CANDLE,14,827,355.05,1.15,35,Velas e Iluminación,['Velas e Iluminación'],1,Velas e Iluminación,Velas e Iluminación,1.7839340016970884,Velas e Iluminación
72529W,WHITE ADVENT CANDLE,48,465,923.05,2.5,35,Navidad,"['Navidad', 'Velas e Iluminación']",2,Navidad,Navidad,1.5342005301367334,Navidad
72586,SET OF 6 HALLOWEEN GHOST T LIGHTS,183,2303,1010.1,0.59,23,Velas e Iluminación,['Velas e Iluminación'],1,Velas e Iluminación,Velas e Iluminación,1.9367812298810465,Velas e Iluminación
72598,SET 12 TAPER CANDLES,161,1244,1145.76,1.18,12,Velas e Iluminación,['Velas e Iluminación'],1,Velas e Iluminación,Velas e Iluminación,1.9520191992536216,Velas e Iluminación
72606A,BROWN ANTIQUE CUBE CANDLE,18,226,94.92,0.42,35,Velas e Iluminación,['Velas e Iluminación'],1,Velas e Iluminación,Velas e Iluminación,1.77969334392234,Velas e Iluminación
72708,SCULPTED ROUND IVORY CANDLE,5,44,9.24,0.21,35,Velas e Iluminación,['Velas e Iluminación'],1,Velas e Iluminación,Velas e Iluminación,1.8493588275972757,Velas e Iluminación
72709,IVORY SCULPTED RND CANDLE,13,74,62.9,0.85,35,Velas e Iluminación,['Velas e Iluminación'],1,Velas e Iluminación,Velas e Iluminación,1.9431262517273773,Velas e Iluminación
72715,SPHERICAL IVORY CANDLE,13,88,36.96,0.42,35,Velas e Iluminación,['Velas e Iluminación'],1,Velas e Iluminación,Velas e Iluminación,2.055477008801696,Velas e Iluminación
72724,SET 6 CHRISTMAS ICICLE T LIGHTS,11,36,45.0,1.25,23,Navidad,"['Navidad', 'Velas e Iluminación']",2,Navidad,Navidad,2.3802538455249707,Navidad
72728,ROSE SCENT CANDLES IN GLASS,55,643,523.15,0.85,38,Velas e Iluminación,['Velas e Iluminación'],1,Velas e Iluminación,Velas e Iluminación,2.0377028033374494,Velas e Iluminación
72739B,WHITE CHOCOLATE SCENT CANDLE,28,394,328.39,1.84,35,Velas e Iluminación,['Velas e Iluminación'],1,Velas e Iluminación,Velas e Iluminación,1.9746945554117896,Velas e Iluminación
72739C,DARK CHOCOLATE SCENTCANDLE,23,326,279.08,1.68,22,Velas e Iluminación,['Velas e Iluminación'],1,Velas e Iluminación,Velas e Iluminación,1.6341554432113425,Velas e Iluminación
72740A,LARGE STRAWBERRY CHOCOLATE CANDLE,12,65,141.23,3.86,35,Velas e Iluminación,['Velas e Iluminación'],1,Velas e Iluminación,Velas e Iluminación,1.7880859215145213,Velas e Iluminación
72740B,LARGE WHITE CHOCOLATE CANDLE,1,1,5.06,5.06,35,Velas e Iluminación,['Velas e Iluminación'],1,Velas e Iluminación,Velas e Iluminación,1.7902752984489383,Velas e Iluminación
72741,GRAND CHOCOLATECANDLE,923,19712,27239.46,1.74,22,Velas e Iluminación,['Velas e Iluminación'],1,Velas e Iluminación,Velas e Iluminación,1.7574490339695652,Velas e Iluminación
72750A,F FAIRY S 3 CANDLE GLASS LILY VALLY,16,383,766.85,2.45,19,Velas e Iluminación,['Velas e Iluminación'],1,Velas e Iluminación,Velas e Iluminación,1.909407515869062,Velas e Iluminación
72750B,FLOWER FAIRY SET 3 CANDLES LAVENDER,39,496,1047.2,3.08,36,Velas e Iluminación,['Velas e Iluminación'],1,Velas e Iluminación,Velas e Iluminación,1.7438334414147927,Velas e Iluminación
72750C,F FAIRY S 3 CANDLE GLASS ROSE,15,232,476.4,2.75,19,Velas e Iluminación,['Velas e Iluminación'],1,Velas e Iluminación,Velas e Iluminación,2.430801097290985,Velas e Iluminación
72750D,F FAIRY S 3 CANDLE GLASS,11,110,226.5,2.68,19,Velas e Iluminación,['Velas e Iluminación'],1,Velas e Iluminación,Velas e Iluminación,2.5924642567276504,Velas e Iluminación
72751A,F FAIRY S 3 SML CANDLE LILY VALLEY,1,1,5.95,5.95,19,Velas e Iluminación,['Velas e Iluminación'],1,Velas e Iluminación,Velas e Iluminación,1.86885424776648,Velas e Iluminación
72751B,F FAIRY S 3 SML CANDLE LAVENDER,1,1,5.95,5.95,19,Velas e Iluminación,['Velas e Iluminación'],1,Velas e Iluminación,Velas e Iluminación,2.0857267532595194,Velas e Iluminación
72751C,F FAIRY S 3 SML CANDLE ROSE,1,1,5.95,5.95,19,Velas e Iluminación,['Velas e Iluminación'],1,Velas e Iluminación,Velas e Iluminación,2.277009884431604,Velas e Iluminación
72752A,F FAIRY CANDLE IN GLASS LILY VALLEY,1,1,4.25,4.25,19,Velas e Iluminación,['Velas e Iluminación'],1,Velas e Iluminación,Velas e Iluminación,1.9622584759651893,Velas e Iluminación
72752B,F FAIRY CANDLE IN GLASS LAVENDER,2,3,12.75,4.25,19,Velas e Iluminación,['Velas e Iluminación'],1,Velas e Iluminación,Velas e Iluminación,2.2076385680747763,Velas e Iluminación
72753A,S 3 FLWR FAIRY LILLY CANDLES,14,315,690.24,3.74,38,Velas e Iluminación,['Velas e Iluminación'],1,Velas e Iluminación,Velas e Iluminación,1.9907745361593594,Velas e Iluminación
72753B,S 3 FLWR FAIRY LAVENDER CANDLES,14,445,957.73,3.34,38,Velas e Iluminación,['Velas e Iluminación'],1,Velas e Iluminación,Velas e Iluminación,2.074052665521019,Velas e Iluminación
72753C,S 3 FLWR FAIRY ROSE CANDLES,6,43,107.68,4.02,38,Velas e Iluminación,['Velas e Iluminación'],1,Velas e Iluminación,Velas e Iluminación,2.2192910394065946,Velas e Iluminación
72753D,S 3 FLWR FAIRY SUMMER CANDLES,9,144,302.4,2.1,38,Velas e Iluminación,['Velas e Iluminación'],1,Velas e Iluminación,Velas e Iluminación,1.805333825653625,Velas e Iluminación
72754A,FLOWER FAIRY POTPOURRI CUSHION LILY,5,292,201.24,1.07,36,Textiles del Hogar,['Textiles del Hogar'],1,Textiles del Hogar,Textiles del Hogar,1.9540919009983773,Textiles del Hogar
72754B,F FAIRY POTPOURRI CUSHIONS LAVENDER,8,170,137.54,1.17,19,Textiles del Hogar,['Textiles del Hogar'],1,Textiles del Hogar,Textiles del Hogar,1.7186663915699114,Textiles del Hogar
72754D,F FAIRY POTPOURRI CUSHIONS SUMMER,1,1,1.69,1.69,19,Textiles del Hogar,['Textiles del Hogar'],1,Textiles del Hogar,Textiles del Hogar,1.9148470784515754,Textiles del Hogar
72755C,FLOWER FAIRY OIL BURNER SET ROSE,14,592,767.0,1.89,36,,[],0,Sin regla,Cocina y Mesa,0.08815397975463979,Sin clasificar
72755D,FLOWER FAIRY OIL BURNER SET SUMMER,13,533,693.25,1.94,36,,[],0,Sin regla,Papelería y Tarjetería,0.0999091903233042,Sin clasificar
72756,FAIRY CAKE CANDLES,129,4012,5459.48,1.47,32,Velas e Iluminación,['Velas e Iluminación'],1,Velas e Iluminación,Velas e Iluminación,1.6130052871409837,Velas e Iluminación
72760B,VINTAGE CREAM 3 BASKET CAKE STAND,496,1699,16409.02,10.82,32,Cocina y Mesa,['Cocina y Mesa'],1,Cocina y Mesa,Cocina y Mesa,1.5652232469948135,Cocina y Mesa
72771B,BURG FLOCK GOLD CUP CANDLE,9,117,56.9,1.28,35,Cocina y Mesa,"['Cocina y Mesa', 'Velas e Iluminación']",2,Cocina y Mesa,Cocina y Mesa,1.1795554375859223,Cocina y Mesa
72771C,BLACK FLOCK GOLD CANDLE,6,54,42.08,1.71,35,Velas e Iluminación,['Velas e Iluminación'],1,Velas e Iluminación,Velas e Iluminación,1.490477325779294,Velas e Iluminación
72772,SET 4 SCENTED CANDLES IN RAMEKINS,9,457,615.84,2.53,38,Velas e Iluminación,['Velas e Iluminación'],1,Velas e Iluminación,Velas e Iluminación,1.540876153034274,Velas e Iluminación
72779,SET 6 BLACK ROSE T LIGHT CANDLES,15,48,81.12,1.69,38,Velas e Iluminación,['Velas e Iluminación'],1,Velas e Iluminación,Velas e Iluminación,2.824993774971776,Velas e Iluminación
72780,BLACK SILOUETTE CANDLE PLATE,44,514,418.18,0.84,35,Cocina y Mesa,"['Cocina y Mesa', 'Velas e Iluminación']",2,Cocina y Mesa,Cocina y Mesa,1.854385539562469,Cocina y Mesa
72781,BLACK SILOUETTE CANDLE PLATE,15,121,229.5,2.05,35,Cocina y Mesa,"['Cocina y Mesa', 'Velas e Iluminación']",2,Cocina y Mesa,Cocina y Mesa,1.854385539562469,Cocina y Mesa
72783,BLACK SIL T SQU CANDLE PLATE,9,43,90.3,2.1,35,Cocina y Mesa,"['Cocina y Mesa', 'Velas e Iluminación']",2,Cocina y Mesa,Cocina y Mesa,1.6541521918435018,Cocina y Mesa
72785A,S 4 CONTEMPORY PINK ROSEBUD CANDLES,4,8,16.8,2.1,38,Velas e Iluminación,['Velas e Iluminación'],1,Velas e Iluminación,Velas e Iluminación,1.8052047258180397,Velas e Iluminación
72785B,S 4 CONTEMPORY RED ROSEBUD CANDLES,3,9,10.9,1.57,38,Velas e Iluminación,['Velas e Iluminación'],1,Velas e Iluminación,Velas e Iluminación,1.8814787142652867,Velas e Iluminación
72789,BASKET 8 SCENTED LOVE TOKEN CANDLES,46,122,461.53,3.84,38,Velas e Iluminación,['Velas e Iluminación'],1,Velas e Iluminación,Velas e Iluminación,1.6344711606023874,Velas e Iluminación
72793,BLACK BOX MIRROR LANTERN,10,55,268.75,5.56,4,"Espejos, Relojes y Arte de Pared","['Espejos, Relojes y Arte de Pared', 'Velas e Iluminación']",2,"Espejos, Relojes y Arte de Pared","Espejos, Relojes y Arte de Pared",1.7797283445414422,"Espejos, Relojes y Arte de Pared"
72796A,S 3 ENGLISH LAVENDER SQU CANDLE,6,11,18.15,1.65,35,Velas e Iluminación,['Velas e Iluminación'],1,Velas e Iluminación,Velas e Iluminación,1.5455522335431706,Velas e Iluminación
72796B,S 3 FRENCH VANILLA SQU CANDLE,13,27,44.55,1.65,35,Velas e Iluminación,['Velas e Iluminación'],1,Velas e Iluminación,Velas e Iluminación,1.9193253883205128,Velas e Iluminación
72796C,S 3 ROSE GARDEN SCENT SQU CANDLE,1,1,1.65,1.65,42,Jardín y Exterior,"['Jardín y Exterior', 'Velas e Iluminación']",2,Jardín y Exterior,Jardín y Exterior,1.7476293933406202,Jardín y Exterior
72798C,SET 4 GARDEN ROSE DINNER CANDLE,15,28,53.11,2.11,42,Jardín y Exterior,"['Jardín y Exterior', 'Velas e Iluminación']",2,Jardín y Exterior,Jardín y Exterior,1.8972961547352922,Jardín y Exterior
72799A,BLACK PILLAR CANDLE SILVER FLOCK,18,612,877.8,2.46,35,Velas e Iluminación,['Velas e Iluminación'],1,Velas e Iluminación,Velas e Iluminación,1.9174917888700398,Velas e Iluminación
72799B,PURPLE PILLAR CANDLE BLACK FLOCK,16,322,467.71,3.66,35,Velas e Iluminación,['Velas e Iluminación'],1,Velas e Iluminación,Velas e Iluminación,1.9903056612005257,Velas e Iluminación
72799C,PINK PILLAR CANDLE SILVER FLOCK,48,471,783.1,3.07,35,Velas e Iluminación,['Velas e Iluminación'],1,Velas e Iluminación,Velas e Iluminación,2.0359986623108632,Velas e Iluminación
72799D,BLUE PILLAR CANDLE SILVER FLOCK,19,78,260.67,3.74,35,Velas e Iluminación,['Velas e Iluminación'],1,Velas e Iluminación,Velas e Iluminación,2.043259002044312,Velas e Iluminación
72799E,IVORY PILLAR CANDLE SILVER FLOCK,179,1232,2600.64,2.94,35,Velas e Iluminación,['Velas e Iluminación'],1,Velas e Iluminación,Velas e Iluminación,2.013823639478084,Velas e Iluminación
72799F,IVORY PILLAR CANDLE GOLD FLOCK,106,1125,2082.74,3.11,35,Velas e Iluminación,['Velas e Iluminación'],1,Velas e Iluminación,Velas e Iluminación,1.902079634327359,Velas e Iluminación
72800A,S 4 BLACK DINNER CANDLE SILVER FLOC,46,674,743.26,2.98,35,Velas e Iluminación,['Velas e Iluminación'],1,Velas e Iluminación,Velas e Iluminación,1.8889452365617025,Velas e Iluminación
72800B,4 PURPLE FLOCK DINNER CANDLES,94,985,1276.78,2.62,38,Velas e Iluminación,['Velas e Iluminación'],1,Velas e Iluminación,Velas e Iluminación,2.1743033691451155,Velas e Iluminación
72800C,4 PINK DINNER CANDLE SILVER FLOCK,80,660,924.84,2.66,35,Velas e Iluminación,['Velas e Iluminación'],1,Velas e Iluminación,Velas e Iluminación,1.955996626987484,Velas e Iluminación
72800D,4 BLUE DINNER CANDLES SILVER FLOCK,86,631,1020.21,2.71,38,Velas e Iluminación,['Velas e Iluminación'],1,Velas e Iluminación,Velas e Iluminación,1.9766547430276908,Velas e Iluminación
72800E,4 IVORY DINNER CANDLES SILVER FLOCK,294,1388,2613.82,2.49,38,Velas e Iluminación,['Velas e Iluminación'],1,Velas e Iluminación,Velas e Iluminación,1.9445928946266435,Velas e Iluminación
72800F,4 IVORY DINNER CANDLES GOLD FLOCK,69,822,1060.19,2.5,38,Velas e Iluminación,['Velas e Iluminación'],1,Velas e Iluminación,Velas e Iluminación,1.8955241469412003,Velas e Iluminación
72801C,4 ROSE PINK DINNER CANDLES,92,770,685.03,1.8,38,Velas e Iluminación,['Velas e Iluminación'],1,Velas e Iluminación,Velas e Iluminación,2.114840970126548,Velas e Iluminación
72801D,4 SKY BLUE DINNER CANDLES,122,656,701.15,1.96,38,Velas e Iluminación,['Velas e Iluminación'],1,Velas e Iluminación,Velas e Iluminación,1.8939714303548345,Velas e Iluminación
72801E,S 4 FESTIVE GREEN DINNER CANDLES,28,776,422.32,1.39,38,Velas e Iluminación,['Velas e Iluminación'],1,Velas e Iluminación,Velas e Iluminación,1.9835112539049486,Velas e Iluminación
72801F,S 4 FESTIVE RED DINNER CANDLES,25,234,292.5,1.25,38,Velas e Iluminación,['Velas e Iluminación'],1,Velas e Iluminación,Velas e Iluminación,2.1324241464195284,Velas e Iluminación
72801G,4 BURGUNDY WINE DINNER CANDLES,68,1333,821.22,1.4,38,Velas e Iluminación,['Velas e Iluminación'],1,Velas e Iluminación,Velas e Iluminación,1.7219762149128182,Velas e Iluminación
72802A,ROSE SCENT CANDLE IN JEWELLED BOX,187,923,3864.87,4.59,4,Velas e Iluminación,['Velas e Iluminación'],1,Velas e Iluminación,Velas e Iluminación,1.994677338232487,Velas e Iluminación
72802B,OCEAN SCENT CANDLE IN JEWELLED BOX,213,1559,4258.97,4.41,4,Velas e Iluminación,['Velas e Iluminación'],1,Velas e Iluminación,Velas e Iluminación,1.9725086468110942,Velas e Iluminación
72802C,VANILLA SCENT CANDLE JEWELLED BOX,272,2185,6055.85,4.59,4,Velas e Iluminación,['Velas e Iluminación'],1,Velas e Iluminación,Velas e Iluminación,2.084118680121942,Velas e Iluminación
72803A,ROSE SCENT CANDLE JEWELLED DRAWER,97,724,1553.5,4.38,35,Velas e Iluminación,['Velas e Iluminación'],1,Velas e Iluminación,Velas e Iluminación,1.9219517823751053,Velas e Iluminación
72803B,OCEAN SCENT CANDLE JEWELLED DRAWER,39,93,416.35,4.57,35,Velas e Iluminación,['Velas e Iluminación'],1,Velas e Iluminación,Velas e Iluminación,1.9134984401023258,Velas e Iluminación
72805,VANILLA CANDLE IN EMBOSSED ZINC POT,3,10,16.9,1.69,35,Velas e Iluminación,['Velas e Iluminación'],1,Velas e Iluminación,Velas e Iluminación,1.8481829227621003,Velas e Iluminación
72807A,SET 3 ROSE CANDLE IN JEWELLED BOX,224,933,4288.33,5.75,4,Velas e Iluminación,['Velas e Iluminación'],1,Velas e Iluminación,Velas e Iluminación,1.8851269549107332,Velas e Iluminación
72807B,SET 3 OCEAN SCENT CANDLE JEWEL BOX,248,1085,4866.81,5.51,4,Velas e Iluminación,['Velas e Iluminación'],1,Velas e Iluminación,Velas e Iluminación,1.8840329653551224,Velas e Iluminación
72807C,SET 3 VANILLA SCENTED CANDLE IN BOX,392,2043,9001.15,5.71,35,Velas e Iluminación,['Velas e Iluminación'],1,Velas e Iluminación,Velas e Iluminación,2.0393002857287534,Velas e Iluminación
72811,SMALL ZINC GLASS CANDLEHOLDER,22,445,340.45,1.45,22,Velas e Iluminación,['Velas e Iluminación'],1,Velas e Iluminación,Velas e Iluminación,2.094729837581143,Velas e Iluminación
72812,LARGE ZINC GLASS CANDLEHOLDER,31,105,288.46,3.24,22,Velas e Iluminación,['Velas e Iluminación'],1,Velas e Iluminación,Velas e Iluminación,2.1069210603463726,Velas e Iluminación
72814,SET OF 3 CHRISTMAS BRIAR CANDLES,55,266,967.92,3.89,38,Navidad,"['Navidad', 'Velas e Iluminación']",2,Navidad,Navidad,2.095922505963612,Navidad
72815,3 WICK CHRISTMAS BRIAR CANDLE,71,282,1083.36,4.0,35,Navidad,"['Navidad', 'Velas e Iluminación']",2,Navidad,Navidad,1.919819626647979,Navidad
72816,SET 3 CHRISTMAS DECOUPAGE CANDLES,136,1344,1671.52,1.96,38,Navidad,"['Navidad', 'Velas e Iluminación']",2,Navidad,Navidad,2.050047668448972,Navidad
72817,SET OF 2 CHRISTMAS DECOUPAGE CANDLE,216,1553,1671.28,1.28,0,Navidad,"['Navidad', 'Velas e Iluminación']",2,Navidad,Navidad,1.958315770694898,Navidad
72818,CHRISTMAS DECOUPAGE CANDLE,133,2394,1283.13,0.84,0,Navidad,"['Navidad', 'Velas e Iluminación']",2,Navidad,Navidad,2.036631080089154,Navidad
72819,CUPID DESIGN SCENTED CANDLES,94,694,1174.01,2.97,38,Velas e Iluminación,['Velas e Iluminación'],1,Velas e Iluminación,Velas e Iluminación,1.6837340213705274,Velas e Iluminación
72821,CUPID SCENTED CANDLE IN GLASS,15,61,100.65,1.65,35,Velas e Iluminación,['Velas e Iluminación'],1,Velas e Iluminación,Velas e Iluminación,2.12186807442634,Velas e Iluminación
75011,BLUE DAISY MOBILE,15,181,172.51,1.39,22,Decoración del Hogar,['Decoración del Hogar'],1,Decoración del Hogar,Decoración del Hogar,1.8140685382833224,Decoración del Hogar
75013B,STRING OF 8 BUTTERFLIES PINK,80,390,669.62,2.02,22,,[],0,Sin regla,Papelería y Tarjetería,0.31989379249508715,Papelería y Tarjetería
75049L,LARGE CIRCULAR MIRROR MOBILE,352,13968,13153.8,1.55,20,"Espejos, Relojes y Arte de Pared","['Espejos, Relojes y Arte de Pared', 'Decoración del Hogar']",2,"Espejos, Relojes y Arte de Pared","Espejos, Relojes y Arte de Pared",1.6964663046334794,"Espejos, Relojes y Arte de Pared"
75131,METAL TUBE CHIME ON BAMBOO,68,1217,1543.03,1.7,22,,[],0,Sin regla,Papelería y Tarjetería,0.12428289168557682,Sin clasificar
75149N,STRING CRYSTALS NATURAL,25,272,340.0,1.25,22,,[],0,Sin regla,Joyería y Bijouterie,0.29179894896454706,Joyería y Bijouterie
75172,PAINTED SEA SHELL METAL WINDCHIME,11,97,100.31,2.14,34,,[],0,Sin regla,Joyería y Bijouterie,0.09388329914918281,Sin clasificar
75178,ASSTD COL BUTTERFLY CRYSTAL W CHIME,25,497,273.93,1.5,22,,[],0,Sin regla,Joyería y Bijouterie,0.1897975839492544,Sin clasificar
77079,DOLPHIN WINDMILL,12,64,135.68,2.12,22,,[],0,Sin regla,Cocina y Mesa,0.037927081257751905,Sin clasificar
77081,FLOWER WINDMILL,33,242,308.38,1.78,36,,[],0,Sin regla,Cocina y Mesa,0.08437746618208652,Sin clasificar
77101A,UNION FLAG WINDSOCK,89,1082,1255.97,1.5,17,,[],0,Sin regla,Textiles del Hogar,0.3166408452678691,Textiles del Hogar
78026,SEAGRASS S 3 SQU LAUNDRY BOX,2,12,139.95,19.98,4,,[],0,Sin regla,Cajas y Almacenamiento,0.4659838528548187,Cajas y Almacenamiento
78027,SEAGRASS S 2 CORNER LAUNDRY,5,6,100.15,18.03,22,,[],0,Sin regla,Cocina y Mesa,0.2265750407913278,Cocina y Mesa
78033,FLAG OF ST GEORGE CHAIR,16,76,370.6,5.52,22,,[],0,Sin regla,Papelería y Tarjetería,0.05336643490543347,Sin clasificar
78034B,BLUE NETTING STORAGE HANGER,10,15,29.25,1.95,22,Cajas y Almacenamiento,['Cajas y Almacenamiento'],1,Cajas y Almacenamiento,Cajas y Almacenamiento,1.9508542639720665,Cajas y Almacenamiento
78056,CAMOUFLAGE BACKPACK ON WHEELS,2,3,29.85,9.95,22,Bolsos y Carteras,['Bolsos y Carteras'],1,Bolsos y Carteras,Bolsos y Carteras,1.4068424532095336,Bolsos y Carteras
78124,MAGAZINE RACK GEBRA ASSORTED,31,730,969.61,1.88,22,,[],0,Sin regla,Cajas y Almacenamiento,0.22321512356832307,Cajas y Almacenamiento
79000,MOROCCAN TEA GLASS,436,11973,9759.91,1.38,26,Cocina y Mesa,['Cocina y Mesa'],1,Cocina y Mesa,Cocina y Mesa,1.5666587200976618,Cocina y Mesa
79026B,S 4 ICON COASTER ELVIS LIVES,37,69,89.25,1.6,22,Cocina y Mesa,['Cocina y Mesa'],1,Cocina y Mesa,Cocina y Mesa,1.9390673168514667,Cocina y Mesa
79029,GLASS HONEYPOT WASP CATCHER,349,2944,5473.82,2.26,22,,[],0,Sin regla,Decoración del Hogar,0.10960341003414775,Sin clasificar
79030A,TUMBLER ENGLISH ROSE,33,171,438.25,5.69,22,,[],0,Sin regla,Cocina y Mesa,0.20016085731061495,Cocina y Mesa
79030D,TUMBLER BAROQUE,61,1009,711.64,2.04,22,,[],0,Sin regla,Joyería y Bijouterie,0.04251464786086223,Sin clasificar
79030G,TUMBLER NEW ENGLAND,121,1751,1462.95,2.97,22,,[],0,Sin regla,Cajas y Almacenamiento,0.03655975336235373,Sin clasificar
79051A,SMOKEY GREY COLOUR D O F GLASS,59,939,386.38,0.82,22,,[],0,Sin regla,Decoración del Hogar,0.021940770533357634,Sin clasificar
79062D,RETRO TIN ASHTRAY REVOLUTIONARY,4,52,19.4,0.38,22,,[],0,Sin regla,Cocina y Mesa,0.683749783808803,Cocina y Mesa
79063C,RETRO PILL BOX KEY CHAIN THE KING,14,235,43.65,0.19,4,,[],0,Sin regla,Cajas y Almacenamiento,0.05178065298300116,Sin clasificar
79063D,RETRO PILL BOX REVOLUTIONARY,11,189,35.14,0.21,4,,[],0,Sin regla,Cajas y Almacenamiento,0.5825015419911229,Cajas y Almacenamiento
79065A,TEATIME ROUND CAKE TINS,1,4,39.8,9.95,32,Cocina y Mesa,['Cocina y Mesa'],1,Cocina y Mesa,Cocina y Mesa,1.8786792247864827,Cocina y Mesa
79066K,RETRO MOD TRAY,257,1403,1242.96,1.12,43,,[],0,Sin regla,Cocina y Mesa,0.23458038591454,Cocina y Mesa
79067,CORONA MEXICAN TRAY,398,1615,6380.2,4.94,43,,[],0,Sin regla,Cocina y Mesa,0.2449696659380481,Cocina y Mesa
79070B,ENGLISH ROSE SQUARE CAKE TINS,1,1,11.26,11.26,32,Cocina y Mesa,['Cocina y Mesa'],1,Cocina y Mesa,Cocina y Mesa,1.6293449806097056,Cocina y Mesa
79071B,ENGLISH ROSE METAL WASTE BIN,66,142,433.7,3.17,22,,[],0,Sin regla,Cocina y Mesa,0.6233169057908747,Cocina y Mesa
79072,TEATIME CAKE TIN WITH HANDLE,107,284,3083.2,12.71,32,Cocina y Mesa,['Cocina y Mesa'],1,Cocina y Mesa,Cocina y Mesa,1.5789727976265193,Cocina y Mesa
79140,ASS WINDPROOF MARIJUANA LIGHTERS,2,15,6.3,0.42,22,,[],0,Sin regla,Velas e Iluminación,0.5775737932097317,Velas e Iluminación
79144B,PAINTED LIGHTBULB STAR MOON,92,350,181.03,0.65,22,,[],0,Sin regla,Velas e Iluminación,0.8325391608179517,Velas e Iluminación
79144C,PAINTED LIGHTBULB RAINBOW DESIGN,97,306,180.14,0.73,22,,[],0,Sin regla,Velas e Iluminación,0.5295534479881767,Velas e Iluminación
79149B,SILICON STAR BULB BLUE,12,29,12.18,0.42,22,,[],0,Sin regla,Cocina y Mesa,0.05268674882059754,Sin clasificar
79151B,SILICON CUBE 25W BLUE,2,11,4.62,0.42,22,,[],0,Sin regla,Cocina y Mesa,0.1464686930248673,Sin clasificar
79157B,UBO LIGHT TRIOBASE BLUE,3,5,4.25,0.85,22,Velas e Iluminación,['Velas e Iluminación'],1,Velas e Iluminación,Velas e Iluminación,1.861277774776384,Velas e Iluminación
79157V,UBO LIGHT TRIOBASE PURPLE,3,5,4.25,0.85,22,Velas e Iluminación,['Velas e Iluminación'],1,Velas e Iluminación,Velas e Iluminación,1.896197049978341,Velas e Iluminación
79160,HEART SHAPE WIRELESS DOORBELL,215,944,1973.07,2.52,39,,[],0,Sin regla,Cocina y Mesa,0.08108347662974602,Sin clasificar
79161A,ST GEORGE SET OF 10 PARTY LIGHTS,16,51,150.45,2.95,23,Velas e Iluminación,['Velas e Iluminación'],1,Velas e Iluminación,Velas e Iluminación,1.8227098608143324,Velas e Iluminación
79163,BLACK CHAMPAGNE GLASS,65,1833,1240.83,2.53,22,,[],0,Sin regla,Cocina y Mesa,0.3845834559926836,Cocina y Mesa
79164,BLACK WINE GLASS,92,3653,3196.01,6.56,22,,[],0,Sin regla,Decoración del Hogar,0.11009849709119168,Sin clasificar
79172D,PURPLE TINT ACRYLIC FLOWER VASE,4,24,20.4,0.85,36,,[],0,Sin regla,Decoración del Hogar,0.0003330903595907264,Sin clasificar
79190A,RETRO PLASTIC 70 S TRAY,119,790,364.25,0.58,43,,[],0,Sin regla,Cocina y Mesa,0.4935834577225825,Cocina y Mesa
79190B,RETRO PLASTIC POLKA TRAY,136,1485,603.08,0.54,43,,[],0,Sin regla,Cocina y Mesa,0.40456922983163984,Cocina y Mesa
79190D,RETRO PLASTIC DAISY TRAY,112,641,296.58,0.56,43,,[],0,Sin regla,Cocina y Mesa,0.26226941115417984,Cocina y Mesa
79191B,RETRO PLASTIC POLKA TRAY,70,479,397.37,1.03,43,,[],0,Sin regla,Cocina y Mesa,0.40456922983163984,Cocina y Mesa
79191C,RETRO PLASTIC ELEPHANT TRAY,158,1619,1293.76,0.98,43,,[],0,Sin regla,Cocina y Mesa,0.4404346901640862,Cocina y Mesa
79191D,RETRO PLASTIC DAISY TRAY,56,138,143.87,1.21,43,,[],0,Sin regla,Cocina y Mesa,0.26226941115417984,Cocina y Mesa
79192A,RETRO PLASTIC 70 S TRAY,35,114,152.64,1.43,43,,[],0,Sin regla,Cocina y Mesa,0.4935834577225825,Cocina y Mesa
79301,FEATHER HEART LIGHTS,1,1,2.95,2.95,23,Velas e Iluminación,['Velas e Iluminación'],1,Velas e Iluminación,Velas e Iluminación,1.8652180762650257,Velas e Iluminación
79302M,ART LIGHTS FUNK MONKEY,112,628,1797.95,3.78,23,Velas e Iluminación,['Velas e Iluminación'],1,Velas e Iluminación,Velas e Iluminación,1.8294398617967143,Velas e Iluminación
79303A,WHITE ROHMBIC BLOCK TABLE LAMP,1,2,5.9,2.95,19,,[],0,Sin regla,Decoración del Hogar,0.5154907286267171,Decoración del Hogar
79303B,BLUE STAR BLOCK TABLE LAMP,10,109,339.57,4.75,19,,[],0,Sin regla,Decoración del Hogar,0.6101332911123746,Decoración del Hogar
79303D,LILAC FLOWER BLOCK TABLE LAMP,19,78,272.45,4.86,19,,[],0,Sin regla,Decoración del Hogar,0.4798557847570083,Decoración del Hogar
79308B,MOSAIC CANDLE DISH BLUE PURPLE,2,144,122.4,0.85,35,Velas e Iluminación,['Velas e Iluminación'],1,Velas e Iluminación,Velas e Iluminación,1.6111598647046157,Velas e Iluminación
79315W,FLYING SAUCER TABLE LIGHT IN WHITE,13,199,611.51,4.36,19,Cocina y Mesa,"['Cocina y Mesa', 'Velas e Iluminación']",2,Cocina y Mesa,Cocina y Mesa,1.3606012309122761,Cocina y Mesa
79320,FLAMINGO LIGHTS,150,904,4357.38,5.88,23,Velas e Iluminación,['Velas e Iluminación'],1,Velas e Iluminación,Velas e Iluminación,2.723956353559731,Velas e Iluminación
79321,CHILLI LIGHTS,1141,15841,80540.88,6.29,23,Velas e Iluminación,['Velas e Iluminación'],1,Velas e Iluminación,Velas e Iluminación,2.840249996382287,Velas e Iluminación
79323B,BLACK CHERRY LIGHTS,58,242,1565.7,7.73,23,Velas e Iluminación,['Velas e Iluminación'],1,Velas e Iluminación,Velas e Iluminación,2.0475551480455736,Velas e Iluminación
79323G,GOLD CHERRY LIGHTS,61,314,2007.88,7.71,23,Velas e Iluminación,['Velas e Iluminación'],1,Velas e Iluminación,Velas e Iluminación,2.0386729238588335,Velas e Iluminación
79323GR,GREEN CHERRY LIGHTS,83,532,3209.36,7.1,23,Velas e Iluminación,['Velas e Iluminación'],1,Velas e Iluminación,Velas e Iluminación,2.0542762367944194,Velas e Iluminación
79323LP,LIGHT PINK CHERRY LIGHTS,170,1433,8481.19,6.87,23,Velas e Iluminación,['Velas e Iluminación'],1,Velas e Iluminación,Velas e Iluminación,3.0336954711554798,Velas e Iluminación
79323P,PINK CHERRY LIGHTS,266,2281,13787.93,7.28,23,Velas e Iluminación,['Velas e Iluminación'],1,Velas e Iluminación,Velas e Iluminación,2.0559299534519964,Velas e Iluminación
79323S,SILVER CHERRY LIGHTS,56,334,2084.32,7.91,23,Velas e Iluminación,['Velas e Iluminación'],1,Velas e Iluminación,Velas e Iluminación,2.1874113179933907,Velas e Iluminación
79323W,WHITE CHERRY LIGHTS,350,3004,18048.72,7.03,23,Velas e Iluminación,['Velas e Iluminación'],1,Velas e Iluminación,Velas e Iluminación,2.095944156815673,Velas e Iluminación
79328,BLUE FLOCK GLASS CANDLEHOLDER,17,594,260.76,1.49,22,Velas e Iluminación,['Velas e Iluminación'],1,Velas e Iluminación,Velas e Iluminación,2.1101271205041527,Velas e Iluminación
79329,PINK FLOCK GLASS CANDLEHOLDER,7,100,65.94,1.29,22,Velas e Iluminación,['Velas e Iluminación'],1,Velas e Iluminación,Velas e Iluminación,2.1229978350749534,Velas e Iluminación
79331,PINK FLOCK GLASS CANDLEHOLDER,9,60,73.6,1.37,22,Velas e Iluminación,['Velas e Iluminación'],1,Velas e Iluminación,Velas e Iluminación,2.1229978350749534,Velas e Iluminación
79336,LIGHT PINK FLOCK GLASS CANDLEHOLDER,21,840,369.78,1.46,22,Velas e Iluminación,['Velas e Iluminación'],1,Velas e Iluminación,Velas e Iluminación,3.202753500650754,Velas e Iluminación
79337,BLUE FLOCK GLASS CANDLEHOLDER,21,1194,502.03,1.03,22,Velas e Iluminación,['Velas e Iluminación'],1,Velas e Iluminación,Velas e Iluminación,2.1101271205041527,Velas e Iluminación
79338,DARK PINK FLOCK GLASS CANDLEHOLDER,13,553,252.29,1.47,22,Velas e Iluminación,['Velas e Iluminación'],1,Velas e Iluminación,Velas e Iluminación,1.9626568277252567,Velas e Iluminación
79341,WILLOW BRANCH LIGHTS,80,725,4423.69,8.05,23,Velas e Iluminación,['Velas e Iluminación'],1,Velas e Iluminación,Velas e Iluminación,1.934604350625798,Velas e Iluminación
79342B,BROWN FLOWER LIGHTS,35,120,838.52,8.86,23,Velas e Iluminación,['Velas e Iluminación'],1,Velas e Iluminación,Velas e Iluminación,2.080864331577881,Velas e Iluminación
79403,FROSTED WHITE BASE,36,216,199.02,1.14,22,,[],0,Sin regla,"Espejos, Relojes y Arte de Pared",0.06847845777466399,Sin clasificar
79406,FROSTED WHITE BASE,21,259,65.62,0.4,22,,[],0,Sin regla,"Espejos, Relojes y Arte de Pared",0.06847845777466399,Sin clasificar
79413,GLASS WINE GLASS DECORATIONS,9,30,37.5,1.25,22,Decoración del Hogar,['Decoración del Hogar'],1,Decoración del Hogar,Decoración del Hogar,1.7470161066150052,Decoración del Hogar
79532,MOSAIC GLASS BALL CANDLEHOLDER,18,97,121.25,1.25,22,Velas e Iluminación,['Velas e Iluminación'],1,Velas e Iluminación,Velas e Iluminación,1.7226252299022813,Velas e Iluminación
79534,MULTICOLOUR GLASS PLATE,18,116,63.8,0.55,26,Cocina y Mesa,['Cocina y Mesa'],1,Cocina y Mesa,Cocina y Mesa,1.7835107638655214,Cocina y Mesa
81950B,FLOWER BLUE CLOCK W SUCKER,35,216,126.74,0.94,36,"Espejos, Relojes y Arte de Pared","['Espejos, Relojes y Arte de Pared']",1,"Espejos, Relojes y Arte de Pared","Espejos, Relojes y Arte de Pared",1.976654975911112,"Espejos, Relojes y Arte de Pared"
81950V,FLOWER PURPLE CLOCK W SUCKER,11,32,18.8,0.7,36,"Espejos, Relojes y Arte de Pared","['Espejos, Relojes y Arte de Pared']",1,"Espejos, Relojes y Arte de Pared","Espejos, Relojes y Arte de Pared",1.933515502508008,"Espejos, Relojes y Arte de Pared"
81952B,ROUND BLUE CLOCK W SUCKER,20,254,84.56,0.7,16,"Espejos, Relojes y Arte de Pared","['Espejos, Relojes y Arte de Pared']",1,"Espejos, Relojes y Arte de Pared","Espejos, Relojes y Arte de Pared",2.000119075754439,"Espejos, Relojes y Arte de Pared"
81952V,ROUND PURPLE CLOCK WITH SUCKER,47,464,159.87,0.7,16,"Espejos, Relojes y Arte de Pared","['Espejos, Relojes y Arte de Pared']",1,"Espejos, Relojes y Arte de Pared","Espejos, Relojes y Arte de Pared",1.9467963703748712,"Espejos, Relojes y Arte de Pared"
81953B,ROUND BLUE CLOCK WITH SUCKER,8,14,4.64,0.44,16,"Espejos, Relojes y Arte de Pared","['Espejos, Relojes y Arte de Pared']",1,"Espejos, Relojes y Arte de Pared","Espejos, Relojes y Arte de Pared",1.9123863698293881,"Espejos, Relojes y Arte de Pared"
81953P,ROUND ARTICULATED PINK CLOCK W SUCK,6,33,9.57,0.52,16,"Espejos, Relojes y Arte de Pared","['Espejos, Relojes y Arte de Pared']",1,"Espejos, Relojes y Arte de Pared","Espejos, Relojes y Arte de Pared",2.176455257426213,"Espejos, Relojes y Arte de Pared"
81985A,ICON ALARM CLOCK FUSCHIA PIN UP,7,23,58.65,2.55,16,"Espejos, Relojes y Arte de Pared","['Espejos, Relojes y Arte de Pared']",1,"Espejos, Relojes y Arte de Pared","Espejos, Relojes y Arte de Pared",1.8410915247174944,"Espejos, Relojes y Arte de Pared"
82001S,VINYL RECORD FRAME SILVER,261,3051,11464.38,4.61,13,Marcos y Fotografía,['Marcos y Fotografía'],1,Marcos y Fotografía,Marcos y Fotografía,2.028241789840778,Marcos y Fotografía
82011A,BATHROOM SCALES TROPICAL BEACH,34,59,246.58,4.36,22,,[],0,Sin regla,Cocina y Mesa,0.5453524797298581,Cocina y Mesa
82011B,BATHROOM SCALES RUBBER DUCKS,48,93,348.8,4.25,22,,[],0,Sin regla,Cocina y Mesa,0.7606154215275541,Cocina y Mesa
82011C,BATHROOM SCALES FOOTPRINTS IN SAND,71,131,595.18,5.24,22,,[],0,Sin regla,Cocina y Mesa,0.8125343586733946,Cocina y Mesa
82011E,BATHROOM SCALES FAG BREAK,2,2,7.5,3.75,22,,[],0,Sin regla,Cocina y Mesa,1.0075761828643195,Cocina y Mesa
82069,BEECH WOOD P FRAME,11,17,109.85,6.28,13,Marcos y Fotografía,['Marcos y Fotografía'],1,Marcos y Fotografía,Marcos y Fotografía,2.2496373530196196,Marcos y Fotografía
82072,WHITE WOOD SINGLE P FRAME,3,5,6.25,1.25,13,Marcos y Fotografía,['Marcos y Fotografía'],1,Marcos y Fotografía,Marcos y Fotografía,1.7060495101331605,Marcos y Fotografía
82076,BEECH WOOD PHOTO FRAME,19,290,403.64,2.73,33,Marcos y Fotografía,['Marcos y Fotografía'],1,Marcos y Fotografía,Marcos y Fotografía,2.9764897880583754,Marcos y Fotografía
82081,PINK HEARTS PHOTO ALBUM,23,174,451.35,5.26,33,Marcos y Fotografía,['Marcos y Fotografía'],1,Marcos y Fotografía,Marcos y Fotografía,1.817824548377898,Marcos y Fotografía
82093,HEART SHAPE BUTTON FRAME,28,139,283.49,3.15,39,Marcos y Fotografía,['Marcos y Fotografía'],1,Marcos y Fotografía,Marcos y Fotografía,1.9205195327797315,Marcos y Fotografía
82095,HEART BUTTONS JEWELLERY BOX,48,100,600.91,6.19,4,Joyería y Bijouterie,"['Joyería y Bijouterie', 'Cajas y Almacenamiento']",2,Joyería y Bijouterie,Joyería y Bijouterie,2.031331556684777,Joyería y Bijouterie
82482,WOODEN PICTURE FRAME WHITE FINISH,2026,16914,41837.6,2.92,13,Marcos y Fotografía,['Marcos y Fotografía'],1,Marcos y Fotografía,Marcos y Fotografía,1.538816925687661,Marcos y Fotografía
82483,WOOD 2 DRAWER CABINET WHITE FINISH,1132,4878,29003.37,6.51,22,Cajas y Almacenamiento,['Cajas y Almacenamiento'],1,Cajas y Almacenamiento,Cajas y Almacenamiento,2.5432082248953742,Cajas y Almacenamiento
82484,WOOD BLACK BOARD ANT WHITE FINISH,1177,9831,56745.73,7.81,22,Decoración del Hogar,['Decoración del Hogar'],1,Decoración del Hogar,Decoración del Hogar,1.5757113138837353,Decoración del Hogar
82486,WOOD S 3 CABINET ANT WHITE FINISH,1288,4728,38052.33,8.64,22,Cajas y Almacenamiento,['Cajas y Almacenamiento'],1,Cajas y Almacenamiento,Cajas y Almacenamiento,1.617270588165007,Cajas y Almacenamiento
82494L,WOODEN FRAME ANTIQUE WHITE,2087,15679,46967.09,3.41,13,Marcos y Fotografía,['Marcos y Fotografía'],1,Marcos y Fotografía,Marcos y Fotografía,1.4209863222634869,Marcos y Fotografía
82545A,COGNAC AUX OEUFS METAL 1 HOOK,11,31,38.75,1.25,22,,[],0,Sin regla,Carteles y Señalética,0.2825042175045439,Carteles y Señalética
82551,LAUNDRY 15C METAL SIGN,755,5641,8081.14,1.67,11,Carteles y Señalética,['Carteles y Señalética'],1,Carteles y Señalética,Carteles y Señalética,2.4102696382165947,Carteles y Señalética
82552,WASHROOM METAL SIGN,800,6955,9527.16,1.55,11,Carteles y Señalética,['Carteles y Señalética'],1,Carteles y Señalética,Carteles y Señalética,2.7979695399940434,Carteles y Señalética
82553,POP S GREASY SPOON METAL SIGN,42,114,237.73,2.58,11,Cocina y Mesa,"['Cocina y Mesa', 'Carteles y Señalética']",2,Cocina y Mesa,Cocina y Mesa,1.17757348998672,Cocina y Mesa
82567,AIRLINE LOUNGE METAL SIGN,489,1207,2498.98,2.17,11,Carteles y Señalética,['Carteles y Señalética'],1,Carteles y Señalética,Carteles y Señalética,1.9556543280026508,Carteles y Señalética
82578,KITCHEN METAL SIGN,712,5595,3129.24,0.71,11,Carteles y Señalética,['Carteles y Señalética'],1,Carteles y Señalética,Carteles y Señalética,2.622654203327508,Carteles y Señalética
82580,BATHROOM METAL SIGN,1349,13249,7458.52,0.76,11,Carteles y Señalética,['Carteles y Señalética'],1,Carteles y Señalética,Carteles y Señalética,2.0038756832874673,Carteles y Señalética
82581,TOILET METAL SIGN,921,8399,4649.0,0.69,11,Carteles y Señalética,['Carteles y Señalética'],1,Carteles y Señalética,Carteles y Señalética,2.516409586835844,Carteles y Señalética
82582,AREA PATROLLED METAL SIGN,802,7479,15110.98,2.35,11,Carteles y Señalética,['Carteles y Señalética'],1,Carteles y Señalética,Carteles y Señalética,2.721236497765226,Carteles y Señalética
82583,HOT BATHS METAL SIGN,1198,12877,27981.99,2.76,11,Carteles y Señalética,['Carteles y Señalética'],1,Carteles y Señalética,Carteles y Señalética,2.3161920892014,Carteles y Señalética
82585,SWEET VALENCIA CANDLE CUP,49,164,235.9,1.88,35,Cocina y Mesa,"['Cocina y Mesa', 'Velas e Iluminación']",2,Cocina y Mesa,Cocina y Mesa,1.6055804652560466,Cocina y Mesa
82587,TEXRIO TOMATOES CANDLE CUP,41,128,166.78,1.46,35,Cocina y Mesa,"['Cocina y Mesa', 'Velas e Iluminación']",2,Cocina y Mesa,Cocina y Mesa,1.8208591192349088,Cocina y Mesa
82597,BOMBS AWAY METAL SIGN,217,1210,2569.66,2.58,11,Carteles y Señalética,['Carteles y Señalética'],1,Carteles y Señalética,Carteles y Señalética,3.157323532249085,Carteles y Señalética
82599,FANNY S REST STOPMETAL SIGN,511,2505,5479.44,2.71,11,Carteles y Señalética,['Carteles y Señalética'],1,Carteles y Señalética,Carteles y Señalética,1.9735016364217335,Carteles y Señalética
82600,NO SINGING METAL SIGN,1208,12675,25736.19,2.4,11,Carteles y Señalética,['Carteles y Señalética'],1,Carteles y Señalética,Carteles y Señalética,2.3243616573305306,Carteles y Señalética
82605,OLD DOC RUSSEL METAL SIGN,126,268,595.07,2.4,11,Carteles y Señalética,['Carteles y Señalética'],1,Carteles y Señalética,Carteles y Señalética,2.107676811969998,Carteles y Señalética
82607A,GLASS BONBON JAR PARFUME AUX FLEURE,159,663,923.72,1.81,22,,[],0,Sin regla,Cocina y Mesa,0.08642033903376556,Sin clasificar
82607C,GLASS BONBON JAR SUPERFINES,43,115,175.61,1.9,22,,[],0,Sin regla,Cocina y Mesa,0.18371184574940275,Sin clasificar
82607E,GLASS BONBON JAR D AMANDES,26,101,126.25,1.25,22,,[],0,Sin regla,Cocina y Mesa,0.1936133282124714,Sin clasificar
82613A,METAL SIGN CUPCAKE SINGLE HOOK,119,495,674.95,1.64,11,Carteles y Señalética,['Carteles y Señalética'],1,Carteles y Señalética,Carteles y Señalética,1.9595441832933622,Carteles y Señalética
82613B,METAL SIGN CUPCAKE SINGLE HOOK,234,910,1020.61,1.76,11,Carteles y Señalética,['Carteles y Señalética'],1,Carteles y Señalética,Carteles y Señalética,1.9595441832933622,Carteles y Señalética
82613C,METAL SIGN CUPCAKE SINGLE HOOK,199,783,852.49,1.78,11,Carteles y Señalética,['Carteles y Señalética'],1,Carteles y Señalética,Carteles y Señalética,1.9595441832933622,Carteles y Señalética
82613D,METAL SIGN CUPCAKE SINGLE HOOK,271,1186,1281.86,1.69,11,Carteles y Señalética,['Carteles y Señalética'],1,Carteles y Señalética,Carteles y Señalética,1.9595441832933622,Carteles y Señalética
82615,PINK MARSHMALLOW SCARF KNITTING KIT,90,582,1603.97,3.28,22,,[],0,Sin regla,Papelería y Tarjetería,0.7739232862511063,Papelería y Tarjetería
82616A,BUBBLE GUM SCARF KNITTING KIT,52,316,624.21,2.99,22,,[],0,Sin regla,Papelería y Tarjetería,1.0192612854321097,Papelería y Tarjetería
82616B,FRAPPUCINO SCARF KNITTING KIT,128,606,977.55,2.21,22,,[],0,Sin regla,Papelería y Tarjetería,1.0854712307037189,Papelería y Tarjetería
82616C,MIDNIGHT GLAMOUR SCARF KNITTING KIT,142,632,1024.1,2.2,22,,[],0,Sin regla,Papelería y Tarjetería,0.6030211210601428,Papelería y Tarjetería
84006,MAGIC TREE PAPER FLOWERS,212,1856,1738.07,1.11,0,,[],0,Sin regla,Papelería y Tarjetería,0.422032711872527,Papelería y Tarjetería
84007,MAGIC GARDEN MOUNT FUJI,39,157,413.12,2.68,42,Jardín y Exterior,['Jardín y Exterior'],1,Jardín y Exterior,Jardín y Exterior,2.264117369204186,Jardín y Exterior
84012,MAGIC SHEEP WOOL GROWING FROM PAPER,180,1838,2628.47,1.73,22,,[],0,Sin regla,Papelería y Tarjetería,0.4308328780090499,Papelería y Tarjetería
84016,FLAG OF ST GEORGE CAR FLAG,62,1004,3791.67,53.2,22,,[],0,Sin regla,Papelería y Tarjetería,0.05942448624486496,Sin clasificar
84029C,BROWN FURRY HOT WATER BOTTLE,49,205,773.97,4.62,2,Botellas de Agua Caliente y Confort,['Botellas de Agua Caliente y Confort'],1,Botellas de Agua Caliente y Confort,Botellas de Agua Caliente y Confort,2.1486299712804593,Botellas de Agua Caliente y Confort
84029D,LEOPARD PRINT HOT WATER BOTTLE,15,51,183.98,4.22,2,Botellas de Agua Caliente y Confort,['Botellas de Agua Caliente y Confort'],1,Botellas de Agua Caliente y Confort,Botellas de Agua Caliente y Confort,1.9627160145465312,Botellas de Agua Caliente y Confort
84029E,RED WOOLLY HOTTIE WHITE HEART,1163,10628,42994.24,4.46,39,Botellas de Agua Caliente y Confort,['Botellas de Agua Caliente y Confort'],1,Botellas de Agua Caliente y Confort,Navidad,0.09512325511082542,Botellas de Agua Caliente y Confort
84029G,KNITTED UNION FLAG HOT WATER BOTTLE,1032,6830,29533.87,4.79,2,Botellas de Agua Caliente y Confort,['Botellas de Agua Caliente y Confort'],1,Botellas de Agua Caliente y Confort,Botellas de Agua Caliente y Confort,1.926551330833943,Botellas de Agua Caliente y Confort
84030B,KNITTED POM POM HOT WATER BOTTLE,4,6,27.21,4.93,2,Botellas de Agua Caliente y Confort,['Botellas de Agua Caliente y Confort'],1,Botellas de Agua Caliente y Confort,Botellas de Agua Caliente y Confort,1.8934208912099144,Botellas de Agua Caliente y Confort
84030C,KNITTED RAINBOW HOT WATER BOTTLE,19,53,330.78,6.68,2,Botellas de Agua Caliente y Confort,['Botellas de Agua Caliente y Confort'],1,Botellas de Agua Caliente y Confort,Botellas de Agua Caliente y Confort,2.1506105250113423,Botellas de Agua Caliente y Confort
84030E,ENGLISH ROSE HOT WATER BOTTLE,538,2242,10021.55,5.2,2,Botellas de Agua Caliente y Confort,['Botellas de Agua Caliente y Confort'],1,Botellas de Agua Caliente y Confort,Botellas de Agua Caliente y Confort,1.8302297818482167,Botellas de Agua Caliente y Confort
84031A,CHARLIE LOLA RED HOT WATER BOTTLE,317,1099,4420.65,4.73,2,Botellas de Agua Caliente y Confort,['Botellas de Agua Caliente y Confort'],1,Botellas de Agua Caliente y Confort,Botellas de Agua Caliente y Confort,2.0216875230924334,Botellas de Agua Caliente y Confort
84031B,CHARLIE LOLA BLUE HOT WATER BOTTLE,276,840,3279.66,4.74,2,Botellas de Agua Caliente y Confort,['Botellas de Agua Caliente y Confort'],1,Botellas de Agua Caliente y Confort,Botellas de Agua Caliente y Confort,1.8876924322927997,Botellas de Agua Caliente y Confort
84032A,CHARLIE LOLA PINK HOT WATER BOTTLE,666,3234,8624.1,3.31,2,Botellas de Agua Caliente y Confort,['Botellas de Agua Caliente y Confort'],1,Botellas de Agua Caliente y Confort,Botellas de Agua Caliente y Confort,1.9544138189573235,Botellas de Agua Caliente y Confort
84032B,CHARLIE LOLA RED HOT WATER BOTTLE,604,3285,7699.25,3.09,2,Botellas de Agua Caliente y Confort,['Botellas de Agua Caliente y Confort'],1,Botellas de Agua Caliente y Confort,Botellas de Agua Caliente y Confort,2.0216875230924334,Botellas de Agua Caliente y Confort
84033,FLAG OF ST GEORGE,50,392,735.38,3.42,22,,[],0,Sin regla,Cocina y Mesa,0.016637749189440387,Sin clasificar
84050,PINK HEART SHAPE EGG FRYING PAN,722,9853,14525.0,2.15,8,,[],0,Sin regla,Cocina y Mesa,0.3890447076902155,Cocina y Mesa
84051,ASS COLOUR GLOWING TIARAS,61,746,607.98,0.9,22,,[],0,Sin regla,Papelería y Tarjetería,0.09085484966691065,Sin clasificar
84077,WORLD WAR 2 GLIDERS ASSTD DESIGNS,1022,106139,24445.61,0.28,22,,[],0,Sin regla,Papelería y Tarjetería,0.5878448906933941,Papelería y Tarjetería
84078A,SET 4 WHITE RETRO STORAGE CUBES,328,1128,43844.96,45.86,22,Cajas y Almacenamiento,['Cajas y Almacenamiento'],1,Cajas y Almacenamiento,Cajas y Almacenamiento,1.419631414058935,Cajas y Almacenamiento
84081,WHITE CERAMIC PARTY SET 5PCS,20,100,389.3,5.21,22,,[],0,Sin regla,Pascua y Fiestas,0.48930398087711047,Pascua y Fiestas
84086B,YELLOW BLUE RETRO RADIO,13,24,70.8,2.95,22,,[],0,Sin regla,Cocina y Mesa,0.540917627909475,Cocina y Mesa
84086C,PINK PURPLE RETRO RADIO,88,297,884.75,3.24,22,,[],0,Sin regla,Cocina y Mesa,0.4088919593523118,Cocina y Mesa
84192,ASSORTED COLOUR METAL CAT,39,226,271.1,1.24,22,,[],0,Sin regla,Decoración del Hogar,0.5056334713954956,Decoración del Hogar
84199,GLOW IN DARK DOLPHINS,72,554,121.08,0.22,22,,[],0,Sin regla,Decoración del Hogar,0.07962049625553147,Sin clasificar
84201B,HAPPY BIRTHDAY CARD STRIPEY TEDDY,8,39,7.41,0.19,14,Papelería y Tarjetería,['Papelería y Tarjetería'],1,Papelería y Tarjetería,Papelería y Tarjetería,1.9064098001137961,Papelería y Tarjetería
84201C,HAPPY BIRTHDAY CARD TEDDY CAKE,3,10,1.9,0.19,14,Papelería y Tarjetería,['Papelería y Tarjetería'],1,Papelería y Tarjetería,Papelería y Tarjetería,1.7418699965622662,Papelería y Tarjetería
84205C,HAPPY BIRTHDAY GINGER CAT CARD,1,2,0.38,0.19,14,Papelería y Tarjetería,['Papelería y Tarjetería'],1,Papelería y Tarjetería,Papelería y Tarjetería,1.3434211020173805,Papelería y Tarjetería
84206A,3 BLACK CATS W HEARTS BLANK CARD,10,79,15.01,0.19,22,Papelería y Tarjetería,['Papelería y Tarjetería'],1,Papelería y Tarjetería,Papelería y Tarjetería,1.7226492880699,Papelería y Tarjetería
84206B,CAT WITH SUNGLASSES BLANK CARD,2,9,1.71,0.19,22,Papelería y Tarjetería,['Papelería y Tarjetería'],1,Papelería y Tarjetería,Papelería y Tarjetería,1.9367800823421255,Papelería y Tarjetería
84206C,CHAMPAGNE TRAY BLANK CARD,4,10,1.9,0.19,43,Papelería y Tarjetería,['Papelería y Tarjetería'],1,Papelería y Tarjetería,Papelería y Tarjetería,1.943546379687222,Papelería y Tarjetería
84212,ASSORTED FLOWER COLOUR LEIS,278,24794,11961.49,0.84,36,,[],0,Sin regla,Decoración del Hogar,0.5220775492961505,Decoración del Hogar
84218,BOX 12 CHICK EGG IN BASKET,98,261,503.51,2.05,8,,[],0,Sin regla,Cajas y Almacenamiento,0.48975741508196136,Cajas y Almacenamiento
84219,BOX 12 MOTHER CHICK IN BASKET BOW,28,137,303.86,2.6,12,,[],0,Sin regla,Cajas y Almacenamiento,0.5087362947318991,Cajas y Almacenamiento
84226,HEN HOUSE W FAMILY IN BARN NEST,18,77,58.31,0.84,22,,[],0,Sin regla,Papelería y Tarjetería,0.08449130054652698,Sin clasificar
84227,HEN HOUSE W CHICK IN NEST,13,112,47.04,0.42,22,,[],0,Sin regla,Cocina y Mesa,0.018540379212572677,Sin clasificar
84228,HEN HOUSE W CHICK STANDING,46,354,156.07,0.63,22,,[],0,Sin regla,Cocina y Mesa,0.13670557619595297,Sin clasificar
84231,EASTER BUNNY WITH BASKET ON BACK,51,230,166.21,0.86,22,Pascua y Fiestas,['Pascua y Fiestas'],1,Pascua y Fiestas,Pascua y Fiestas,3.0025914462515733,Pascua y Fiestas
84247C,PACK 12 BLUE REINDEER CARD,22,72,212.4,2.95,12,Navidad,"['Navidad', 'Papelería y Tarjetería']",2,Navidad,Navidad,1.7790691778034589,Navidad
84247E,PACK 12 XMAS FUN CARD,96,376,1064.05,2.85,12,Navidad,"['Navidad', 'Papelería y Tarjetería']",2,Navidad,Navidad,1.7329634213160885,Navidad
84247G,DECOUPAGE GREETING CARD,107,1414,602.67,0.49,22,Papelería y Tarjetería,['Papelería y Tarjetería'],1,Papelería y Tarjetería,Papelería y Tarjetería,2.313758359155738,Papelería y Tarjetería
84247H,PACK 12 DECOUPAGE CARD,20,42,109.13,2.32,12,Papelería y Tarjetería,['Papelería y Tarjetería'],1,Papelería y Tarjetería,Papelería y Tarjetería,1.6827254828035088,Papelería y Tarjetería
84247J,PACK 12 RUSSIAN DOLL CARDS,9,10,12.78,1.32,12,Papelería y Tarjetería,['Papelería y Tarjetería'],1,Papelería y Tarjetería,Papelería y Tarjetería,1.9275334404906532,Papelería y Tarjetería
84247K,FOLK ART GREETING CARD PACK 12,28,75,233.48,3.28,12,Papelería y Tarjetería,['Papelería y Tarjetería'],1,Papelería y Tarjetería,Papelería y Tarjetería,2.0108705882706275,Papelería y Tarjetería
84247L,FAWN AND MUSHROOM GREETING CARD,110,1137,498.21,0.53,22,Papelería y Tarjetería,['Papelería y Tarjetería'],1,Papelería y Tarjetería,Papelería y Tarjetería,1.8890828864481772,Papelería y Tarjetería
84247N,PACK 12 BLUE FOLKART CARDS,53,113,297.48,2.39,12,Papelería y Tarjetería,['Papelería y Tarjetería'],1,Papelería y Tarjetería,Papelería y Tarjetería,1.6472595131815178,Papelería y Tarjetería
84249A,GREETING CARD SQUARE DOUGHNUTS,34,252,113.22,0.61,22,Papelería y Tarjetería,['Papelería y Tarjetería'],1,Papelería y Tarjetería,Papelería y Tarjetería,1.9456373871850627,Papelería y Tarjetería
84249D,FAIRY CAKE GREETINGS CARD,64,823,347.3,0.48,32,Papelería y Tarjetería,['Papelería y Tarjetería'],1,Papelería y Tarjetería,Papelería y Tarjetería,1.814832459293706,Papelería y Tarjetería
84250M,GREETING CARD BLACKPOOL ROCK,13,28,15.9,0.8,22,Papelería y Tarjetería,['Papelería y Tarjetería'],1,Papelería y Tarjetería,Papelería y Tarjetería,2.2954826960415784,Papelería y Tarjetería
84251B,GREETING CARD STICKY GORDON,61,319,84.84,0.4,22,Papelería y Tarjetería,['Papelería y Tarjetería'],1,Papelería y Tarjetería,Papelería y Tarjetería,2.42079552582299,Papelería y Tarjetería
84251C,GREETING CARD TWO SISTERS,53,247,76.68,0.44,22,Papelería y Tarjetería,['Papelería y Tarjetería'],1,Papelería y Tarjetería,Papelería y Tarjetería,1.8708578535774663,Papelería y Tarjetería
84251F,GREETING CARD RITA,50,341,83.97,0.44,22,Papelería y Tarjetería,['Papelería y Tarjetería'],1,Papelería y Tarjetería,Papelería y Tarjetería,2.619426777059114,Papelería y Tarjetería
84251G,GREETING CARD OVERCROWDED POOL,91,472,127.56,0.45,22,Papelería y Tarjetería,['Papelería y Tarjetería'],1,Papelería y Tarjetería,Papelería y Tarjetería,2.391837644980575,Papelería y Tarjetería
84251J,GREETING CARD THE BLACK CAT,17,74,37.04,0.75,22,Papelería y Tarjetería,['Papelería y Tarjetería'],1,Papelería y Tarjetería,Papelería y Tarjetería,2.007573256894964,Papelería y Tarjetería
84255A,PINK GLASS COCKTAIL LAMP,2,2,4.2,2.1,22,,[],0,Sin regla,Joyería y Bijouterie,0.019700762727461796,Sin clasificar
84255B,ORANGE COCKTAIL GLASS LAMP,18,65,190.16,4.49,22,,[],0,Sin regla,Joyería y Bijouterie,0.029682399643207513,Sin clasificar
84270,ASSTD DESIGN BUBBLE GUM RING,476,22936,4824.3,0.25,22,,[],0,Sin regla,Papelería y Tarjetería,0.1644290482167874,Sin clasificar
84279B,CHERRY BLOSSOM DECORATIVE FLASK,215,808,3076.92,4.3,22,,[],0,Sin regla,Decoración del Hogar,0.1839012348497584,Sin clasificar
84279P,CHERRY BLOSSOM DECORATIVE FLASK,300,1145,4476.67,4.6,22,,[],0,Sin regla,Decoración del Hogar,0.1839012348497584,Sin clasificar
84288B,SET 2 BLUE NOODLE BASKETS,24,61,118.95,1.95,22,,[],0,Sin regla,Cocina y Mesa,0.19873662418978633,Sin clasificar
84292,ROSE PINK METAL FOLDING CHAIR,14,44,385.98,10.53,22,,[],0,Sin regla,Velas e Iluminación,0.08397562968388306,Sin clasificar
84292B,BLUE COL METAL FOLDING CHAIR,5,8,51.8,7.36,22,,[],0,Sin regla,Decoración del Hogar,0.031035585675752042,Sin clasificar
84306,S 3 PINK SQUARE PLANTERS ROSES,31,48,557.48,12.06,22,,[],0,Sin regla,Cocina y Mesa,0.3193794170347594,Cocina y Mesa
84311,CAMOFLAGE CUSHION COVER,1,11,18.15,1.65,21,Textiles del Hogar,['Textiles del Hogar'],1,Textiles del Hogar,Textiles del Hogar,2.549082686003291,Textiles del Hogar
84313A,PINK TV TRAY TABLE,19,38,212.42,6.26,43,,[],0,Sin regla,Cocina y Mesa,0.05368406275439508,Sin clasificar
84313B,BLUE TV TRAY TABLE,83,227,1164.04,6.97,43,,[],0,Sin regla,Cocina y Mesa,0.10272906837869822,Sin clasificar
84313C,ORANGE TV TRAY TABLE,73,548,1442.39,5.15,43,,[],0,Sin regla,Cocina y Mesa,0.08490697433748173,Sin clasificar
84327A,PINK JUMPER LARRY THE LAMB,123,959,1820.27,2.1,22,,[],0,Sin regla,Cocina y Mesa,0.08162277495489312,Sin clasificar
84340,LARGE FIBRE OPTIC CHRISTMAS TREE,11,21,65.76,4.35,0,Navidad,['Navidad'],1,Navidad,Navidad,2.661362520611479,Navidad
84341B,SMALL PINK MAGIC CHRISTMAS TREE,125,1757,922.18,0.89,0,Navidad,['Navidad'],1,Navidad,Navidad,2.0857990249247895,Navidad
84347,ROTATING SILVER ANGELS T LIGHT HLDR,781,31409,71300.4,3.34,22,Velas e Iluminación,['Velas e Iluminación'],1,Velas e Iluminación,Velas e Iluminación,1.8725484218122381,Velas e Iluminación
84352,SILVER CHRISTMAS TREE BAUBLE STAND,126,206,3505.58,17.84,0,Navidad,['Navidad'],1,Navidad,Navidad,3.7304811653575594,Navidad
84356,POMPOM CURTAIN,133,750,3771.04,6.54,22,Textiles del Hogar,['Textiles del Hogar'],1,Textiles del Hogar,Textiles del Hogar,2.5908801839935474,Textiles del Hogar
84358,FLOOR LAMP SHADE WOOD BASE,29,121,1097.48,12.64,22,,[],0,Sin regla,Textiles del Hogar,0.24034547360194725,Textiles del Hogar
84360,TABLE LAMP WHITE SHADE WOOD BASE,41,179,956.89,6.24,19,,[],0,Sin regla,Decoración del Hogar,0.09207145465757421,Sin clasificar
84366,VENDETTA CANVAS PICTURE,3,3,11.25,3.75,13,"Espejos, Relojes y Arte de Pared","['Espejos, Relojes y Arte de Pared']",1,"Espejos, Relojes y Arte de Pared","Espejos, Relojes y Arte de Pared",1.969699631888767,"Espejos, Relojes y Arte de Pared"
84367,LA STREGA CANVAS PICTURE,8,74,126.3,2.17,13,"Espejos, Relojes y Arte de Pared","['Espejos, Relojes y Arte de Pared']",1,"Espejos, Relojes y Arte de Pared","Espejos, Relojes y Arte de Pared",1.9222182426150833,"Espejos, Relojes y Arte de Pared"
84371,BIG PINK POODLE,6,30,257.1,17.38,22,,[],0,Sin regla,Cocina y Mesa,0.355175084871457,Cocina y Mesa
84375,SET OF 20 KIDS COOKIE CUTTERS,803,7575,15753.18,2.51,22,,[],0,Sin regla,Cocina y Mesa,0.3402052666592654,Cocina y Mesa
84378,SET OF 3 HEART COOKIE CUTTERS,1264,11637,15388.44,1.6,39,,[],0,Sin regla,Cocina y Mesa,0.4839293638010659,Cocina y Mesa
84380,SET OF 3 BUTTERFLY COOKIE CUTTERS,1123,10405,14076.34,1.67,22,,[],0,Sin regla,Papelería y Tarjetería,0.00310007825918307,Sin clasificar
84387A,BIRD ON BRANCH CANVAS SCREEN,1,11,21.45,1.95,22,"Espejos, Relojes y Arte de Pared","['Espejos, Relojes y Arte de Pared']",1,"Espejos, Relojes y Arte de Pared","Espejos, Relojes y Arte de Pared",1.8904356046999293,"Espejos, Relojes y Arte de Pared"
84388,WISE MAN STAR SHAPE EGG PAN,23,70,89.04,1.49,8,,[],0,Sin regla,Cocina y Mesa,0.29412144992046674,Cocina y Mesa
84396,6 HOOK JEWELLERY STAND BLACK DRESS,50,552,1380.52,5.77,22,Joyería y Bijouterie,['Joyería y Bijouterie'],1,Joyería y Bijouterie,Joyería y Bijouterie,1.582499140370365,Joyería y Bijouterie
84402B,PURPLE DRESS JEWELLERY STAND,4,62,51.14,1.33,22,Joyería y Bijouterie,['Joyería y Bijouterie'],1,Joyería y Bijouterie,Joyería y Bijouterie,1.9117309107881577,Joyería y Bijouterie
84402D,PINK DRESS JEWELLERY STAND,13,373,358.93,2.29,22,Joyería y Bijouterie,['Joyería y Bijouterie'],1,Joyería y Bijouterie,Joyería y Bijouterie,1.8915540571676062,Joyería y Bijouterie
84405A,S 3 PINK COL METAL BASKET W HANDLE,50,129,1042.16,11.71,22,,[],0,Sin regla,Decoración del Hogar,0.080692683405161,Sin clasificar
84406B,CREAM CUPID HEARTS COAT HANGER,853,7133,23093.95,3.75,22,Cajas y Almacenamiento,['Cajas y Almacenamiento'],1,Cajas y Almacenamiento,Cajas y Almacenamiento,0.23265562809500662,Cajas y Almacenamiento
84414B,FUSCHIA GREEN STRIPE WOOLLY BLANKET,9,78,536.24,13.97,22,Textiles del Hogar,['Textiles del Hogar'],1,Textiles del Hogar,Papelería y Tarjetería,0.04243541941823803,Textiles del Hogar
84415A,PINK FLOCK SUEDE CUSHION COVER,6,27,71.25,2.92,21,Textiles del Hogar,['Textiles del Hogar'],1,Textiles del Hogar,Textiles del Hogar,2.1236367066896924,Textiles del Hogar
84415B,BLUE FLOCK CUSHION COVER,7,24,80.0,3.39,21,Textiles del Hogar,['Textiles del Hogar'],1,Textiles del Hogar,Textiles del Hogar,2.2931402118733044,Textiles del Hogar
84422,PINK BLUE DISC MIRROR STRING,38,782,427.95,1.01,20,"Espejos, Relojes y Arte de Pared","['Espejos, Relojes y Arte de Pared']",1,"Espejos, Relojes y Arte de Pared","Espejos, Relojes y Arte de Pared",2.045176536238423,"Espejos, Relojes y Arte de Pared"
84424A,FOUR PICTURE WHITE GLASS FRAME,10,23,86.25,3.75,13,Marcos y Fotografía,['Marcos y Fotografía'],1,Marcos y Fotografía,Marcos y Fotografía,1.6298734997268869,Marcos y Fotografía
84425A,WHITE GLASS TV TRIPLE FRAME,9,18,76.6,4.26,13,Marcos y Fotografía,['Marcos y Fotografía'],1,Marcos y Fotografía,Marcos y Fotografía,1.9436228909014237,Marcos y Fotografía
84427B,BLACK GLASS TV DOUBLE P FRAME 15X10,5,17,72.25,4.25,13,Marcos y Fotografía,['Marcos y Fotografía'],1,Marcos y Fotografía,Marcos y Fotografía,1.9354279115740898,Marcos y Fotografía
84429A,MEDIUM PINK BUDDHA HEAD,42,109,371.78,4.0,22,,[],0,Sin regla,Cocina y Mesa,0.23900852034065023,Cocina y Mesa
84437A,S 6 PINK EASTER DECS IN BOX,20,106,90.95,0.89,4,Pascua y Fiestas,['Pascua y Fiestas'],1,Pascua y Fiestas,Pascua y Fiestas,2.140177331706408,Pascua y Fiestas
84447,6 RABBIT CHAIN EASTER,19,69,72.42,1.36,22,Pascua y Fiestas,['Pascua y Fiestas'],1,Pascua y Fiestas,Pascua y Fiestas,2.181820439391677,Pascua y Fiestas
84450A,PINK RABBIT SITTING EASTER,5,52,24.18,0.5,22,Pascua y Fiestas,['Pascua y Fiestas'],1,Pascua y Fiestas,Pascua y Fiestas,2.2303624859506006,Pascua y Fiestas
84450B,PINK YELLOW RABBIT SAT EASTER,35,139,84.55,0.72,22,Pascua y Fiestas,['Pascua y Fiestas'],1,Pascua y Fiestas,Pascua y Fiestas,2.1272303920559015,Pascua y Fiestas
84452,METAL RABBIT LADDER EASTER,45,198,186.16,1.17,22,Pascua y Fiestas,['Pascua y Fiestas'],1,Pascua y Fiestas,Pascua y Fiestas,1.9394604938887912,Pascua y Fiestas
84454,WOBBLING METAL CHICKEN EASTER,18,93,85.53,1.08,22,Pascua y Fiestas,['Pascua y Fiestas'],1,Pascua y Fiestas,Pascua y Fiestas,1.9384391419367524,Pascua y Fiestas
84455,SET OF 3 RABBIT CARROTS EASTER,20,85,77.96,1.01,22,Pascua y Fiestas,['Pascua y Fiestas'],1,Pascua y Fiestas,Pascua y Fiestas,1.9789402620005514,Pascua y Fiestas
84456,SET OF 3 RABBIT EGG EASTER,16,37,33.15,0.96,8,Pascua y Fiestas,['Pascua y Fiestas'],1,Pascua y Fiestas,Pascua y Fiestas,2.1632756661540413,Pascua y Fiestas
84457,SET 3 RABBITS FLOWER SKIPPPING ROPE,65,291,278.73,1.15,36,,[],0,Sin regla,Cocina y Mesa,0.13382405702920175,Sin clasificar
84458,S 3 RABBIT FLOWER EGG CARROT ROPE,20,124,105.4,0.85,36,,[],0,Sin regla,Cocina y Mesa,0.05127377837003755,Sin clasificar
84459A,PINK METAL CHICKEN HEART,204,1263,2041.69,2.34,39,,[],0,Sin regla,Decoración del Hogar,0.38176369961848755,Decoración del Hogar
84459B,YELLOW METAL CHICKEN HEART,217,1475,2341.77,2.12,39,,[],0,Sin regla,Decoración del Hogar,0.22563664883413082,Decoración del Hogar
84461,12 PINK HEN CHICKS IN BASKET,40,99,253.79,2.61,12,,[],0,Sin regla,Decoración del Hogar,0.3047294713757752,Decoración del Hogar
84462,3 PINK HEN CHICKS IN BASKET,14,100,114.86,1.33,22,,[],0,Sin regla,Decoración del Hogar,0.44260211919118075,Decoración del Hogar
84464,S 60 PINK FLUFFY CHICKS IN BOX,11,82,179.1,2.5,4,,[],0,Sin regla,Cocina y Mesa,0.06270045205061198,Sin clasificar
84465,15 PINK FLUFFY CHICKS IN BOX,23,32,96.51,3.04,4,,[],0,Sin regla,Cajas y Almacenamiento,0.07496039811232591,Sin clasificar
84466,TOP SECRET PEN SET,73,1256,1348.36,1.64,22,Papelería y Tarjetería,['Papelería y Tarjetería'],1,Papelería y Tarjetería,Papelería y Tarjetería,1.8278479177512201,Papelería y Tarjetería
84467,ENGLISH ROSE DESIGN QUILTED THROW,83,816,17477.66,24.04,22,Textiles del Hogar,['Textiles del Hogar'],1,Textiles del Hogar,Textiles del Hogar,1.8383203512109638,Textiles del Hogar
84469,ROSE DES PADDED FLOOR CUSHION,44,664,2249.41,5.51,22,Textiles del Hogar,['Textiles del Hogar'],1,Textiles del Hogar,Textiles del Hogar,1.8715675483338907,Textiles del Hogar
84472,PINK AND LILAC QUILTED THROW,30,87,3402.32,46.42,22,Textiles del Hogar,['Textiles del Hogar'],1,Textiles del Hogar,Textiles del Hogar,1.9820078504305796,Textiles del Hogar
84482,BUTTONS DESIGN JEWELLERY BOX,33,75,293.02,4.11,4,Joyería y Bijouterie,"['Joyería y Bijouterie', 'Cajas y Almacenamiento']",2,Joyería y Bijouterie,Joyería y Bijouterie,1.9028710426635231,Joyería y Bijouterie
84493,BLUE PINK NEST STRIPE BOX,5,1142,111.12,1.56,4,,[],0,Sin regla,Cajas y Almacenamiento,1.0711894497345043,Cajas y Almacenamiento
84497,BUTTONS AND STRIPES NOTEBOOK,39,97,387.13,4.15,41,Papelería y Tarjetería,['Papelería y Tarjetería'],1,Papelería y Tarjetería,Papelería y Tarjetería,1.8711024335826267,Papelería y Tarjetería
84499,BLACK FLOWER CANDLE PLATE,41,326,272.17,1.24,36,Cocina y Mesa,"['Cocina y Mesa', 'Velas e Iluminación']",2,Cocina y Mesa,Cocina y Mesa,1.5757956165548919,Cocina y Mesa
84507B,STRIPES DESIGN MONKEY DOLL,116,1349,1764.03,2.92,22,,[],0,Sin regla,Papelería y Tarjetería,0.3132521387152618,Papelería y Tarjetería
84507C,BLUE CIRCLES DESIGN MONKEY DOLL,71,433,634.64,2.71,22,,[],0,Sin regla,Cocina y Mesa,0.1334931943674197,Sin clasificar
84508A,CAMOUFLAGE DESIGN TEDDY,109,3809,8091.48,2.51,22,,[],0,Sin regla,Papelería y Tarjetería,0.5210086921691612,Papelería y Tarjetería
84508B,STRIPES DESIGN TEDDY,74,169,453.76,2.82,22,,[],0,Sin regla,Papelería y Tarjetería,0.5643052709462639,Papelería y Tarjetería
84508C,BLUE CIRCLES DESIGN TEDDY,43,103,279.82,2.95,22,,[],0,Sin regla,Papelería y Tarjetería,0.06185640272559334,Sin clasificar
84509A,SET OF 4 ENGLISH ROSE PLACEMATS,479,1636,6742.53,5.02,22,Cocina y Mesa,['Cocina y Mesa'],1,Cocina y Mesa,Cocina y Mesa,1.6905499959384183,Cocina y Mesa
84509B,SET OF 4 FAIRY CAKE PLACEMATS,202,654,2489.97,4.33,32,Cocina y Mesa,['Cocina y Mesa'],1,Cocina y Mesa,Cocina y Mesa,1.9948397049743707,Cocina y Mesa
84509C,SET OF 4 POLKADOT PLACEMATS,140,344,1591.22,5.38,22,Cocina y Mesa,['Cocina y Mesa'],1,Cocina y Mesa,Cocina y Mesa,1.8532533561623046,Cocina y Mesa
84509E,SET OF 4 CAROUSEL PLACEMATS,33,163,338.6,4.24,22,Cocina y Mesa,['Cocina y Mesa'],1,Cocina y Mesa,Cocina y Mesa,1.9275451552840972,Cocina y Mesa
84509F,SET OF 4 NEW ENGLAND PLACEMATS,46,2781,2456.1,3.94,22,Cocina y Mesa,['Cocina y Mesa'],1,Cocina y Mesa,Cocina y Mesa,1.6845982024516588,Cocina y Mesa
84509G,SET OF 4 FAIRY CAKE PLACEMATS,161,804,2060.37,3.82,32,Cocina y Mesa,['Cocina y Mesa'],1,Cocina y Mesa,Cocina y Mesa,1.9948397049743707,Cocina y Mesa
84510A,SET OF 4 ENGLISH ROSE COASTERS,535,2477,3439.84,1.77,22,Cocina y Mesa,['Cocina y Mesa'],1,Cocina y Mesa,Cocina y Mesa,1.5526522751618324,Cocina y Mesa
84510B,SET OF 4 FAIRY CAKES COASTERS,153,1172,1483.2,1.68,19,Cocina y Mesa,['Cocina y Mesa'],1,Cocina y Mesa,Cocina y Mesa,1.6973581995936058,Cocina y Mesa
84510C,SET OF 4 POLKADOT COASTERS,135,330,540.45,1.88,22,Cocina y Mesa,['Cocina y Mesa'],1,Cocina y Mesa,Cocina y Mesa,1.7955219307952404,Cocina y Mesa
84510E,SET OF 4 GREEN CAROUSEL COASTERS,34,162,152.86,1.93,22,Cocina y Mesa,['Cocina y Mesa'],1,Cocina y Mesa,Cocina y Mesa,1.7989107199917482,Cocina y Mesa
84510F,SET OF 4 NEW ENGLAND COASTERS,38,1099,432.75,1.46,22,Cocina y Mesa,['Cocina y Mesa'],1,Cocina y Mesa,Cocina y Mesa,1.5553527102380853,Cocina y Mesa
84519A,TOMATO CHARLIE LOLA COASTER SET,203,1200,2788.45,2.97,22,Cocina y Mesa,['Cocina y Mesa'],1,Cocina y Mesa,Cocina y Mesa,1.797735337877846,Cocina y Mesa
84519B,CARROT CHARLIE LOLA COASTER SET,215,867,1895.37,2.9,22,Cocina y Mesa,['Cocina y Mesa'],1,Cocina y Mesa,Cocina y Mesa,1.6756194252118215,Cocina y Mesa
84520B,PACK 20 ENGLISH ROSE PAPER NAPKINS,743,7500,6579.02,1.05,22,Cocina y Mesa,['Cocina y Mesa'],1,Cocina y Mesa,Cocina y Mesa,1.7616550972132183,Cocina y Mesa
84520D,PACK OF 20 FAIRY CAKE PAPER NAPKINS,94,699,639.47,1.14,32,Cocina y Mesa,['Cocina y Mesa'],1,Cocina y Mesa,Cocina y Mesa,1.9632669301956664,Cocina y Mesa
84522,PINK PARTY SUNGLASSES,26,186,311.86,1.86,22,,[],0,Sin regla,Pascua y Fiestas,1.0796040490887715,Pascua y Fiestas
84526,GIANT BLACK SUNGLASSES,34,538,1503.64,2.11,22,,[],0,Sin regla,Cocina y Mesa,0.327221476073159,Cocina y Mesa
84527,FLAMES SUNGLASSES PINK LENSES,23,77,146.11,2.12,22,,[],0,Sin regla,Cocina y Mesa,0.2904803694934909,Cocina y Mesa
84529A,PINK KNITTED KIDS RUCKSACK,19,50,290.78,6.56,22,Bolsos y Carteras,['Bolsos y Carteras'],1,Bolsos y Carteras,Bolsos y Carteras,1.841338135963342,Bolsos y Carteras
84529B,BLUE KNITTED KID S RUCKSACK,5,13,62.35,5.23,22,Bolsos y Carteras,['Bolsos y Carteras'],1,Bolsos y Carteras,Bolsos y Carteras,1.0258050012781117,Bolsos y Carteras
84529C,YELLOW KNITTED KIDS RUCKSACK,37,78,414.74,5.03,22,Bolsos y Carteras,['Bolsos y Carteras'],1,Bolsos y Carteras,Bolsos y Carteras,1.7769531015379885,Bolsos y Carteras
84531A,PINK KNITTED EGG COSY,47,191,169.36,1.29,8,,[],0,Sin regla,Bolsos y Carteras,0.07502739739404385,Sin clasificar
84531B,BLUE KNITTED EGG COSY,42,194,164.01,1.17,8,,[],0,Sin regla,Bolsos y Carteras,0.03489909101887945,Sin clasificar
84532B,FAIRY CAKES RECTANGLUAR BOXES,31,54,417.58,7.5,19,,[],0,Sin regla,Cajas y Almacenamiento,0.6780514059353148,Cajas y Almacenamiento
84533B,FAIRY CAKES ROUND NESTING BOXES,24,59,377.93,7.1,19,Cajas y Almacenamiento,['Cajas y Almacenamiento'],1,Cajas y Almacenamiento,Cajas y Almacenamiento,1.94837522513782,Cajas y Almacenamiento
84534B,FAIRY CAKE NOTEBOOK A5 SIZE,191,823,783.01,1.21,32,Papelería y Tarjetería,['Papelería y Tarjetería'],1,Papelería y Tarjetería,Papelería y Tarjetería,1.9339092559984834,Papelería y Tarjetería
84535A,ENGLISH ROSE NOTEBOOK A6 SIZE,65,607,346.93,0.85,41,Papelería y Tarjetería,['Papelería y Tarjetería'],1,Papelería y Tarjetería,Papelería y Tarjetería,1.882068659376902,Papelería y Tarjetería
84535B,FAIRY CAKES NOTEBOOK A6 SIZE,333,2686,1747.76,0.85,19,Papelería y Tarjetería,['Papelería y Tarjetería'],1,Papelería y Tarjetería,Papelería y Tarjetería,1.938287457217361,Papelería y Tarjetería
84536A,ENGLISH ROSE NOTEBOOK A7 SIZE,637,5102,2309.7,0.54,41,Papelería y Tarjetería,['Papelería y Tarjetería'],1,Papelería y Tarjetería,Papelería y Tarjetería,1.8820671109196387,Papelería y Tarjetería
84536B,FAIRY CAKES NOTEBOOK A7 SIZE,407,3512,1567.97,0.58,19,Papelería y Tarjetería,['Papelería y Tarjetería'],1,Papelería y Tarjetería,Papelería y Tarjetería,1.9382867580021657,Papelería y Tarjetería
84537B,FAIRY CAKES GIFT BAG,11,117,49.14,0.42,19,Bolsos y Carteras,['Bolsos y Carteras'],1,Bolsos y Carteras,Bolsos y Carteras,1.879883965007371,Bolsos y Carteras
84539,KNITTED RABBIT DOLL,12,55,90.75,1.65,22,,[],0,Sin regla,Papelería y Tarjetería,0.19993950473479627,Sin clasificar
84546,CROCHET POODLE KEYRING,3,21,34.65,1.65,22,Joyería y Bijouterie,['Joyería y Bijouterie'],1,Joyería y Bijouterie,Joyería y Bijouterie,1.9325836745549079,Joyería y Bijouterie
84548,CROCHET BEAR RED BLUE KEYRING,14,48,79.2,1.65,22,Joyería y Bijouterie,['Joyería y Bijouterie'],1,Joyería y Bijouterie,Joyería y Bijouterie,2.0182321935904497,Joyería y Bijouterie
84549,CROCHET WHITE RABBIT KEYRING,16,75,137.27,2.37,22,Joyería y Bijouterie,['Joyería y Bijouterie'],1,Joyería y Bijouterie,Joyería y Bijouterie,1.8779007125679539,Joyería y Bijouterie
84550,CROCHET LILAC RED BEAR KEYRING,5,15,24.75,1.65,22,Joyería y Bijouterie,['Joyería y Bijouterie'],1,Joyería y Bijouterie,Joyería y Bijouterie,1.8852215808230715,Joyería y Bijouterie
84551,CROCHET DOG KEYRING,8,39,64.35,1.65,22,Joyería y Bijouterie,['Joyería y Bijouterie'],1,Joyería y Bijouterie,Joyería y Bijouterie,2.0275901602185353,Joyería y Bijouterie
84555A,YELLOW VW BEETLE CERAMIC MONEY BOX,17,47,133.85,2.93,4,Cajas y Almacenamiento,['Cajas y Almacenamiento'],1,Cajas y Almacenamiento,Cajas y Almacenamiento,1.9806376359617688,Cajas y Almacenamiento
84558A,3D DOG PICTURE PLAYING CARDS,223,1280,3753.28,3.37,13,Papelería y Tarjetería,['Papelería y Tarjetería'],1,Papelería y Tarjetería,Papelería y Tarjetería,1.7344827444980153,Papelería y Tarjetería
84559A,3D SHEET OF DOG STICKERS,271,1378,1285.87,1.16,13,Papelería y Tarjetería,['Papelería y Tarjetería'],1,Papelería y Tarjetería,Papelería y Tarjetería,2.088704044713757,Papelería y Tarjetería
84559B,3D SHEET OF CAT STICKERS,222,1231,1119.09,1.1,13,Papelería y Tarjetería,['Papelería y Tarjetería'],1,Papelería y Tarjetería,Papelería y Tarjetería,2.022396249772968,Papelería y Tarjetería
84559D,3D SHEET OF SEA WORLD STICKERS,32,149,130.09,0.93,13,Papelería y Tarjetería,['Papelería y Tarjetería'],1,Papelería y Tarjetería,Papelería y Tarjetería,1.9915689838338348,Papelería y Tarjetería
84562A,PINK WHITE RIBBED MELAMINE JUG,79,169,1378.26,9.36,22,Cocina y Mesa,['Cocina y Mesa'],1,Cocina y Mesa,Cocina y Mesa,1.7870080918487554,Cocina y Mesa
84562B,BLUE WHITE RIBBED MELAMINE JUG,7,10,106.59,10.53,22,Cocina y Mesa,['Cocina y Mesa'],1,Cocina y Mesa,Cocina y Mesa,1.7912279372786322,Cocina y Mesa
84563A,PINK WHITE BREAKFAST TRAY,62,139,685.15,6.02,43,,[],0,Sin regla,Cocina y Mesa,0.690315906452613,Cocina y Mesa
84563B,BLUE WHITE BREAKFAST TRAY,59,128,590.04,5.21,43,,[],0,Sin regla,Cocina y Mesa,0.6173817844142417,Cocina y Mesa
84564,6 SEGMENT COLOURED SNACK BOWL,11,21,175.48,8.73,44,Cocina y Mesa,['Cocina y Mesa'],1,Cocina y Mesa,Cocina y Mesa,1.6916987950931088,Cocina y Mesa
84567,FROSTED GLASS WITH SILVER SURROUND,1,9,14.85,1.65,22,,[],0,Sin regla,Cocina y Mesa,0.12891844427592059,Sin clasificar
84568,GIRLS ALPHABET IRON ON PATCHES,310,37066,7788.67,0.37,22,,[],0,Sin regla,Cocina y Mesa,0.01571554876969755,Sin clasificar
84569A,PACK 3 IRON ON DOG PATCHES,114,562,702.42,1.36,22,,[],0,Sin regla,Cocina y Mesa,0.29290397135285146,Cocina y Mesa
84569B,PACK 3 FIRE ENGINE CAR PATCHES,76,433,557.18,1.43,22,,[],0,Sin regla,Papelería y Tarjetería,0.07483723337798043,Sin clasificar
84569C,PACK 4 FLOWER BUTTERFLY PATCHES,89,415,584.93,1.79,36,,[],0,Sin regla,Cocina y Mesa,0.018024792298684145,Sin clasificar
84569D,PACK 6 HEART ICE CREAM PATCHES,181,1023,1287.54,1.45,39,,[],0,Sin regla,Cocina y Mesa,0.009190708606867326,Sin clasificar
84570B,WHITE SATIN DRESS JEWEL STAND,2,4,19.8,4.95,22,,[],0,Sin regla,Joyería y Bijouterie,0.044413335446069624,Sin clasificar
84572,6 HOOK JEWEL STAND LILAC DRESS,1,1,8.49,8.49,22,,[],0,Sin regla,Joyería y Bijouterie,0.14579788987105735,Sin clasificar
84575A,PINK DOG CANNISTER,13,24,98.8,5.33,22,,[],0,Sin regla,Pascua y Fiestas,0.04554988619155609,Sin clasificar
84575B,BROWN DOG CANNISTER W BONE,3,4,23.8,5.95,22,,[],0,Sin regla,Cocina y Mesa,0.09072443094309168,Sin clasificar
84576,BLUE CAT BISCUIT BARREL PINK HEART,32,96,337.04,4.89,39,,[],0,Sin regla,Cocina y Mesa,0.7421668434947513,Cocina y Mesa
84578,ELEPHANT TOY WITH BLUE T SHIRT,114,222,854.91,3.87,22,,[],0,Sin regla,Cocina y Mesa,0.12422916292425401,Sin clasificar
84580,MOUSE TOY WITH PINK T SHIRT,449,1057,4051.94,3.88,22,,[],0,Sin regla,Cocina y Mesa,0.00965927618084872,Sin clasificar
84581,DOG TOY WITH PINK CROCHET SKIRT,236,506,1920.02,3.85,22,,[],0,Sin regla,Papelería y Tarjetería,0.01273389196882424,Sin clasificar
84582,PINK CROCHET CAT WITH SCARF,11,14,59.5,4.25,22,,[],0,Sin regla,Joyería y Bijouterie,0.018258563350507684,Sin clasificar
84584,PINK GINGHAM CAT WITH SCARF,75,282,696.75,2.82,22,,[],0,Sin regla,Papelería y Tarjetería,0.3327569751689035,Papelería y Tarjetería
84586L,PINK ROSES GINGHAM PATCH RABBIT 8,9,15,44.25,2.95,22,,[],0,Sin regla,Papelería y Tarjetería,0.12113247245609526,Sin clasificar
84592,CROCHET ROSE PURSE WITH SUEDE BACK,47,173,536.4,3.44,22,Bolsos y Carteras,['Bolsos y Carteras'],1,Bolsos y Carteras,Bolsos y Carteras,1.9473189206944093,Bolsos y Carteras
84593,CROCHET ROSE DES CLOTHES HANGER,8,25,73.75,2.95,22,,[],0,Sin regla,"Espejos, Relojes y Arte de Pared",0.01237449281540004,Sin clasificar
84595B,LARGE TRIFLE DESIGN L BLUE BOWL,16,230,408.9,3.09,44,Cocina y Mesa,['Cocina y Mesa'],1,Cocina y Mesa,Cocina y Mesa,2.3524621771403385,Cocina y Mesa
84595E,LARGE TORTILLA DESIGN RED BOWL,43,367,723.57,3.28,44,Cocina y Mesa,['Cocina y Mesa'],1,Cocina y Mesa,Cocina y Mesa,2.319796499764971,Cocina y Mesa
84596B,SMALL DOLLY MIX DESIGN ORANGE BOWL,740,6231,4099.77,0.87,44,Cocina y Mesa,['Cocina y Mesa'],1,Cocina y Mesa,Cocina y Mesa,2.035187536623617,Cocina y Mesa
84596E,SMALL LICORICE DES PINK BOWL,220,1154,1205.61,1.34,44,Cocina y Mesa,['Cocina y Mesa'],1,Cocina y Mesa,Cocina y Mesa,1.984240910904081,Cocina y Mesa
84596F,SMALL MARSHMALLOWS PINK BOWL,623,4739,3243.32,0.89,44,Cocina y Mesa,['Cocina y Mesa'],1,Cocina y Mesa,Cocina y Mesa,1.9404811765829093,Cocina y Mesa
84596G,SMALL CHOCOLATES PINK BOWL,354,2231,1453.16,0.87,44,Cocina y Mesa,['Cocina y Mesa'],1,Cocina y Mesa,Cocina y Mesa,2.2085196912575635,Cocina y Mesa
84596I,WRAP SWEETS LIGHT PINK SMALL BOWL,11,72,80.62,1.35,44,Cocina y Mesa,"['Cocina y Mesa', 'Papelería y Tarjetería', 'Velas e Iluminación']",3,Cocina y Mesa,Cocina y Mesa,1.446455040490739,Cocina y Mesa
84596J,MIXED NUTS LIGHT GREEN BOWL,140,812,626.76,1.2,44,Cocina y Mesa,"['Cocina y Mesa', 'Velas e Iluminación']",2,Cocina y Mesa,Cocina y Mesa,1.7800785680424362,Cocina y Mesa
84596K,JELLY BABIES YELLOW SMALL BOWL,93,428,543.41,1.43,44,Cocina y Mesa,['Cocina y Mesa'],1,Cocina y Mesa,Cocina y Mesa,2.012701066005202,Cocina y Mesa
84596L,BISCUITS SMALL BOWL LIGHT BLUE,256,1537,1016.42,0.97,44,Cocina y Mesa,"['Cocina y Mesa', 'Velas e Iluminación']",2,Cocina y Mesa,Cocina y Mesa,1.9046434124418794,Cocina y Mesa
84597B,RETRO BROWN BALL ASHTRAY,27,205,259.37,1.61,22,,[],0,Sin regla,Cocina y Mesa,0.29384647938425423,Cocina y Mesa
84597C,RETRO PINK BALL ASHTRAY,44,364,450.98,1.46,22,,[],0,Sin regla,Cocina y Mesa,0.31413086695969444,Cocina y Mesa
84598,BOYS ALPHABET IRON ON PATCHES,217,20775,4350.14,0.37,22,,[],0,Sin regla,Cocina y Mesa,0.032688515040277866,Sin clasificar
84599,CANDY STRIPE ROSE FLOOR CUSHION,6,15,160.15,12.04,22,Textiles del Hogar,['Textiles del Hogar'],1,Textiles del Hogar,Textiles del Hogar,2.281795603084809,Textiles del Hogar
84600,NEW BAROQUE JEWELLERY BOX,52,108,918.27,9.62,4,Joyería y Bijouterie,"['Joyería y Bijouterie', 'Cajas y Almacenamiento']",2,Joyería y Bijouterie,Joyería y Bijouterie,2.084904480054937,Joyería y Bijouterie
84601A,NEW BAROQUE IVORY CUSHION COVER,15,260,638.34,3.67,21,Textiles del Hogar,['Textiles del Hogar'],1,Textiles del Hogar,Textiles del Hogar,1.933575910331296,Textiles del Hogar
84608,ORNATE EDWARDIAN CANDLE HOLDER,4,6,47.7,7.95,35,Velas e Iluminación,['Velas e Iluminación'],1,Velas e Iluminación,Velas e Iluminación,1.832542990726099,Velas e Iluminación
84609,TALL ROCOCO CANDLE HOLDER,38,143,1289.24,10.89,35,Velas e Iluminación,['Velas e Iluminación'],1,Velas e Iluminación,Velas e Iluminación,1.9948994328990926,Velas e Iluminación
84611B,BLACK NEW BAROQUE FLOCK BOX,4,7,41.65,5.95,4,,[],0,Sin regla,Cajas y Almacenamiento,0.24175766589619496,Cajas y Almacenamiento
84612B,SET 4 BLACK BAROQUE FLOCK COASTER,4,20,51.0,2.55,22,Cocina y Mesa,['Cocina y Mesa'],1,Cocina y Mesa,Cocina y Mesa,1.7448381808631435,Cocina y Mesa
84613A,PINK NEW BAROQUE FLOCK CANDLESTICK,10,22,102.3,4.65,22,Velas e Iluminación,['Velas e Iluminación'],1,Velas e Iluminación,Velas e Iluminación,1.8514521357659612,Velas e Iluminación
84613C,BLUE NEW BAROQUE FLOCK CANDLESTICK,12,62,258.06,4.58,22,Velas e Iluminación,['Velas e Iluminación'],1,Velas e Iluminación,Velas e Iluminación,1.8434966228802305,Velas e Iluminación
84614A,PINK BAROQUE FLOCK CANDLE HOLDER,10,17,124.83,7.73,35,Velas e Iluminación,['Velas e Iluminación'],1,Velas e Iluminación,Velas e Iluminación,1.9793246416552854,Velas e Iluminación
84614C,BLUE BAROQUE FLOCK CANDLE HOLDER,1,3,17.85,5.95,35,Velas e Iluminación,['Velas e Iluminación'],1,Velas e Iluminación,Velas e Iluminación,1.9923491732652772,Velas e Iluminación
84615,PINK ROUND BUTTERFLY MIRROR,21,240,748.48,5.61,20,"Espejos, Relojes y Arte de Pared","['Espejos, Relojes y Arte de Pared']",1,"Espejos, Relojes y Arte de Pared","Espejos, Relojes y Arte de Pared",2.1025421748763127,"Espejos, Relojes y Arte de Pared"
84616,SILVER ROCCOCO CHANDELIER,25,72,1472.62,27.73,22,,[],0,Sin regla,Velas e Iluminación,0.20280840694257674,Velas e Iluminación
84617,NEW BAROQUE BLACK BOXES,7,11,140.25,12.75,22,,[],0,Sin regla,Cajas y Almacenamiento,0.442633397988787,Cajas y Almacenamiento
84619,BLUE GINGHAM ROSE QUILT,29,72,1622.96,35.91,22,Textiles del Hogar,['Textiles del Hogar'],1,Textiles del Hogar,Textiles del Hogar,1.5423667346690735,Textiles del Hogar
84620,BLUE GINGHAM ROSE CUSHION COVER,50,121,746.61,6.54,21,Textiles del Hogar,['Textiles del Hogar'],1,Textiles del Hogar,Textiles del Hogar,2.0062868276882915,Textiles del Hogar
84621,BLUE GINGHAM ROSE FLOOR CUSHION,15,29,247.26,9.06,22,Textiles del Hogar,['Textiles del Hogar'],1,Textiles del Hogar,Textiles del Hogar,2.0706678345237046,Textiles del Hogar
84622,PINK GINGHAM ROSE CUSHION COVER,9,23,152.6,7.7,21,Textiles del Hogar,['Textiles del Hogar'],1,Textiles del Hogar,Textiles del Hogar,2.0014782569805054,Textiles del Hogar
84623,PINK GINGHAM ROSE FLOOR CUSHION,14,56,310.44,8.07,22,Textiles del Hogar,['Textiles del Hogar'],1,Textiles del Hogar,Textiles del Hogar,2.0632926087743426,Textiles del Hogar
84625A,PINK NEW BAROQUECANDLESTICK CANDLE,81,838,1193.0,2.84,35,Velas e Iluminación,['Velas e Iluminación'],1,Velas e Iluminación,Velas e Iluminación,2.597528681536395,Velas e Iluminación
84625B,BLCK NEW BAROQUE CANDLESTICK CANDLE,17,180,279.0,2.33,35,Velas e Iluminación,['Velas e Iluminación'],1,Velas e Iluminación,Velas e Iluminación,2.7465559064608582,Velas e Iluminación
84625C,BLUE NEW BAROQUE CANDLESTICK CANDLE,71,770,1024.15,2.66,35,Velas e Iluminación,['Velas e Iluminación'],1,Velas e Iluminación,Velas e Iluminación,2.646258823597643,Velas e Iluminación
84625D,WHITE NEWBAROQUE CANDLESTICK CANDLE,52,650,793.34,2.33,35,Velas e Iluminación,['Velas e Iluminación'],1,Velas e Iluminación,Velas e Iluminación,2.8129449498842805,Velas e Iluminación
84626,CANDY STRIPE ROSE QUILT,1,1,45.95,45.95,22,Textiles del Hogar,['Textiles del Hogar'],1,Textiles del Hogar,Textiles del Hogar,1.8940089829437445,Textiles del Hogar
84627,CANDY STRIPE ROSE C COVER,20,50,297.5,5.95,22,,[],0,Sin regla,Textiles del Hogar,0.4666165692189749,Textiles del Hogar
84629,WHITE 3 FRAME BIRDS AND TREE,13,24,237.8,12.8,13,Marcos y Fotografía,['Marcos y Fotografía'],1,Marcos y Fotografía,Marcos y Fotografía,1.9263478095389677,Marcos y Fotografía
84630,FLOWERS AND BIRDS WALL PLAQUE,1,2,15.9,7.95,22,Carteles y Señalética,['Carteles y Señalética'],1,Carteles y Señalética,Carteles y Señalética,1.9212281085259955,Carteles y Señalética
84631,FRUIT TREE AND BIRDS WALL PLAQUE,50,288,1106.16,9.52,22,Carteles y Señalética,['Carteles y Señalética'],1,Carteles y Señalética,Carteles y Señalética,1.929656229822724,Carteles y Señalética
84632,DECORATIVE HANGING SHELVING UNIT,11,15,859.25,59.04,22,,[],0,Sin regla,Decoración del Hogar,0.4064278816273055,Decoración del Hogar
84637,KITCHEN FLOWER POTS WALL PLAQUE,114,585,1454.49,5.8,27,Carteles y Señalética,['Carteles y Señalética'],1,Carteles y Señalética,Carteles y Señalética,2.002489766701099,Carteles y Señalética
84638,SMALL KITCHEN FLOWER POTS PLAQUE,69,400,1101.55,7.5,27,Carteles y Señalética,['Carteles y Señalética'],1,Carteles y Señalética,Carteles y Señalética,1.808323863685495,Carteles y Señalética
84648,NEW BAROQUE WALL MIRROR,1,1,12.75,12.75,20,"Espejos, Relojes y Arte de Pared","['Espejos, Relojes y Arte de Pared']",1,"Espejos, Relojes y Arte de Pared","Espejos, Relojes y Arte de Pared",2.5671672522021654,"Espejos, Relojes y Arte de Pared"
84653,GREEN ROSE QUILT,12,14,750.48,54.88,22,Textiles del Hogar,['Textiles del Hogar'],1,Textiles del Hogar,Textiles del Hogar,1.9569372508698444,Textiles del Hogar
84656,WHITE ROSE C COVER,13,22,130.9,5.95,22,,[],0,Sin regla,Textiles del Hogar,0.15468033018318328,Sin clasificar
84657,GREEN ROSE CUSHION COVER,20,246,517.48,4.5,21,Textiles del Hogar,['Textiles del Hogar'],1,Textiles del Hogar,Textiles del Hogar,2.370895333707796,Textiles del Hogar
84658,WHITE STITCHED CUSHION COVER,65,214,1199.66,6.97,21,Textiles del Hogar,['Textiles del Hogar'],1,Textiles del Hogar,Textiles del Hogar,1.9916089867523419,Textiles del Hogar
84659A,WHITE TRAVEL ALARM CLOCK,225,588,1469.51,2.56,16,"Espejos, Relojes y Arte de Pared","['Espejos, Relojes y Arte de Pared']",1,"Espejos, Relojes y Arte de Pared","Espejos, Relojes y Arte de Pared",1.9064163889611239,"Espejos, Relojes y Arte de Pared"
84660A,WHITE STITCHED WALL CLOCK,56,867,907.96,2.69,16,"Espejos, Relojes y Arte de Pared","['Espejos, Relojes y Arte de Pared']",1,"Espejos, Relojes y Arte de Pared","Espejos, Relojes y Arte de Pared",1.9915453628123316,"Espejos, Relojes y Arte de Pared"
84660B,BLACK STITCHED WALL CLOCK,67,752,952.66,3.47,16,"Espejos, Relojes y Arte de Pared","['Espejos, Relojes y Arte de Pared']",1,"Espejos, Relojes y Arte de Pared","Espejos, Relojes y Arte de Pared",2.102376501609582,"Espejos, Relojes y Arte de Pared"
84660C,PINK STITCHED WALL CLOCK,113,756,1221.96,4.61,16,"Espejos, Relojes y Arte de Pared","['Espejos, Relojes y Arte de Pared']",1,"Espejos, Relojes y Arte de Pared","Espejos, Relojes y Arte de Pared",2.154629219246482,"Espejos, Relojes y Arte de Pared"
84661A,WHITE SQUARE TABLE CLOCK,45,224,319.01,3.02,19,"Espejos, Relojes y Arte de Pared","['Espejos, Relojes y Arte de Pared']",1,"Espejos, Relojes y Arte de Pared","Espejos, Relojes y Arte de Pared",1.9663012603679242,"Espejos, Relojes y Arte de Pared"
84661B,BLACK SQUARE TABLE CLOCK,52,244,535.18,3.27,19,"Espejos, Relojes y Arte de Pared","['Espejos, Relojes y Arte de Pared']",1,"Espejos, Relojes y Arte de Pared","Espejos, Relojes y Arte de Pared",1.945569141392221,"Espejos, Relojes y Arte de Pared"
84661C,PINK SQUARE TABLE CLOCK,27,152,189.87,3.01,19,"Espejos, Relojes y Arte de Pared","['Espejos, Relojes y Arte de Pared']",1,"Espejos, Relojes y Arte de Pared","Espejos, Relojes y Arte de Pared",2.001326209442884,"Espejos, Relojes y Arte de Pared"
84663A,GRASS HOPPER WOODEN WALL CLOCK,64,373,746.39,4.42,16,"Espejos, Relojes y Arte de Pared","['Espejos, Relojes y Arte de Pared']",1,"Espejos, Relojes y Arte de Pared","Espejos, Relojes y Arte de Pared",2.1632571890066528,"Espejos, Relojes y Arte de Pared"
84664,CHERRY BLOSSOM BATHROOM CABINET,51,193,955.35,4.95,22,Cajas y Almacenamiento,['Cajas y Almacenamiento'],1,Cajas y Almacenamiento,Cajas y Almacenamiento,1.8841356393191298,Cajas y Almacenamiento
84665,SQUARE CHERRY BLOSSOM CABINET,47,226,1364.7,6.38,22,Cajas y Almacenamiento,['Cajas y Almacenamiento'],1,Cajas y Almacenamiento,Cajas y Almacenamiento,1.939202204103228,Cajas y Almacenamiento
84666,SQUARE CHERRY BLOSSOM CABINET,33,226,892.7,3.95,22,Cajas y Almacenamiento,['Cajas y Almacenamiento'],1,Cajas y Almacenamiento,Cajas y Almacenamiento,1.939202204103228,Cajas y Almacenamiento
84670,JAPANESE CROCHETED ANIMAL,189,5196,2128.72,0.5,22,,[],0,Sin regla,Cocina y Mesa,0.027723589741174726,Sin clasificar
84671B,CROCHET BEAR WITH BLUE STRIPES,33,109,306.77,3.19,22,,[],0,Sin regla,Joyería y Bijouterie,0.14415775879852966,Sin clasificar
84673A,PINK FLY SWAT,101,500,314.84,0.74,22,,[],0,Sin regla,Cocina y Mesa,0.20084189103309114,Cocina y Mesa
84673B,BLUE FLY SWAT,134,503,391.31,0.92,22,,[],0,Sin regla,Cocina y Mesa,0.17600507698522128,Sin clasificar
84674,FLYING PIG WATERING CAN,107,460,1175.93,3.21,22,Jardín y Exterior,['Jardín y Exterior'],1,Jardín y Exterior,Jardín y Exterior,1.8842655691894046,Jardín y Exterior
84675,FROG KING WATERING CAN,62,206,571.71,3.7,22,Jardín y Exterior,['Jardín y Exterior'],1,Jardín y Exterior,Jardín y Exterior,1.921914906705023,Jardín y Exterior
84676,BATH DUCK WATERING CAN,110,848,2102.46,3.14,22,Jardín y Exterior,['Jardín y Exterior'],1,Jardín y Exterior,Jardín y Exterior,2.0041466490886917,Jardín y Exterior
84678,CLASSICAL ROSE SMALL VASE,84,565,1108.28,2.89,22,,[],0,Sin regla,Velas e Iluminación,0.26978590669097646,Velas e Iluminación
84679,CLASSICAL ROSE TABLE LAMP,4,14,103.3,8.95,19,,[],0,Sin regla,Velas e Iluminación,0.1252027444522149,Sin clasificar
84680,CLASSICAL ROSE URN,17,94,372.3,7.07,22,,[],0,Sin regla,Velas e Iluminación,0.3814678982355332,Velas e Iluminación
84682,CLASSICAL ROSE DISH,51,295,596.94,3.33,34,,[],0,Sin regla,Velas e Iluminación,0.468781377795755,Velas e Iluminación
84683,CLASSICAL ROSE CANDLESTAND,49,537,516.85,1.64,22,Velas e Iluminación,['Velas e Iluminación'],1,Velas e Iluminación,Velas e Iluminación,1.5897904851476208,Velas e Iluminación
84684,BEACH HUT PHOTO FRAME,40,609,720.7,3.29,33,Marcos y Fotografía,['Marcos y Fotografía'],1,Marcos y Fotografía,Marcos y Fotografía,2.311050869874457,Marcos y Fotografía
84685,BEACH HUT KEY CABINET,125,435,1366.17,5.73,22,Cajas y Almacenamiento,['Cajas y Almacenamiento'],1,Cajas y Almacenamiento,Cajas y Almacenamiento,2.075117295294711,Cajas y Almacenamiento
84686,BEACH HUT MIRROR,76,389,1027.79,5.96,20,"Espejos, Relojes y Arte de Pared","['Espejos, Relojes y Arte de Pared']",1,"Espejos, Relojes y Arte de Pared","Espejos, Relojes y Arte de Pared",2.0017216311967196,"Espejos, Relojes y Arte de Pared"
84687,BEACH HUT SHELF W 3 DRAWERS,73,314,1208.06,6.92,22,,[],0,Sin regla,Cajas y Almacenamiento,0.6187009717388756,Cajas y Almacenamiento
84688,BEACH HUT DESIGN BLACKBOARD,81,422,1313.52,5.84,22,Decoración del Hogar,['Decoración del Hogar'],1,Decoración del Hogar,Decoración del Hogar,1.8779803297517224,Decoración del Hogar
84689,S 2 BEACH HUT TREASURE CHESTS,40,312,742.9,5.3,22,Cajas y Almacenamiento,['Cajas y Almacenamiento'],1,Cajas y Almacenamiento,Cajas y Almacenamiento,1.8443746580640257,Cajas y Almacenamiento
84690,S 2 BEACH HUT STOOLS,14,27,214.65,7.95,22,,[],0,Sin regla,Cajas y Almacenamiento,0.24310949765353307,Cajas y Almacenamiento
84691,PACK 20 DOLLY PEGS,236,2747,2225.5,1.03,22,,[],0,Sin regla,Cocina y Mesa,0.25358456945073105,Cocina y Mesa
84692,BOX OF 24 COCKTAIL PARASOLS,1140,19085,9336.68,0.63,4,Jardín y Exterior,['Jardín y Exterior'],1,Jardín y Exterior,Jardín y Exterior,1.7980645258711923,Jardín y Exterior
84705A,ENGLISH ROSE PHOTO FRAME,7,14,65.1,4.65,33,Marcos y Fotografía,['Marcos y Fotografía'],1,Marcos y Fotografía,Marcos y Fotografía,2.3855158521541258,Marcos y Fotografía
84705B,FAIRY CAKES PHOTO FRAME,5,86,120.13,3.78,33,Marcos y Fotografía,['Marcos y Fotografía'],1,Marcos y Fotografía,Marcos y Fotografía,2.6122006664393966,Marcos y Fotografía
84705C,PINK FLOCK PHOTO FRAME,8,162,227.33,3.93,33,Marcos y Fotografía,['Marcos y Fotografía'],1,Marcos y Fotografía,Marcos y Fotografía,2.857767457198744,Marcos y Fotografía
84705D,CHERRY BLOSSOM PHOTO FRAME,15,22,97.9,4.39,33,Marcos y Fotografía,['Marcos y Fotografía'],1,Marcos y Fotografía,Marcos y Fotografía,2.248289162452356,Marcos y Fotografía
84705F,RED PEONY PHOTO FRAME,5,8,37.2,4.65,33,Marcos y Fotografía,['Marcos y Fotografía'],1,Marcos y Fotografía,Marcos y Fotografía,2.5410666000124484,Marcos y Fotografía
84706A,ENGLISH ROSE TABLE CLOCK,7,137,325.88,7.34,19,"Espejos, Relojes y Arte de Pared","['Espejos, Relojes y Arte de Pared']",1,"Espejos, Relojes y Arte de Pared","Espejos, Relojes y Arte de Pared",1.8161308643752978,"Espejos, Relojes y Arte de Pared"
84706B,FAIRY CAKES TABLE CLOCK,9,20,188.73,10.03,19,"Espejos, Relojes y Arte de Pared","['Espejos, Relojes y Arte de Pared']",1,"Espejos, Relojes y Arte de Pared","Espejos, Relojes y Arte de Pared",1.7619460257267252,"Espejos, Relojes y Arte de Pared"
84706C,PINK FLOCK TABLE CLOCK,4,84,170.8,3.7,19,"Espejos, Relojes y Arte de Pared","['Espejos, Relojes y Arte de Pared']",1,"Espejos, Relojes y Arte de Pared","Espejos, Relojes y Arte de Pared",2.027512899655205,"Espejos, Relojes y Arte de Pared"
84706D,CHERRY BLOSSOM TABLE CLOCK,16,219,500.19,4.77,19,"Espejos, Relojes y Arte de Pared","['Espejos, Relojes y Arte de Pared']",1,"Espejos, Relojes y Arte de Pared","Espejos, Relojes y Arte de Pared",1.8613118092092926,"Espejos, Relojes y Arte de Pared"
84706F,RED PEONY TABLE CLOCK,18,34,208.3,5.62,19,"Espejos, Relojes y Arte de Pared","['Espejos, Relojes y Arte de Pared']",1,"Espejos, Relojes y Arte de Pared","Espejos, Relojes y Arte de Pared",1.9071988250464937,"Espejos, Relojes y Arte de Pared"
84707A,SILVER JEWELLED MIRROR TRINKET TRAY,64,125,1045.88,10.49,43,"Espejos, Relojes y Arte de Pared","['Espejos, Relojes y Arte de Pared']",1,"Espejos, Relojes y Arte de Pared","Espejos, Relojes y Arte de Pared",1.9091539951974719,"Espejos, Relojes y Arte de Pared"
84707B,PINK JEWELLED MIRROR TRINKET TRAY,51,79,618.52,8.63,43,"Espejos, Relojes y Arte de Pared","['Espejos, Relojes y Arte de Pared']",1,"Espejos, Relojes y Arte de Pared","Espejos, Relojes y Arte de Pared",1.9366408114367917,"Espejos, Relojes y Arte de Pared"
84708B,PINK JEWELLED PHOTO FRAME,54,142,732.79,5.39,33,Marcos y Fotografía,['Marcos y Fotografía'],1,Marcos y Fotografía,Marcos y Fotografía,2.3870361993940685,Marcos y Fotografía
84709A,SILVER OVAL JEWELLED MIRROR,14,23,136.85,5.95,20,"Espejos, Relojes y Arte de Pared","['Espejos, Relojes y Arte de Pared']",1,"Espejos, Relojes y Arte de Pared","Espejos, Relojes y Arte de Pared",1.9419261585470196,"Espejos, Relojes y Arte de Pared"
84709B,PINK OVAL JEWELLED MIRROR,87,176,1014.48,5.93,20,"Espejos, Relojes y Arte de Pared","['Espejos, Relojes y Arte de Pared']",1,"Espejos, Relojes y Arte de Pared","Espejos, Relojes y Arte de Pared",2.0119356363363328,"Espejos, Relojes y Arte de Pared"
84711A,SILVER OVAL SHAPE TRINKET BOX,24,42,390.95,9.0,4,Cajas y Almacenamiento,['Cajas y Almacenamiento'],1,Cajas y Almacenamiento,Cajas y Almacenamiento,1.91844378130647,Cajas y Almacenamiento
84711B,PINK OVAL SHAPE TRINKET BOX,30,39,357.71,8.99,4,Cajas y Almacenamiento,['Cajas y Almacenamiento'],1,Cajas y Almacenamiento,Cajas y Almacenamiento,1.9568747647651308,Cajas y Almacenamiento
84712B,PINK JEWELLED PHOTO FRAME,60,98,767.16,7.8,33,Marcos y Fotografía,['Marcos y Fotografía'],1,Marcos y Fotografía,Marcos y Fotografía,2.3870361993940685,Marcos y Fotografía
84715,SET OF 6 ICE CREAM SKITTLES,47,241,734.89,3.39,22,,[],0,Sin regla,Papelería y Tarjetería,0.03846006992312373,Sin clasificar
84720,DOT MATRIX CANVAS ART PICTURE,3,35,147.05,6.88,13,"Espejos, Relojes y Arte de Pared","['Espejos, Relojes y Arte de Pared']",1,"Espejos, Relojes y Arte de Pared","Espejos, Relojes y Arte de Pared",2.096176096582515,"Espejos, Relojes y Arte de Pared"
84721,MANHATTAN CANVAS ART PICTURE,2,20,87.8,8.35,13,"Espejos, Relojes y Arte de Pared","['Espejos, Relojes y Arte de Pared']",1,"Espejos, Relojes y Arte de Pared","Espejos, Relojes y Arte de Pared",2.2145469020921213,"Espejos, Relojes y Arte de Pared"
84723,CHERRY BLOSSOM CANVAS ART PICTURE,12,54,201.3,5.95,13,"Espejos, Relojes y Arte de Pared","['Espejos, Relojes y Arte de Pared']",1,"Espejos, Relojes y Arte de Pared","Espejos, Relojes y Arte de Pared",1.945864786880143,"Espejos, Relojes y Arte de Pared"
84725,FREESTYLE CANVAS ART PICTURE,29,134,216.5,2.12,13,"Espejos, Relojes y Arte de Pared","['Espejos, Relojes y Arte de Pared']",1,"Espejos, Relojes y Arte de Pared","Espejos, Relojes y Arte de Pared",2.1261901091072195,"Espejos, Relojes y Arte de Pared"
84726,LILLIES CANVAS PICTURE,5,233,394.85,2.17,13,"Espejos, Relojes y Arte de Pared","['Espejos, Relojes y Arte de Pared']",1,"Espejos, Relojes y Arte de Pared","Espejos, Relojes y Arte de Pared",1.8553659604399493,"Espejos, Relojes y Arte de Pared"
84731,3 BIRDS CANVAS SCREEN,3,3,3.69,1.23,22,"Espejos, Relojes y Arte de Pared","['Espejos, Relojes y Arte de Pared']",1,"Espejos, Relojes y Arte de Pared","Espejos, Relojes y Arte de Pared",1.6688106286915083,"Espejos, Relojes y Arte de Pared"
84732B,CUTE BIRD CEATURE SCREEN,6,28,18.48,1.23,22,,[],0,Sin regla,"Espejos, Relojes y Arte de Pared",0.23468553537299858,"Espejos, Relojes y Arte de Pared"
84732D,CUTE RABBIT CEATURE SCREEN,6,15,10.89,1.23,22,,[],0,Sin regla,"Espejos, Relojes y Arte de Pared",0.06105701862875057,Sin clasificar
84741C,CITRUS GARLAND FELT FLOWERS,52,185,372.14,2.13,14,Decoración del Hogar,['Decoración del Hogar'],1,Decoración del Hogar,Decoración del Hogar,1.843257106778118,Decoración del Hogar
84743C,ORANGE FELT VASE FLOWERS,5,9,11.25,1.25,22,,[],0,Sin regla,Decoración del Hogar,0.21090755589270893,Decoración del Hogar
84744,S 6 SEW ON CROCHET FLOWERS,33,149,188.77,1.33,22,,[],0,Sin regla,Cocina y Mesa,0.08708448180643025,Sin clasificar
84745A,PINK HANGING GINGHAM EASTER HEN,17,72,30.24,0.42,22,Pascua y Fiestas,['Pascua y Fiestas'],1,Pascua y Fiestas,Pascua y Fiestas,1.9815982823020768,Pascua y Fiestas
84745B,BLUE HANGING GINGHAM EASTER HEN,18,83,34.86,0.42,22,Pascua y Fiestas,['Pascua y Fiestas'],1,Pascua y Fiestas,Pascua y Fiestas,1.9485083130936653,Pascua y Fiestas
84746,PINK EASTER HENS FLOWER,16,23,72.06,3.1,36,Pascua y Fiestas,['Pascua y Fiestas'],1,Pascua y Fiestas,Pascua y Fiestas,2.2696138401019863,Pascua y Fiestas
84748,FOLK FELT HANGING MULTICOL GARLAND,94,1170,1781.12,3.45,14,Decoración del Hogar,['Decoración del Hogar'],1,Decoración del Hogar,Decoración del Hogar,2.113874854335103,Decoración del Hogar
84750A,PINK SMALL GLASS CAKE STAND,105,544,1189.23,3.07,32,Cocina y Mesa,['Cocina y Mesa'],1,Cocina y Mesa,Cocina y Mesa,1.9028729311234458,Cocina y Mesa
84750B,BLACK SMALL GLASS CAKE STAND,78,609,1142.02,2.45,32,Cocina y Mesa,['Cocina y Mesa'],1,Cocina y Mesa,Cocina y Mesa,1.8480415109433719,Cocina y Mesa
84751B,BLACK MEDIUM GLASS CAKE STAND,20,38,115.86,3.01,32,Cocina y Mesa,['Cocina y Mesa'],1,Cocina y Mesa,Cocina y Mesa,1.7366449948368738,Cocina y Mesa
84753A,PINK EAU DE COLOGNE BOTTLE,24,97,92.17,1.15,22,,[],0,Sin regla,Botellas de Agua Caliente y Confort,0.08126786411472853,Sin clasificar
84754,S 15 SILVER GLASS BAUBLES IN BAG,224,2083,2634.59,1.55,6,Navidad,"['Navidad', 'Bolsos y Carteras']",2,Navidad,Navidad,1.5487378886254288,Navidad
84755,COLOUR GLASS T LIGHT HOLDER HANGING,1273,40439,25205.13,0.83,15,Velas e Iluminación,['Velas e Iluminación'],1,Velas e Iluminación,Velas e Iluminación,1.9517220470977164,Velas e Iluminación
84757,ENCHANTED GARDEN WROUGHT IRON TABLE,4,5,74.75,14.95,42,Jardín y Exterior,['Jardín y Exterior'],1,Jardín y Exterior,Jardín y Exterior,1.9144635138764463,Jardín y Exterior
84760L,LARGE HANGING GLASS ZINC LANTERN,1,560,896.0,1.6,22,Velas e Iluminación,['Velas e Iluminación'],1,Velas e Iluminación,Velas e Iluminación,1.8253035904287824,Velas e Iluminación
84760S,SMALL HANGING GLASS ZINC LANTERN,37,222,360.21,1.95,22,Velas e Iluminación,['Velas e Iluminación'],1,Velas e Iluminación,Velas e Iluminación,1.8310970944003524,Velas e Iluminación
84761,IVORY HANGING BIRD PLANTER,61,276,768.85,3.12,22,,[],0,Sin regla,Decoración del Hogar,0.3979438649676591,Decoración del Hogar
84762A,WHITE PICNIC BARBECUE BUCKET,29,59,517.43,9.87,22,,[],0,Sin regla,Decoración del Hogar,0.02363385661238049,Sin clasificar
84762B,PINK PICNIC BARBECUE BUCKET,48,113,837.77,8.78,22,,[],0,Sin regla,Bolsos y Carteras,0.034825991577407955,Sin clasificar
84762C,GREEN PICNIC BARBECUE BUCKET,43,105,761.25,8.56,22,,[],0,Sin regla,Cocina y Mesa,0.05856147324225991,Sin clasificar
84763,ZINC FINISH 15CM PLANTER POTS,171,1517,1903.0,1.41,22,,[],0,Sin regla,Carteles y Señalética,0.026089061070710517,Sin clasificar
84765,SILVER ROCOCO CANDELABRA,6,9,140.23,17.0,22,,[],0,Sin regla,Velas e Iluminación,0.42713644126702655,Velas e Iluminación
84766,SILVER ROCOCO CANDLE STICK,27,200,638.0,4.58,35,Velas e Iluminación,['Velas e Iluminación'],1,Velas e Iluminación,Velas e Iluminación,1.9226353479184919,Velas e Iluminación
84767,ZINC POLICE BOX LANTERN,6,195,806.22,7.4,4,Velas e Iluminación,['Velas e Iluminación'],1,Velas e Iluminación,Velas e Iluminación,1.7905253113074355,Velas e Iluminación
84770,ROUND GEORGIAN SILVER MIRROR,16,135,419.25,3.82,20,"Espejos, Relojes y Arte de Pared","['Espejos, Relojes y Arte de Pared']",1,"Espejos, Relojes y Arte de Pared","Espejos, Relojes y Arte de Pared",2.01349561740133,"Espejos, Relojes y Arte de Pared"
84773,RED ROSE AND LACE C COVER,49,190,560.5,2.95,22,,[],0,Sin regla,Cocina y Mesa,0.07609621883123929,Sin clasificar
84782A,PINK 3 TIER GLASS PLATE STAND,26,119,840.45,9.9,26,Cocina y Mesa,['Cocina y Mesa'],1,Cocina y Mesa,Cocina y Mesa,2.1418872006046463,Cocina y Mesa
84782B,BLACK 3 TIER GLASS PLATE STAND,6,10,127.5,12.75,26,Cocina y Mesa,['Cocina y Mesa'],1,Cocina y Mesa,Cocina y Mesa,2.1080225878334544,Cocina y Mesa
84782C,GREEN 3 TIER GLASS PLATE STAND,18,74,509.9,9.62,26,Cocina y Mesa,['Cocina y Mesa'],1,Cocina y Mesa,Cocina y Mesa,2.0665082543799134,Cocina y Mesa
84789,ENCHANTED BIRD PLANT CAGE,124,445,1558.39,4.02,7,,[],0,Sin regla,Jardín y Exterior,0.8297034251321928,Jardín y Exterior
84791,GINGHAM HEART DECORATION,106,334,1086.13,3.79,1,Decoración del Hogar,['Decoración del Hogar'],1,Decoración del Hogar,Decoración del Hogar,2.0921300926808915,Decoración del Hogar
84792,ENCHANTED BIRD COATHANGER 5 HOOK,521,2297,10119.51,5.26,22,,[],0,Sin regla,Cocina y Mesa,0.18542969518554686,Sin clasificar
84795A,PASTEL STRIPE HAMMOCK,71,208,1696.02,9.65,22,,[],0,Sin regla,Joyería y Bijouterie,0.02621658334081134,Sin clasificar
84795B,SUNSET CHECK HAMMOCK,113,317,2696.81,10.13,22,,[],0,Sin regla,"Espejos, Relojes y Arte de Pared",0.07606028051051705,Sin clasificar
84795C,OCEAN STRIPE HAMMOCK,132,325,2752.59,9.48,22,,[],0,Sin regla,Velas e Iluminación,0.03520817970243595,Sin clasificar
84795D,SEASIDE STRIPE HAMMOCK,83,189,1538.79,8.78,22,,[],0,Sin regla,Papelería y Tarjetería,0.0242507873565172,Sin clasificar
84795E,RIO PINK STRIPE HAMMOCK,6,10,79.5,7.95,22,,[],0,Sin regla,Papelería y Tarjetería,0.07712608297527523,Sin clasificar
84796A,PINK HAWAIIAN PICNIC HAMPER FOR 2,131,312,2307.23,9.38,22,,[],0,Sin regla,Cocina y Mesa,0.10684071252386629,Sin clasificar
84796B,BLUE SAVANNAH PICNIC HAMPER FOR 2,184,602,5016.91,9.24,22,,[],0,Sin regla,Cocina y Mesa,0.20679899508363686,Cocina y Mesa
84797A,PINK HAWAIIAN PICNIC HAMPER FOR 4,61,499,3560.09,11.08,22,,[],0,Sin regla,Cocina y Mesa,0.1686104731114153,Sin clasificar
84797B,BLUE SAVANNAH PICNIC HAMPER FOR 4,52,344,2077.82,10.77,22,,[],0,Sin regla,Cocina y Mesa,0.2617547760432156,Cocina y Mesa
84798A,PINK FOXGLOVE ARTIIFCIAL FLOWER,10,195,432.45,2.5,36,,[],0,Sin regla,Cocina y Mesa,0.1381264592733097,Sin clasificar
84798B,PURPLE FOXGLOVE ARTIIFCIAL FLOWER,10,326,492.9,2.12,36,,[],0,Sin regla,Cocina y Mesa,0.05056205184596185,Sin clasificar
84798C,WHITE FOXGLOVE ARTIIFCIAL FLOWER,3,16,40.8,2.55,36,,[],0,Sin regla,Cocina y Mesa,0.17887692782368458,Sin clasificar
84799,SPRIG LAVENDER ARTIFICIAL FLOWER,31,678,528.78,1.04,36,,[],0,Sin regla,Velas e Iluminación,0.1656064066406231,Sin clasificar
84800L,LARGE WHITE PINK ROSE ART FLOWER,38,650,970.79,1.86,36,,[],0,Sin regla,"Espejos, Relojes y Arte de Pared",0.109424678585204,Sin clasificar
84800M,MEDIUM WHITE PINK ROSE ART FLOWER,27,250,357.22,1.59,36,,[],0,Sin regla,Decoración del Hogar,0.06653151265073531,Sin clasificar
84800S,SMALL WHITE PINK ROSE ART FLOWER,19,388,292.04,1.1,36,,[],0,Sin regla,Cocina y Mesa,0.10201782426335299,Sin clasificar
84801A,PINK HYDRANGEA ART FLOWER,15,272,427.44,1.98,36,,[],0,Sin regla,"Espejos, Relojes y Arte de Pared",0.514277821431003,"Espejos, Relojes y Arte de Pared"
84801B,WHITE HYDRANGEA ART FLOWER,18,214,345.0,2.02,36,,[],0,Sin regla,"Espejos, Relojes y Arte de Pared",0.40496825308474294,"Espejos, Relojes y Arte de Pared"
84802A,WHITE ANEMONE ARTIFICIAL FLOWER,24,185,312.65,1.69,36,,[],0,Sin regla,Decoración del Hogar,0.017175205760907808,Sin clasificar
84802B,PURPLE ANEMONE ARTIFICIAL FLOWER,17,411,389.79,1.54,36,,[],0,Sin regla,Joyería y Bijouterie,0.10725222452579031,Sin clasificar
84803A,PINK ALLIUM ARTIFICIAL FLOWER,17,112,189.28,1.69,36,,[],0,Sin regla,Cocina y Mesa,0.1296222519693876,Sin clasificar
84803B,WHITE ALLIUM ARTIFICIAL FLOWER,11,42,70.98,1.69,36,,[],0,Sin regla,Cocina y Mesa,0.05638694260879662,Sin clasificar
84804A,CREAM DELPHINIUM ARTIFICIAL FLOWER,18,218,396.38,2.7,36,,[],0,Sin regla,Cocina y Mesa,0.30642503443961344,Cocina y Mesa
84804B,BLUE DELPHINIUM ARTIFICIAL FLOWER,20,355,501.97,2.5,36,,[],0,Sin regla,Cocina y Mesa,0.11013472788872769,Sin clasificar
84805A,CREAM CLIMBING HYDRANGA ART FLOWER,8,147,212.85,2.76,36,,[],0,Sin regla,"Espejos, Relojes y Arte de Pared",0.25792413118726465,"Espejos, Relojes y Arte de Pared"
84805B,BLUE CLIMBING HYDRANGA ART FLOWER,9,340,551.4,2.46,36,,[],0,Sin regla,"Espejos, Relojes y Arte de Pared",0.5494302426490998,"Espejos, Relojes y Arte de Pared"
84806A,PINK CANDYSTUFT ARTIFICIAL FLOWER,20,319,261.91,1.14,36,,[],0,Sin regla,Velas e Iluminación,0.16724153310865175,Sin clasificar
84806B,WHITE CANDYSTUFT ARTIFICIAL FLOWER,32,450,568.02,1.38,36,,[],0,Sin regla,Velas e Iluminación,0.12472756370516003,Sin clasificar
84807,RED POPPY ARTIFICIAL FLOWER,7,233,215.93,1.54,36,,[],0,Sin regla,Cocina y Mesa,0.18226412831772798,Sin clasificar
84809A,WHITE CHRYSANTHEMUMS ART FLOWER,21,276,474.84,2.02,36,,[],0,Sin regla,"Espejos, Relojes y Arte de Pared",0.4036366153222509,"Espejos, Relojes y Arte de Pared"
84809B,PINK CHRYSANTHEMUMS ART FLOWER,8,296,351.6,1.79,36,,[],0,Sin regla,"Espejos, Relojes y Arte de Pared",0.41202823318907267,"Espejos, Relojes y Arte de Pared"
84813,SET OF 4 DIAMOND NAPKIN RINGS,99,422,3300.76,11.6,22,Cocina y Mesa,['Cocina y Mesa'],1,Cocina y Mesa,Cocina y Mesa,1.8657687407737837,Cocina y Mesa
84814A,HEXAGONAL CRYSTAL PERFUME BOTTLE,1,1,1.95,1.95,22,,[],0,Sin regla,Botellas de Agua Caliente y Confort,0.1354249381637439,Sin clasificar
84814B,RHOMBUS CRYSTAL PERFUME BOTTLE,3,7,13.65,1.95,22,,[],0,Sin regla,Botellas de Agua Caliente y Confort,0.16155463397276815,Sin clasificar
84815,SET OF 3 DANISH ROSE PLANTERS,53,926,1183.82,5.39,22,,[],0,Sin regla,Cocina y Mesa,0.4994295591539579,Cocina y Mesa
84816,DANISH ROSE BEDSIDE CABINET,20,33,1278.35,39.45,22,Cajas y Almacenamiento,['Cajas y Almacenamiento'],1,Cajas y Almacenamiento,Cajas y Almacenamiento,1.710023422456505,Cajas y Almacenamiento
84817,DANISH ROSE DECORATIVE PLATE,80,1059,937.44,1.63,22,Cocina y Mesa,['Cocina y Mesa'],1,Cocina y Mesa,Cocina y Mesa,1.5555581479412157,Cocina y Mesa
84818,DANISH ROSE PHOTO FRAME,214,1788,2382.25,2.04,33,Marcos y Fotografía,['Marcos y Fotografía'],1,Marcos y Fotografía,Marcos y Fotografía,2.2162888812302866,Marcos y Fotografía
84819,DANISH ROSE ROUND SEWING BOX,95,908,1368.26,2.97,4,Cajas y Almacenamiento,['Cajas y Almacenamiento'],1,Cajas y Almacenamiento,Cajas y Almacenamiento,1.8766153993128531,Cajas y Almacenamiento
84820,DANISH ROSE TRINKET TRAYS,54,323,899.37,5.31,22,,[],0,Sin regla,Cajas y Almacenamiento,0.834034667549478,Cajas y Almacenamiento
84821,DANISH ROSE DELUXE COASTER,75,1318,742.5,0.8,22,Cocina y Mesa,['Cocina y Mesa'],1,Cocina y Mesa,Cocina y Mesa,1.7445503162493345,Cocina y Mesa
84823,DANISH ROSE FOLDING CHAIR,29,120,1210.0,12.36,22,,[],0,Sin regla,Cocina y Mesa,0.3173521210756458,Cocina y Mesa
84824,DANISH ROSE UMBRELLA STAND,32,38,676.45,18.45,22,,[],0,Sin regla,Cocina y Mesa,0.9294318735047532,Cocina y Mesa
84826,ASSTD DESIGN 3D PAPER STICKERS,53,1734,869.08,0.66,13,Papelería y Tarjetería,['Papelería y Tarjetería'],1,Papelería y Tarjetería,Papelería y Tarjetería,1.8430176059556485,Papelería y Tarjetería
84827,ASS DES PHONE SPONGE CRAFT STICKER,31,1027,489.79,0.55,22,Papelería y Tarjetería,['Papelería y Tarjetería'],1,Papelería y Tarjetería,Papelería y Tarjetería,1.7423764749564503,Papelería y Tarjetería
84828,JUNGLE POPSICLES ICE LOLLY HOLDERS,355,2503,3315.18,1.62,22,,[],0,Sin regla,Papelería y Tarjetería,0.18740351593842025,Sin clasificar
84830,LARGE ENGLISH ARBORETUM,7,113,1195.15,15.36,22,,[],0,Sin regla,Cocina y Mesa,0.25731667949358805,Cocina y Mesa
84832,ZINC WILLIE WINKIE CANDLE STICK,641,6794,6134.7,1.08,35,Velas e Iluminación,['Velas e Iluminación'],1,Velas e Iluminación,Velas e Iluminación,2.043237504421236,Velas e Iluminación
84836,ZINC METAL HEART DECORATION,1435,19847,24289.33,1.38,1,Decoración del Hogar,['Decoración del Hogar'],1,Decoración del Hogar,Decoración del Hogar,1.8927405895827034,Decoración del Hogar
84837,WHITE SWEETHEARTS CABINET 4 DRAWERS,144,251,3210.04,13.43,22,Cajas y Almacenamiento,['Cajas y Almacenamiento'],1,Cajas y Almacenamiento,Cajas y Almacenamiento,2.2726170234095773,Cajas y Almacenamiento
84838,ANT WHITE HIGH RISE BIRD BOX,4,50,312.5,7.88,4,,[],0,Sin regla,Cajas y Almacenamiento,0.37211613771055296,Cajas y Almacenamiento
84839,SWEETHEART KEY CABINET,394,1523,8747.05,7.22,30,Cajas y Almacenamiento,['Cajas y Almacenamiento'],1,Cajas y Almacenamiento,Cajas y Almacenamiento,2.161265127260573,Cajas y Almacenamiento
84840,SWEETHEART CARRY ALL BASKET,140,282,2430.82,9.0,30,,[],0,Sin regla,Decoración del Hogar,0.2157633807049092,Decoración del Hogar
84842,HELLO SAILOR BATHROOM SET,35,1505,744.15,4.43,22,,[],0,Sin regla,Cocina y Mesa,0.10721484829068317,Sin clasificar
84843,WHITE SOAP RACK WITH 2 BOTTLES,111,280,1731.06,7.08,22,,[],0,Sin regla,Cajas y Almacenamiento,0.24566211653784986,Cajas y Almacenamiento
84845A,HOLLYHOCK SQUARE HANDY TIN,1,1,1.25,1.25,22,Navidad,['Navidad'],1,Navidad,Cocina y Mesa,0.03877796940311945,Navidad
84845C,CARNATION SQUARE HANDY TIN,14,42,52.5,1.25,22,,[],0,Sin regla,Cocina y Mesa,0.09470788280231701,Sin clasificar
84845D,GERANIUM SQUARE HANDY TIN,11,41,51.25,1.25,22,,[],0,Sin regla,Cocina y Mesa,0.43145144956658826,Cocina y Mesa
84846A,SCENTED CANDLE IN DIGITALIS TIN,54,251,567.55,2.57,35,Velas e Iluminación,['Velas e Iluminación'],1,Velas e Iluminación,Velas e Iluminación,1.9980976620885547,Velas e Iluminación
84847,FLORAL BATHROOM SET,49,2330,1149.73,4.47,22,,[],0,Sin regla,Cajas y Almacenamiento,0.055551091224190774,Sin clasificar
84849A,HELLO SAILOR BLUE SOAP HOLDER,104,470,833.57,2.23,22,,[],0,Sin regla,Jardín y Exterior,0.12469035907195791,Sin clasificar
84849B,FAIRY SOAP SOAP HOLDER,294,1936,3244.14,2.02,22,,[],0,Sin regla,Velas e Iluminación,0.3003113719190338,Velas e Iluminación
84849D,HOT BATHS SOAP HOLDER,261,1558,2618.27,1.9,22,,[],0,Sin regla,Botellas de Agua Caliente y Confort,0.2026691706975826,Botellas de Agua Caliente y Confort
84854,GIRLY PINK TOOL SET,111,381,2079.47,6.57,22,,[],0,Sin regla,Cocina y Mesa,0.25036450401313737,Cocina y Mesa
84855,BLOKEY SILVER TOOL SET,16,36,196.7,5.88,22,,[],0,Sin regla,Cocina y Mesa,0.30036423133500056,Cocina y Mesa
84856L,LARGE TAHITI BEACH BAG,81,238,1492.28,7.75,6,Bolsos y Carteras,['Bolsos y Carteras'],1,Bolsos y Carteras,Bolsos y Carteras,1.9362964319726879,Bolsos y Carteras
84856S,SMALL TAHITI BEACH BAG,33,467,1877.21,4.98,6,Bolsos y Carteras,['Bolsos y Carteras'],1,Bolsos y Carteras,Bolsos y Carteras,1.9480731350997995,Bolsos y Carteras
84857A,SILVER MONTE CARLO HANDBAG,3,8,68.0,8.5,22,Bolsos y Carteras,['Bolsos y Carteras'],1,Bolsos y Carteras,Bolsos y Carteras,2.016073872757506,Bolsos y Carteras
84857B,BLUE MONTE CARLO HANDBAG,1,24,46.8,1.95,22,Bolsos y Carteras,['Bolsos y Carteras'],1,Bolsos y Carteras,Bolsos y Carteras,2.26603404997127,Bolsos y Carteras
84857C,PINK MONTE CARLO HANDBAG,17,197,445.03,4.38,22,Bolsos y Carteras,['Bolsos y Carteras'],1,Bolsos y Carteras,Bolsos y Carteras,2.3751666014959265,Bolsos y Carteras
84858A,NATURAL RIVIERA HANDBAG,8,53,128.83,6.14,22,Bolsos y Carteras,['Bolsos y Carteras'],1,Bolsos y Carteras,Bolsos y Carteras,1.8937656579950843,Bolsos y Carteras
84858B,BLUE RIVIERA HANDBAG,9,326,431.0,2.82,22,Bolsos y Carteras,['Bolsos y Carteras'],1,Bolsos y Carteras,Bolsos y Carteras,2.063132132034005,Bolsos y Carteras
84858C,PINK RIVIERA HANDBAG,30,347,611.07,5.59,22,Bolsos y Carteras,['Bolsos y Carteras'],1,Bolsos y Carteras,Bolsos y Carteras,2.1070496745201446,Bolsos y Carteras
84859A,SILVER DISCO HANDBAG,60,293,613.53,3.39,22,Bolsos y Carteras,['Bolsos y Carteras'],1,Bolsos y Carteras,Bolsos y Carteras,1.9081614974748589,Bolsos y Carteras
84859B,BLUE DISCO HANDBAG,18,282,433.46,2.89,22,Bolsos y Carteras,['Bolsos y Carteras'],1,Bolsos y Carteras,Bolsos y Carteras,2.1164166213108055,Bolsos y Carteras
84859C,PINK DISCO HANDBAG,40,304,552.72,3.04,22,Bolsos y Carteras,['Bolsos y Carteras'],1,Bolsos y Carteras,Bolsos y Carteras,2.1784372072411715,Bolsos y Carteras
84864A,PINK PAISLEY PHOTO ALBUM,4,7,67.71,8.46,33,Marcos y Fotografía,['Marcos y Fotografía'],1,Marcos y Fotografía,Marcos y Fotografía,1.7682802385102767,Marcos y Fotografía
84865,NEW BAROQUE BLACK PHOTO ALBUM,48,77,639.42,9.4,33,Marcos y Fotografía,['Marcos y Fotografía'],1,Marcos y Fotografía,Marcos y Fotografía,1.9260453028424067,Marcos y Fotografía
84867A,PINK BABY GIRLS PHOTO ALBUM,5,17,119.39,9.4,33,Marcos y Fotografía,['Marcos y Fotografía'],1,Marcos y Fotografía,Marcos y Fotografía,1.904688512263992,Marcos y Fotografía
84867B,BLUE BABY BOY S PHOTO ALBUM,1,2,27.14,13.57,33,Marcos y Fotografía,['Marcos y Fotografía'],1,Marcos y Fotografía,Marcos y Fotografía,1.8767395444287587,Marcos y Fotografía
84868A,PINK BABY GIRL S MEMORY BOX,2,2,13.9,6.95,4,Cajas y Almacenamiento,['Cajas y Almacenamiento'],1,Cajas y Almacenamiento,Cajas y Almacenamiento,1.893522810503161,Cajas y Almacenamiento
84868B,BLUE BABY BOY S MEMORY BOX,4,5,34.75,6.95,4,Cajas y Almacenamiento,['Cajas y Almacenamiento'],1,Cajas y Almacenamiento,Cajas y Almacenamiento,1.8110926897654287,Cajas y Almacenamiento
84869,CANDY BUTTON PHOTO ALBUM,26,302,703.54,5.04,33,Marcos y Fotografía,['Marcos y Fotografía'],1,Marcos y Fotografía,Marcos y Fotografía,2.0842514030918586,Marcos y Fotografía
84870B,BLUE GEISHA GIRL,40,90,322.61,3.66,22,,[],0,Sin regla,Cocina y Mesa,0.6876043587416374,Cocina y Mesa
84870C,GREEN GEISHA GIRL,41,93,330.36,3.45,22,,[],0,Sin regla,Cocina y Mesa,0.6570308563519834,Cocina y Mesa
84872A,TEATIME FUNKY FLOWER BACKPACK FOR 2,147,235,2620.01,11.2,36,Bolsos y Carteras,['Bolsos y Carteras'],1,Bolsos y Carteras,Bolsos y Carteras,1.7215273603738044,Bolsos y Carteras
84873A,FUNKY FLOWER PICNIC BAG FOR 4,75,120,1367.51,11.53,36,Bolsos y Carteras,['Bolsos y Carteras'],1,Bolsos y Carteras,Bolsos y Carteras,2.04108208990735,Bolsos y Carteras
84874B,BLUE TRAVEL FIRST AID KIT,37,86,141.76,1.65,22,,[],0,Sin regla,Bolsos y Carteras,0.3574426433585014,Bolsos y Carteras
84875A,PINK SQUARE COMPACT MIRROR,12,16,60.0,3.75,20,"Espejos, Relojes y Arte de Pared","['Espejos, Relojes y Arte de Pared']",1,"Espejos, Relojes y Arte de Pared","Espejos, Relojes y Arte de Pared",2.0501905165465546,"Espejos, Relojes y Arte de Pared"
84875B,GREEN SQUARE COMPACT MIRROR,40,373,511.01,1.96,20,"Espejos, Relojes y Arte de Pared","['Espejos, Relojes y Arte de Pared']",1,"Espejos, Relojes y Arte de Pared","Espejos, Relojes y Arte de Pared",1.9463248583680905,"Espejos, Relojes y Arte de Pared"
84875D,BLUE SQUARE COMPACT MIRROR,37,371,483.75,1.72,20,"Espejos, Relojes y Arte de Pared","['Espejos, Relojes y Arte de Pared']",1,"Espejos, Relojes y Arte de Pared","Espejos, Relojes y Arte de Pared",1.9771812965161408,"Espejos, Relojes y Arte de Pared"
84876B,GREEN HEART COMPACT MIRROR,41,344,488.31,2.4,20,"Espejos, Relojes y Arte de Pared","['Espejos, Relojes y Arte de Pared']",1,"Espejos, Relojes y Arte de Pared","Espejos, Relojes y Arte de Pared",2.1256665726923174,"Espejos, Relojes y Arte de Pared"
84876C,SILVER HEART COMPACT MIRROR,4,7,26.25,3.75,20,"Espejos, Relojes y Arte de Pared","['Espejos, Relojes y Arte de Pared']",1,"Espejos, Relojes y Arte de Pared","Espejos, Relojes y Arte de Pared",2.032859989022464,"Espejos, Relojes y Arte de Pared"
84876D,BLUE HEART COMPACT MIRROR,35,331,600.52,3.59,20,"Espejos, Relojes y Arte de Pared","['Espejos, Relojes y Arte de Pared']",1,"Espejos, Relojes y Arte de Pared","Espejos, Relojes y Arte de Pared",2.07993318905239,"Espejos, Relojes y Arte de Pared"
84877A,PINK ROUND COMPACT MIRROR,17,74,185.66,3.4,20,"Espejos, Relojes y Arte de Pared","['Espejos, Relojes y Arte de Pared']",1,"Espejos, Relojes y Arte de Pared","Espejos, Relojes y Arte de Pared",2.0847945108150405,"Espejos, Relojes y Arte de Pared"
84877B,GREEN ROUND COMPACT MIRROR,43,291,504.43,2.68,20,"Espejos, Relojes y Arte de Pared","['Espejos, Relojes y Arte de Pared']",1,"Espejos, Relojes y Arte de Pared","Espejos, Relojes y Arte de Pared",2.048634066268848,"Espejos, Relojes y Arte de Pared"
84877D,BLUE ROUND COMPACT MIRROR,43,160,371.85,2.97,20,"Espejos, Relojes y Arte de Pared","['Espejos, Relojes y Arte de Pared']",1,"Espejos, Relojes y Arte de Pared","Espejos, Relojes y Arte de Pared",2.098627275865971,"Espejos, Relojes y Arte de Pared"
84879,ASSORTED COLOUR BIRD ORNAMENT,2848,80082,129324.49,1.86,22,Decoración del Hogar,['Decoración del Hogar'],1,Decoración del Hogar,Decoración del Hogar,1.5153878468773454,Decoración del Hogar
84880,WHITE WIRE EGG HOLDER,377,1729,9894.99,6.73,8,,[],0,Sin regla,Velas e Iluminación,0.10910082026531565,Sin clasificar
84881,BLUE WIRE SPIRAL CANDLE HOLDER,24,52,342.94,6.88,35,Velas e Iluminación,['Velas e Iluminación'],1,Velas e Iluminación,Velas e Iluminación,2.0701389449148424,Velas e Iluminación
84882,GREEN WIRE STANDING CANDLE HOLDER,36,66,289.43,4.7,35,Velas e Iluminación,['Velas e Iluminación'],1,Velas e Iluminación,Velas e Iluminación,2.0325486218242395,Velas e Iluminación
84884A,ANT WHITE WIRE HEART SPIRAL,347,1757,6659.17,4.92,39,,[],0,Sin regla,Decoración del Hogar,0.3890031822377996,Decoración del Hogar
84886,BLUE METAL WALL SHELF,9,12,119.4,9.95,20,,[],0,Sin regla,Carteles y Señalética,0.02361581766114451,Sin clasificar
84891B,GREEN WIRE GOBLET CANDLEHOLDER,6,11,87.45,7.95,22,Velas e Iluminación,['Velas e Iluminación'],1,Velas e Iluminación,Velas e Iluminación,1.6965262551344926,Velas e Iluminación
84893,ANT WHITE IRON BASKET,15,33,186.35,5.88,22,,[],0,Sin regla,Decoración del Hogar,0.5203843612965651,Decoración del Hogar
84898F,YELLOW FLOWERS FELT HANDBAG KIT,52,165,352.75,2.18,22,Bolsos y Carteras,['Bolsos y Carteras'],1,Bolsos y Carteras,Bolsos y Carteras,1.7948733190227872,Bolsos y Carteras
84899E,YELLOW BROWN BEAR FELT PURSE KIT,21,53,73.93,1.62,22,Bolsos y Carteras,['Bolsos y Carteras'],1,Bolsos y Carteras,Bolsos y Carteras,1.9814654806510053,Bolsos y Carteras
84899F,YELLOW PURPLE DAISY FELT PURSE KIT,53,121,192.17,1.9,22,Bolsos y Carteras,['Bolsos y Carteras'],1,Bolsos y Carteras,Bolsos y Carteras,1.8256197760190482,Bolsos y Carteras
84901,BLACK FACE LAMB WITH PANTS,74,123,471.13,3.86,22,,[],0,Sin regla,Cocina y Mesa,0.1979395662815686,Sin clasificar
84902,PINK KNITTED COW STUFFED TOY,53,84,326.33,3.93,22,,[],0,Sin regla,Bolsos y Carteras,0.3067945248998293,Bolsos y Carteras
84905,PINK BUTTERFLY CUSHION COVER,105,269,1007.91,5.03,21,Textiles del Hogar,['Textiles del Hogar'],1,Textiles del Hogar,Textiles del Hogar,2.0487613934743254,Textiles del Hogar
84906,PINK B FLY C COVER W BOBBLES,21,66,307.47,5.32,22,,[],0,Sin regla,Textiles del Hogar,0.16778895190007959,Sin clasificar
84907,PINK YELLOW PATCH CUSHION COVER,36,391,999.17,6.62,21,Textiles del Hogar,['Textiles del Hogar'],1,Textiles del Hogar,Textiles del Hogar,1.9863132957190777,Textiles del Hogar
84908A,PINK 5 PATCH FLOWER CUSHION COVER,36,432,1045.16,5.82,21,Textiles del Hogar,['Textiles del Hogar'],1,Textiles del Hogar,Textiles del Hogar,2.021529319276626,Textiles del Hogar
84908B,BLUE 5 PATCH FLOWER CUSHION COVER,35,435,1052.29,5.52,21,Textiles del Hogar,['Textiles del Hogar'],1,Textiles del Hogar,Textiles del Hogar,2.031776795529959,Textiles del Hogar
84909A,PINK PAISLEY QUILT,30,209,2797.55,17.18,9,Textiles del Hogar,['Textiles del Hogar'],1,Textiles del Hogar,Textiles del Hogar,1.918565973677421,Textiles del Hogar
84910A,PINK PAISLEY CUSHION COVER,53,432,1230.39,6.49,21,Textiles del Hogar,['Textiles del Hogar'],1,Textiles del Hogar,Textiles del Hogar,2.3654233081899365,Textiles del Hogar
84912A,PINK ROSE WASHBAG,233,1096,3012.0,3.64,22,,[],0,Sin regla,Bolsos y Carteras,0.7150743835439072,Bolsos y Carteras
84912B,GREEN ROSE WASHBAG,261,1125,3072.64,3.51,22,,[],0,Sin regla,Bolsos y Carteras,0.5469589133447335,Bolsos y Carteras
84913A,SOFT PINK ROSE TOWEL,266,608,2211.54,3.61,22,,[],0,Sin regla,Cocina y Mesa,0.9883406432134301,Cocina y Mesa
84913B,MINT GREEN ROSE TOWEL,200,420,1593.29,3.7,22,,[],0,Sin regla,Cocina y Mesa,1.2373715201461943,Cocina y Mesa
84914A,PINK ROSE PICNIC RUG,5,6,155.7,25.95,22,Textiles del Hogar,['Textiles del Hogar'],1,Textiles del Hogar,Cocina y Mesa,0.3982606843574371,Cocina y Mesa
84915,HAND TOWEL PINK FLOWER AND DAISY,37,234,459.56,4.34,36,,[],0,Sin regla,Cocina y Mesa,0.36924369129580237,Cocina y Mesa
84916,HAND TOWEL PALE BLUE W FLOWERS,58,261,646.43,4.47,22,,[],0,Sin regla,Cocina y Mesa,0.45126307911686037,Cocina y Mesa
84917,WHITE HAND TOWEL WITH BUTTERFLY,53,229,686.03,4.33,22,,[],0,Sin regla,Cocina y Mesa,0.34578729866356006,Cocina y Mesa
84918,CREAM CUSHION COVER WITH FLOWERS,63,208,995.12,6.06,21,Textiles del Hogar,['Textiles del Hogar'],1,Textiles del Hogar,Textiles del Hogar,1.9651482854637612,Textiles del Hogar
84919,BLUE CUSHION COVER WITH FLOWER,43,291,1619.84,6.97,21,Textiles del Hogar,['Textiles del Hogar'],1,Textiles del Hogar,Textiles del Hogar,2.0061220527321098,Textiles del Hogar
84920,PINK FLOWER FABRIC PONY,88,201,805.38,4.45,36,,[],0,Sin regla,Cocina y Mesa,0.13622367660360313,Sin clasificar
84921,CREAM AND PINK FLOWERS PONY,14,27,101.25,3.75,22,,[],0,Sin regla,Cocina y Mesa,0.2063249225784613,Cocina y Mesa
84922,PINK BUTTERFLY WASHBAG,17,342,808.22,5.87,22,,[],0,Sin regla,Bolsos y Carteras,0.7839280380480702,Bolsos y Carteras
84923,PINK BUTTERFLY HANDBAG W BOBBLES,150,234,1017.64,4.34,22,Bolsos y Carteras,['Bolsos y Carteras'],1,Bolsos y Carteras,Bolsos y Carteras,1.895883663684717,Bolsos y Carteras
84924A,WAKE UP COCKEREL CALENDAR SIGN,62,133,571.0,4.86,11,Carteles y Señalética,['Carteles y Señalética'],1,Carteles y Señalética,Carteles y Señalética,1.0788356783497088,Carteles y Señalética
84924D,LA PALMIERA METAL SIGN CALENDAR,15,764,272.61,3.8,11,Carteles y Señalética,['Carteles y Señalética'],1,Carteles y Señalética,Carteles y Señalética,1.5464772425076896,Carteles y Señalética
84924F,PSYCHEDELIC METAL SIGN CALENDAR,10,975,274.55,2.95,11,Carteles y Señalética,['Carteles y Señalética'],1,Carteles y Señalética,Carteles y Señalética,1.9015881062622482,Carteles y Señalética
84925A,WAKE UP COCKEREL WALL THERMOMETER,17,179,339.29,2.81,22,,[],0,Sin regla,"Espejos, Relojes y Arte de Pared",0.28404380368935167,"Espejos, Relojes y Arte de Pared"
84925C,FAIRY CAKES WALL THERMOMETER,10,28,71.4,2.55,19,,[],0,Sin regla,"Espejos, Relojes y Arte de Pared",0.11460464044891605,Sin clasificar
84925D,LA PALMIERA WALL THERMOMETER,26,452,677.45,2.32,22,,[],0,Sin regla,"Espejos, Relojes y Arte de Pared",0.29245011456595027,"Espejos, Relojes y Arte de Pared"
84925E,FLOWERS WALL THERMOMETER,3,75,130.05,2.27,20,,[],0,Sin regla,"Espejos, Relojes y Arte de Pared",0.2891811614804156,"Espejos, Relojes y Arte de Pared"
84925F,PSYCHEDELIC WALL THERMOMETER,34,714,873.11,2.24,20,,[],0,Sin regla,"Espejos, Relojes y Arte de Pared",0.158366344102711,Sin clasificar
84926A,WAKE UP COCKEREL TILE COASTER,51,664,293.08,0.98,22,Cocina y Mesa,['Cocina y Mesa'],1,Cocina y Mesa,Cocina y Mesa,1.9563720812597611,Cocina y Mesa
84926B,SCOTTS ROSES TILE COASTER,10,54,67.5,1.25,22,Cocina y Mesa,['Cocina y Mesa'],1,Cocina y Mesa,Cocina y Mesa,2.0913861224779566,Cocina y Mesa
84926C,FAIRY CAKES TILE COASTER,31,138,189.6,1.76,19,Cocina y Mesa,['Cocina y Mesa'],1,Cocina y Mesa,Cocina y Mesa,1.9256651567170575,Cocina y Mesa
84926D,LA PALMIERA TILE COASTER,48,773,365.35,1.09,22,Cocina y Mesa,['Cocina y Mesa'],1,Cocina y Mesa,Cocina y Mesa,1.887934406225985,Cocina y Mesa
84926E,FLOWERS TILE COASTER,52,1081,471.57,0.77,22,Cocina y Mesa,['Cocina y Mesa'],1,Cocina y Mesa,Cocina y Mesa,1.9695005815203916,Cocina y Mesa
84926F,PSYCHEDELIC TILE COASTER,42,484,277.9,1.42,22,Cocina y Mesa,['Cocina y Mesa'],1,Cocina y Mesa,Cocina y Mesa,1.7747162809655768,Cocina y Mesa
84927A,WAKE UP COCKEREL TILE HOOK,33,226,157.61,2.22,22,,[],0,Sin regla,Cocina y Mesa,0.359760667120438,Cocina y Mesa
84927D,LA PALMIERA TILE HOOK,28,953,211.29,1.76,22,,[],0,Sin regla,Cocina y Mesa,0.3854880170154654,Cocina y Mesa
84927E,FLOWERS TILE HOOK,30,494,224.31,2.09,22,,[],0,Sin regla,Cocina y Mesa,0.35510066725289957,Cocina y Mesa
84927F,PSYCHEDELIC TILE HOOK,64,335,273.32,1.6,22,,[],0,Sin regla,Cocina y Mesa,0.3124939791127285,Cocina y Mesa
84929,ASSTD FRUIT FLOWERS FRIDGE MAGNETS,93,3096,1007.52,0.37,22,,[],0,Sin regla,Cocina y Mesa,0.0281702750607713,Sin clasificar
84931A,PINK SCOTTIE DOG W FLOWER PATTERN,82,204,513.69,2.71,36,,[],0,Sin regla,Papelería y Tarjetería,0.16568448903087274,Sin clasificar
84931B,BLUE SCOTTIE DOG W FLOWER PATTERN,83,274,688.73,2.66,36,,[],0,Sin regla,Papelería y Tarjetería,0.17582841747359795,Sin clasificar
84932A,SMALL GREEN PEONY FOLDING STOOL,24,262,602.6,3.86,22,,[],0,Sin regla,Cocina y Mesa,0.13373967061120318,Sin clasificar
84932B,SMALL PINK PEONY FOLDING STOOL,17,189,401.3,3.11,22,,[],0,Sin regla,Cocina y Mesa,0.09694296881909692,Sin clasificar
84932C,SMALL ORIENTAL BLUE FOLDING STOOL,34,282,615.4,3.11,22,,[],0,Sin regla,Cocina y Mesa,0.18025666279465358,Sin clasificar
84932D,SMALL ORIENTAL RED FOLDING STOOL,21,239,574.71,4.63,22,,[],0,Sin regla,Cocina y Mesa,0.15847149318314235,Sin clasificar
84933A,LARGE GREEN PEONY FOLDING STOOL,6,131,314.35,4.72,22,,[],0,Sin regla,Cocina y Mesa,0.10084871094282455,Sin clasificar
84933B,LARGE PINK PEONY FOLDING STOOL,6,136,309.15,3.41,22,,[],0,Sin regla,Cocina y Mesa,0.06331411333498849,Sin clasificar
84933C,LARGE BLUE ORIENTAL FOLDING STOOL,6,136,317.0,4.72,22,,[],0,Sin regla,Cocina y Mesa,0.14072431418726916,Sin clasificar
84934,ASSTD DESIGN POP ART SLIM PEN,13,687,586.5,0.92,22,Papelería y Tarjetería,['Papelería y Tarjetería'],1,Papelería y Tarjetería,Papelería y Tarjetería,1.7328426502496739,Papelería y Tarjetería
84937,KASHMIR FOLKART TUMBLERS,124,2542,5394.54,4.99,22,,[],0,Sin regla,Papelería y Tarjetería,0.20635750936506758,Papelería y Tarjetería
84942,KASHMIR FOLKART HEART DISHES,3,3,5.07,1.69,39,,[],0,Sin regla,Decoración del Hogar,0.11225177081618098,Sin clasificar
84944,SET OF 6 KASHMIR FOLKART BAUBLES,196,1135,3153.88,3.86,22,Navidad,['Navidad'],1,Navidad,Navidad,1.2098547834863078,Navidad
84945,MULTI COLOUR SILVER T LIGHT HOLDER,660,21605,17746.71,1.08,15,Velas e Iluminación,['Velas e Iluminación'],1,Velas e Iluminación,Velas e Iluminación,1.8619388704935502,Velas e Iluminación
84946,ANTIQUE SILVER TEA GLASS ETCHED,1787,36696,49210.4,1.53,26,Cocina y Mesa,['Cocina y Mesa'],1,Cocina y Mesa,Cocina y Mesa,1.4152820931098566,Cocina y Mesa
84947,ANTIQUE SILVER TEA GLASS ENGRAVED,698,15810,18744.17,1.44,26,Cocina y Mesa,['Cocina y Mesa'],1,Cocina y Mesa,Cocina y Mesa,1.6471867835293992,Cocina y Mesa
84948,SILVER HANGING T LIGHT HOLDER DOME,37,273,459.21,1.79,15,Velas e Iluminación,['Velas e Iluminación'],1,Velas e Iluminación,Velas e Iluminación,1.88873325444029,Velas e Iluminación
84949,SILVER HANGING T LIGHT HOLDER,703,11945,19015.8,1.83,15,Velas e Iluminación,['Velas e Iluminación'],1,Velas e Iluminación,Velas e Iluminación,2.063155357069806,Velas e Iluminación
84950,ASSORTED COLOUR T LIGHT HOLDER,275,6041,4199.27,0.91,15,Velas e Iluminación,['Velas e Iluminación'],1,Velas e Iluminación,Velas e Iluminación,1.7373581718225135,Velas e Iluminación
84951A,SET OF 4 PISTACHIO LOVEBIRD COASTER,135,622,848.76,2.13,22,Cocina y Mesa,['Cocina y Mesa'],1,Cocina y Mesa,Cocina y Mesa,1.8991925255976374,Cocina y Mesa
84951B,SET OF 4 BLACK LOVEBIRD COASTERS,126,575,853.99,2.17,22,Cocina y Mesa,['Cocina y Mesa'],1,Cocina y Mesa,Cocina y Mesa,1.7081449972169858,Cocina y Mesa
84952A,CLEAR LOVE BIRD T LIGHT HOLDER,39,148,392.53,3.14,15,Velas e Iluminación,['Velas e Iluminación'],1,Velas e Iluminación,Velas e Iluminación,1.8733040296402848,Velas e Iluminación
84952B,BLACK LOVE BIRD T LIGHT HOLDER,44,364,615.49,3.09,15,Velas e Iluminación,['Velas e Iluminación'],1,Velas e Iluminación,Velas e Iluminación,1.9752733639689488,Velas e Iluminación
84952C,MIRROR LOVE BIRD T LIGHT HOLDER,43,374,705.01,3.35,15,"Espejos, Relojes y Arte de Pared","['Espejos, Relojes y Arte de Pared', 'Velas e Iluminación']",2,"Espejos, Relojes y Arte de Pared","Espejos, Relojes y Arte de Pared",0.7505393164547285,"Espejos, Relojes y Arte de Pared"
84962,SET 3 COLOUR PAINTED KASHMIRI STOOL,2,3,179.85,59.95,22,,[],0,Sin regla,Papelería y Tarjetería,0.24397214671009043,Papelería y Tarjetería
84963A,PINK PAINTED KASHMIRI CHAIR,9,23,763.35,41.74,22,,[],0,Sin regla,Papelería y Tarjetería,0.08201093015155791,Sin clasificar
84963B,BLUE PAINTED KASHMIRI CHAIR,6,18,591.5,42.96,22,,[],0,Sin regla,Papelería y Tarjetería,0.1458522318789094,Sin clasificar
84964A,PINK PAINTED KASHMIRI TABLE,2,11,630.0,45.0,19,,[],0,Sin regla,"Espejos, Relojes y Arte de Pared",0.22933738810897386,"Espejos, Relojes y Arte de Pared"
84964B,BLUE PAINTED KASHMIRI TABLE,2,17,990.0,45.0,19,,[],0,Sin regla,"Espejos, Relojes y Arte de Pared",0.18031508026983467,Sin clasificar
84965A,PINK KASHMIRI COFFEE TABLE,3,20,1050.0,40.0,9,,[],0,Sin regla,Cocina y Mesa,0.26842109213897497,Cocina y Mesa
84965B,BLUE KASHMIRI COFFEE TABLE,4,27,1359.95,62.49,9,,[],0,Sin regla,Cocina y Mesa,0.31401967545893716,Cocina y Mesa
84966A,PINK KASHMIRI BOXED MIRROR,4,13,225.95,25.49,20,"Espejos, Relojes y Arte de Pared","['Espejos, Relojes y Arte de Pared']",1,"Espejos, Relojes y Arte de Pared","Espejos, Relojes y Arte de Pared",2.008189646996602,"Espejos, Relojes y Arte de Pared"
84966B,BLUE KASHMIRI BOXED MIRROR,4,33,428.0,16.0,20,"Espejos, Relojes y Arte de Pared","['Espejos, Relojes y Arte de Pared']",1,"Espejos, Relojes y Arte de Pared","Espejos, Relojes y Arte de Pared",1.965564669807176,"Espejos, Relojes y Arte de Pared"
84966C,GREEN KASHMIRI BOXED MIRROR,2,23,276.0,12.0,20,"Espejos, Relojes y Arte de Pared","['Espejos, Relojes y Arte de Pared']",1,"Espejos, Relojes y Arte de Pared","Espejos, Relojes y Arte de Pared",1.9412229041197124,"Espejos, Relojes y Arte de Pared"
84967A,PINK KASHMIRI OCCASIONAL TABLE,3,3,174.9,58.3,19,,[],0,Sin regla,Cocina y Mesa,0.013261730159084495,Sin clasificar
84967B,BLUE KASHMIRI OCCASIONAL TABLE,11,24,1249.45,65.87,19,,[],0,Sin regla,Cocina y Mesa,0.06774555112671676,Sin clasificar
84967C,GREEN KASHMIRI OCCASIONAL TABLE,4,9,419.85,67.46,19,,[],0,Sin regla,Cocina y Mesa,0.04165322051360687,Sin clasificar
84968A,SET OF 16 VINTAGE ROSE CUTLERY,209,535,6688.9,14.34,22,Cocina y Mesa,['Cocina y Mesa'],1,Cocina y Mesa,Cocina y Mesa,1.9010757286959923,Cocina y Mesa
84968B,S 16 VINTAGE IVORY CUTLERY,137,430,5732.39,15.02,22,Cocina y Mesa,['Cocina y Mesa'],1,Cocina y Mesa,Cocina y Mesa,1.864286096791116,Cocina y Mesa
84968C,SET OF 16 VINTAGE PISTACHIO CUTLERY,192,637,7629.25,14.95,22,Cocina y Mesa,['Cocina y Mesa'],1,Cocina y Mesa,Cocina y Mesa,1.847948527793139,Cocina y Mesa
84968D,SET OF 16 VINTAGE RED CUTLERY,110,476,5494.08,13.76,22,Cocina y Mesa,['Cocina y Mesa'],1,Cocina y Mesa,Cocina y Mesa,1.952686082635929,Cocina y Mesa
84968E,SET OF 16 VINTAGE BLACK CUTLERY,111,403,4894.61,14.07,22,Cocina y Mesa,['Cocina y Mesa'],1,Cocina y Mesa,Cocina y Mesa,1.9847525838885296,Cocina y Mesa
84968F,SET OF 16 VINTAGE SKY BLUE CUTLERY,133,300,3622.75,13.5,22,Cocina y Mesa,['Cocina y Mesa'],1,Cocina y Mesa,Cocina y Mesa,1.6596462335453226,Cocina y Mesa
84969,BOX OF 6 ASSORTED COLOUR TEASPOONS,341,969,4279.93,4.86,4,,[],0,Sin regla,Decoración del Hogar,0.4275729520030886,Decoración del Hogar
84970L,SINGLE HEART ZINC T LIGHT HOLDER,1152,17633,17664.18,1.29,15,Velas e Iluminación,['Velas e Iluminación'],1,Velas e Iluminación,Velas e Iluminación,1.9191461622663042,Velas e Iluminación
84970S,HANGING HEART ZINC T LIGHT HOLDER,1532,26817,22578.3,1.16,15,Velas e Iluminación,"['Velas e Iluminación', 'Decoración del Hogar']",2,Velas e Iluminación,Velas e Iluminación,1.786999944556261,Velas e Iluminación
84971L,LARGE HEART FLOWERS HOOK,60,587,728.43,1.59,39,,[],0,Sin regla,Cocina y Mesa,0.12240715019672277,Sin clasificar
84971S,SMALL HEART FLOWERS HOOK,469,6495,5503.27,1.08,39,,[],0,Sin regla,Cocina y Mesa,0.17131663112910933,Sin clasificar
84972L,GIANT PINK HEART MEMO HOLDER,46,117,462.15,3.95,39,,[],0,Sin regla,Decoración del Hogar,0.26368357390179087,Decoración del Hogar
84974,S 2 ZINC HEART DESIGN PLANTERS,58,89,879.55,9.93,39,,[],0,Sin regla,Velas e Iluminación,0.07657812244124634,Sin clasificar
84975,HEART SHAPED MIRROR,214,1990,3266.4,2.03,20,"Espejos, Relojes y Arte de Pared","['Espejos, Relojes y Arte de Pared']",1,"Espejos, Relojes y Arte de Pared","Espejos, Relojes y Arte de Pared",2.0299076235935303,"Espejos, Relojes y Arte de Pared"
84976,RECTANGULAR SHAPED MIRROR,56,674,722.76,1.69,20,"Espejos, Relojes y Arte de Pared","['Espejos, Relojes y Arte de Pared']",1,"Espejos, Relojes y Arte de Pared","Espejos, Relojes y Arte de Pared",1.9782088803171134,"Espejos, Relojes y Arte de Pared"
84977,WIRE FLOWER T LIGHT HOLDER,44,223,281.33,1.31,15,Velas e Iluminación,['Velas e Iluminación'],1,Velas e Iluminación,Velas e Iluminación,2.1108656573896956,Velas e Iluminación
84978,HANGING HEART JAR T LIGHT HOLDER,1440,21689,28475.96,1.51,15,Velas e Iluminación,"['Velas e Iluminación', 'Decoración del Hogar']",2,Velas e Iluminación,Velas e Iluminación,1.4296546034370856,Velas e Iluminación
84984A,GREEN PEONY CUSHION COVER,17,266,462.12,4.47,21,Textiles del Hogar,['Textiles del Hogar'],1,Textiles del Hogar,Textiles del Hogar,2.0668368293787243,Textiles del Hogar
84984B,RED PEONY CUSHION COVER,16,322,541.3,4.2,21,Textiles del Hogar,['Textiles del Hogar'],1,Textiles del Hogar,Textiles del Hogar,2.018826888249336,Textiles del Hogar
84984C,ORIENTAL BLUE CUSHION COVER,16,232,401.16,5.83,21,Textiles del Hogar,['Textiles del Hogar'],1,Textiles del Hogar,Textiles del Hogar,2.3094915665740094,Textiles del Hogar
84984D,ORIENTAL RED C COVER,21,159,404.91,6.06,22,,[],0,Sin regla,Textiles del Hogar,0.38846301962972,Textiles del Hogar
84985A,SET OF 72 GREEN PAPER DOILIES,163,654,1047.93,1.83,22,Papelería y Tarjetería,['Papelería y Tarjetería'],1,Papelería y Tarjetería,Papelería y Tarjetería,1.9963715007336766,Papelería y Tarjetería
84985B,SET OF 72 BLACK PAPER DOILIES,25,129,197.94,1.82,22,Papelería y Tarjetería,['Papelería y Tarjetería'],1,Papelería y Tarjetería,Papelería y Tarjetería,1.9993977671705883,Papelería y Tarjetería
84986B,SET OF 36 SILVER PAPER DOILIES,81,438,656.94,1.62,22,Papelería y Tarjetería,['Papelería y Tarjetería'],1,Papelería y Tarjetería,Papelería y Tarjetería,2.0081680695064428,Papelería y Tarjetería
84987,SET OF 36 TEATIME PAPER DOILIES,816,8138,11864.15,1.81,22,Papelería y Tarjetería,['Papelería y Tarjetería'],1,Papelería y Tarjetería,Papelería y Tarjetería,2.065492097198078,Papelería y Tarjetería
84988,SET OF 72 PINK HEART PAPER DOILIES,1023,8305,12913.24,2.1,39,Papelería y Tarjetería,['Papelería y Tarjetería'],1,Papelería y Tarjetería,Papelería y Tarjetería,1.8898297781917892,Papelería y Tarjetería
84989A,75 GREEN FAIRY CAKE CASES,196,2194,1243.99,0.96,32,Cocina y Mesa,['Cocina y Mesa'],1,Cocina y Mesa,Cocina y Mesa,1.8357604762742787,Cocina y Mesa
84989B,75 BLACK FAIRY CAKE CASES,63,1019,522.95,0.74,32,Cocina y Mesa,['Cocina y Mesa'],1,Cocina y Mesa,Cocina y Mesa,1.9117850600024,Cocina y Mesa
84990,60 GOLD AND SILVER FAIRY CAKE CASES,199,4248,2062.19,0.64,32,Cocina y Mesa,['Cocina y Mesa'],1,Cocina y Mesa,Cocina y Mesa,1.567004180147355,Cocina y Mesa
84991,60 TEATIME FAIRY CAKE CASES,2179,54028,27041.21,0.66,32,Cocina y Mesa,['Cocina y Mesa'],1,Cocina y Mesa,Cocina y Mesa,1.833346219091005,Cocina y Mesa
84992,72 SWEETHEART FAIRY CAKE CASES,1502,34797,17259.85,0.69,32,Cocina y Mesa,['Cocina y Mesa'],1,Cocina y Mesa,Cocina y Mesa,1.6698099501962096,Cocina y Mesa
84993A,75 GREEN PETIT FOUR CASES,208,1522,691.32,0.58,22,,[],0,Sin regla,Cocina y Mesa,0.9047359828898425,Cocina y Mesa
84993B,75 BLACK PETIT FOUR CASES,99,571,260.65,0.51,22,,[],0,Sin regla,Cocina y Mesa,1.0376044669894902,Cocina y Mesa
84997A,GREEN 3 PIECE MINI DOTS CUTLERY SET,674,5363,20882.48,4.63,22,Cocina y Mesa,['Cocina y Mesa'],1,Cocina y Mesa,Cocina y Mesa,1.935331853063888,Cocina y Mesa
84997B,RED 3 PIECE MINI DOTS CUTLERY SET,1119,9771,38810.64,4.43,22,Cocina y Mesa,['Cocina y Mesa'],1,Cocina y Mesa,Cocina y Mesa,1.9531834014123022,Cocina y Mesa
84997C,BLUE 3 PIECE MINI DOTS CUTLERY SET,1041,9151,35699.23,4.37,22,Cocina y Mesa,['Cocina y Mesa'],1,Cocina y Mesa,Cocina y Mesa,1.9300829054164446,Cocina y Mesa
84997D,PINK 3 PIECE MINI DOTS CUTLERY SET,1186,11024,42972.52,4.45,22,Cocina y Mesa,['Cocina y Mesa'],1,Cocina y Mesa,Cocina y Mesa,1.9369011479694733,Cocina y Mesa
85006,SET 4 NURSERY DES ROUND BOXES,37,3049,1289.31,2.55,22,,[],0,Sin regla,Cajas y Almacenamiento,0.6783971265652969,Cajas y Almacenamiento
85007,SET OF 3 VINTAGE TEA TIME BOXES,22,143,399.62,4.18,26,,[],0,Sin regla,Cajas y Almacenamiento,0.5968162530747055,Cajas y Almacenamiento
85008,SET OF 3 CONEY ISLAND OVAL BOXES,100,269,1058.72,5.22,22,,[],0,Sin regla,Cajas y Almacenamiento,0.3059075015868108,Cajas y Almacenamiento
85014A,BLACK BLUE POLKADOT UMBRELLA,714,4656,22213.7,6.57,22,,[],0,Sin regla,Cocina y Mesa,0.5355332207273112,Cocina y Mesa
85014B,RED RETROSPOT UMBRELLA,935,6194,31268.0,6.89,22,,[],0,Sin regla,Cocina y Mesa,0.03435785068782604,Sin clasificar
85014C,BLUE BROWN DOTS RUFFLED UMBRELLA,72,547,2270.73,6.53,22,,[],0,Sin regla,Cocina y Mesa,0.3093975438884014,Cocina y Mesa
85014D,PINK BROWN DOTS RUFFLED UMBRELLA,90,1918,6664.45,6.06,22,,[],0,Sin regla,Cocina y Mesa,0.3073921149270905,Cocina y Mesa
85015,SET OF 12 VINTAGE POSTCARD SET,254,2908,2750.0,1.84,12,,[],0,Sin regla,Papelería y Tarjetería,0.931509252171451,Papelería y Tarjetería
85016,SET OF 6 VINTAGE NOTELETS KIT,167,1679,2033.33,2.36,22,,[],0,Sin regla,Papelería y Tarjetería,1.2427511022153623,Papelería y Tarjetería
85017A,ENVELOPE 50 ROMANTIC IMAGES,175,1157,792.15,0.83,41,Papelería y Tarjetería,['Papelería y Tarjetería'],1,Papelería y Tarjetería,Papelería y Tarjetería,1.9105513626447213,Papelería y Tarjetería
85017B,ENVELOPE 50 BLOSSOM IMAGES,318,2231,1390.39,0.75,41,Papelería y Tarjetería,['Papelería y Tarjetería'],1,Papelería y Tarjetería,Papelería y Tarjetería,1.8783072573085677,Papelería y Tarjetería
85017C,ENVELOPE 50 CURIOUS IMAGES,121,1087,719.67,0.81,41,Papelería y Tarjetería,['Papelería y Tarjetería'],1,Papelería y Tarjetería,Papelería y Tarjetería,1.8714797063396547,Papelería y Tarjetería
85018A,S 6 PAPER BOXES ROMANTIC IMAGES,10,15,63.75,4.25,41,,[],0,Sin regla,Papelería y Tarjetería,0.06564249402157751,Sin clasificar
85018B,S 6 PAPER BOXES BLOSSOM IMAGES,10,15,63.75,4.25,41,,[],0,Sin regla,Cajas y Almacenamiento,0.11647688865866496,Sin clasificar
85018C,S 6 PAPER BOXES CURIOUS IMAGES,4,36,127.2,4.04,41,,[],0,Sin regla,Papelería y Tarjetería,0.033695841169711194,Sin clasificar
85018D,YULETIDE IMAGES S 6 PAPER BOXES,80,787,969.9,2.2,22,,[],0,Sin regla,Cajas y Almacenamiento,0.2662429167814354,Cajas y Almacenamiento
85019A,ROMANTIC IMAGES NOTEBOOK SET,49,647,915.04,2.68,41,Papelería y Tarjetería,['Papelería y Tarjetería'],1,Papelería y Tarjetería,Papelería y Tarjetería,1.9806848611787975,Papelería y Tarjetería
85019B,BLOSSOM IMAGES NOTEBOOK SET,47,718,982.47,2.3,41,Papelería y Tarjetería,['Papelería y Tarjetería'],1,Papelería y Tarjetería,Papelería y Tarjetería,1.9834337791209269,Papelería y Tarjetería
85019C,CURIOUS IMAGES NOTEBOOK SET,25,423,651.19,3.39,41,Papelería y Tarjetería,['Papelería y Tarjetería'],1,Papelería y Tarjetería,Papelería y Tarjetería,1.957408051185705,Papelería y Tarjetería
85020,ROUND PINK HEART MIRROR,58,240,533.48,2.57,20,"Espejos, Relojes y Arte de Pared","['Espejos, Relojes y Arte de Pared']",1,"Espejos, Relojes y Arte de Pared","Espejos, Relojes y Arte de Pared",2.3252191748624655,"Espejos, Relojes y Arte de Pared"
85023A,CRYSTAL LARGE JEWELLED PHOTO FRAME,10,22,56.1,2.55,33,Marcos y Fotografía,['Marcos y Fotografía'],1,Marcos y Fotografía,Marcos y Fotografía,1.9947001616491384,Marcos y Fotografía
85023B,EAU DE NILE JEWELLED PHOTOFRAME,38,293,682.35,2.53,22,,[],0,Sin regla,Marcos y Fotografía,0.48524202296526286,Marcos y Fotografía
85023C,PINK LARGE JEWELED PHOTOFRAME,12,23,58.65,2.55,22,,[],0,Sin regla,Marcos y Fotografía,0.666889923482727,Marcos y Fotografía
85024A,CRYSTAL SMALL JEWELLED PHOTOFRAME,1,1,1.65,1.65,22,,[],0,Sin regla,Marcos y Fotografía,0.5033852505850066,Marcos y Fotografía
85024B,EAU DE NILE JEWELLED PHOTOFRAME,21,218,330.9,1.64,22,,[],0,Sin regla,Marcos y Fotografía,0.48524202296526286,Marcos y Fotografía
85024C,PINK SMALL JEWELLED PHOTOFRAME,45,99,163.35,1.65,22,,[],0,Sin regla,Marcos y Fotografía,0.8441863071340225,Marcos y Fotografía
85025B,EAU DE NILE HEART SHAPE PHOTO FRAME,98,570,985.4,2.14,33,Marcos y Fotografía,['Marcos y Fotografía'],1,Marcos y Fotografía,Marcos y Fotografía,1.950045000118857,Marcos y Fotografía
85025C,PINK HEART SHAPE PHOTO FRAME,126,720,1285.91,2.05,33,Marcos y Fotografía,['Marcos y Fotografía'],1,Marcos y Fotografía,Marcos y Fotografía,2.618239385006684,Marcos y Fotografía
85026B,EAU DE NILE JEWELLED T LIGHT HOLDER,29,300,367.55,1.1,15,Velas e Iluminación,['Velas e Iluminación'],1,Velas e Iluminación,Velas e Iluminación,1.859631835308158,Velas e Iluminación
85027L,FRENCH CHATEAU LARGE PLATTER,40,190,538.5,4.65,22,,[],0,Sin regla,Cocina y Mesa,0.6230331418313964,Cocina y Mesa
85028L,FRENCH CHATEAU LARGE FRUIT BOWL,27,271,654.01,5.86,44,Cocina y Mesa,['Cocina y Mesa'],1,Cocina y Mesa,Cocina y Mesa,1.8784998753176247,Cocina y Mesa
85028S,FRENCH CHATEAU SMALL FRUITBOWL,34,430,656.82,3.33,22,,[],0,Sin regla,Cocina y Mesa,0.6752644609515644,Cocina y Mesa
85030,FRENCH CHATEAU OVAL PLATTER,29,211,531.45,5.05,22,,[],0,Sin regla,Cocina y Mesa,0.21475551379502156,Cocina y Mesa
85031A,ROMANTIC IMAGES SCRAP BOOK SET,102,477,943.44,3.54,41,,[],0,Sin regla,Papelería y Tarjetería,0.7477067843795123,Papelería y Tarjetería
85031B,BLOSSOM IMAGES SCRAP BOOK SET,85,496,896.09,3.38,41,,[],0,Sin regla,Papelería y Tarjetería,0.5888182779595856,Papelería y Tarjetería
85031C,CURIOUS IMAGES SCRAP BOOK SET,107,481,1017.48,3.51,41,,[],0,Sin regla,Papelería y Tarjetería,0.711291262141388,Papelería y Tarjetería
85032A,ROMANTIC IMAGES GIFT WRAP SET,161,1441,1323.51,1.27,37,Papelería y Tarjetería,['Papelería y Tarjetería'],1,Papelería y Tarjetería,Papelería y Tarjetería,2.077118894306897,Papelería y Tarjetería
85032B,BLOSSOM IMAGES GIFT WRAP SET,152,982,953.34,1.27,37,Papelería y Tarjetería,['Papelería y Tarjetería'],1,Papelería y Tarjetería,Papelería y Tarjetería,1.968228556403528,Papelería y Tarjetería
85032C,CURIOUS IMAGES GIFT WRAP SET,162,886,946.59,1.37,37,Papelería y Tarjetería,['Papelería y Tarjetería'],1,Papelería y Tarjetería,Papelería y Tarjetería,2.028257775077012,Papelería y Tarjetería
85032D,YULETIDE IMAGES GIFT WRAP SET,134,1148,1327.68,1.4,37,Papelería y Tarjetería,['Papelería y Tarjetería'],1,Papelería y Tarjetería,Papelería y Tarjetería,2.1840277676957025,Papelería y Tarjetería
85033G,SET 6 GOLD REINDEER T LIGHT CANDLES,33,236,376.05,2.74,38,Navidad,"['Navidad', 'Velas e Iluminación']",2,Navidad,Navidad,0.7686219600709238,Navidad
85033S,SET 6 SILVER REINDEER T LIGHTS,50,258,317.35,1.57,23,Navidad,"['Navidad', 'Velas e Iluminación']",2,Navidad,Navidad,1.70891058024797,Navidad
85034A,3 GARDENIA MORRIS BOXED CANDLES,145,849,2389.69,3.99,38,Jardín y Exterior,"['Jardín y Exterior', 'Velas e Iluminación']",2,Jardín y Exterior,Jardín y Exterior,1.6750580814452565,Jardín y Exterior
85034B,3 WHITE CHOC MORRIS BOXED CANDLES,155,1184,2614.93,3.33,38,Velas e Iluminación,['Velas e Iluminación'],1,Velas e Iluminación,Velas e Iluminación,1.6963867133900714,Velas e Iluminación
85034C,3 ROSE MORRIS BOXED CANDLES,204,1314,2604.15,2.91,38,Velas e Iluminación,['Velas e Iluminación'],1,Velas e Iluminación,Velas e Iluminación,1.6611688542327494,Velas e Iluminación
85035A,GARDENIA 3 WICK MORRIS BOXED CANDLE,185,649,2370.31,4.39,35,Jardín y Exterior,"['Jardín y Exterior', 'Velas e Iluminación']",2,Jardín y Exterior,Jardín y Exterior,1.8330993561872817,Jardín y Exterior
85035B,CHOCOLATE 3 WICK MORRIS BOX CANDLE,137,992,2590.11,4.09,4,Velas e Iluminación,['Velas e Iluminación'],1,Velas e Iluminación,Velas e Iluminación,1.888957491387485,Velas e Iluminación
85035C,ROSE 3 WICK MORRIS BOX CANDLE,205,1358,2710.79,3.26,4,Velas e Iluminación,['Velas e Iluminación'],1,Velas e Iluminación,Velas e Iluminación,1.9620487463572927,Velas e Iluminación
85036A,GARDENIA 1 WICK MORRIS BOXED CANDLE,172,621,2405.79,4.15,35,Jardín y Exterior,"['Jardín y Exterior', 'Velas e Iluminación']",2,Jardín y Exterior,Jardín y Exterior,1.8428606505297889,Jardín y Exterior
85036B,CHOCOLATE 1 WICK MORRIS BOX CANDLE,89,600,1547.1,3.2,4,Velas e Iluminación,['Velas e Iluminación'],1,Velas e Iluminación,Velas e Iluminación,1.8456810228697933,Velas e Iluminación
85036C,ROSE 1 WICK MORRIS BOXED CANDLE,131,878,1629.02,3.03,35,Velas e Iluminación,['Velas e Iluminación'],1,Velas e Iluminación,Velas e Iluminación,1.602442877336848,Velas e Iluminación
85038,6 CHOCOLATE LOVE HEART T LIGHTS,394,2778,5803.58,2.49,31,Velas e Iluminación,['Velas e Iluminación'],1,Velas e Iluminación,Velas e Iluminación,1.9166194266342176,Velas e Iluminación
85039A,SET 4 RED MINI ROSE CANDLE IN BOWL,295,1512,1873.82,1.89,44,Cocina y Mesa,"['Cocina y Mesa', 'Velas e Iluminación']",2,Cocina y Mesa,Cocina y Mesa,1.9216791563458955,Cocina y Mesa
85039B,S 4 IVORY MINI ROSE CANDLE IN BOWL,269,1657,2191.96,1.67,44,Cocina y Mesa,"['Cocina y Mesa', 'Velas e Iluminación']",2,Cocina y Mesa,Cocina y Mesa,1.730992147137974,Cocina y Mesa
85039C,S 4 BLACK MINI ROSE CANDLE IN BOWL,114,536,516.31,1.71,44,Cocina y Mesa,"['Cocina y Mesa', 'Velas e Iluminación']",2,Cocina y Mesa,Cocina y Mesa,1.8685253401502375,Cocina y Mesa
85040A,S 4 PINK FLOWER CANDLES IN BOWL,449,2116,3809.64,2.08,44,Cocina y Mesa,"['Cocina y Mesa', 'Velas e Iluminación']",2,Cocina y Mesa,Cocina y Mesa,1.713105024504433,Cocina y Mesa
85040B,SET 4 BLUE FLOWER CANDLES IN BOWL,260,2458,3837.3,1.76,44,Cocina y Mesa,"['Cocina y Mesa', 'Velas e Iluminación']",2,Cocina y Mesa,Cocina y Mesa,1.7648105502236813,Cocina y Mesa
85041,SET 4 PINK ORCHID CANDLES IN BOWL,95,1853,2489.87,1.79,44,Cocina y Mesa,"['Cocina y Mesa', 'Velas e Iluminación']",2,Cocina y Mesa,Cocina y Mesa,1.846162462702775,Cocina y Mesa
85042,ANTIQUE LILY FAIRY LIGHTS,296,2685,12234.56,4.98,23,Velas e Iluminación,['Velas e Iluminación'],1,Velas e Iluminación,Velas e Iluminación,2.0232671177466486,Velas e Iluminación
85043,RED HEART CANDY POP LIGHTS,1,1,4.95,4.95,23,Velas e Iluminación,['Velas e Iluminación'],1,Velas e Iluminación,Velas e Iluminación,1.9404421187977012,Velas e Iluminación
85044,RED REINDEER STRING OF 20 LIGHTS,40,149,801.4,6.93,23,Navidad,"['Navidad', 'Velas e Iluminación']",2,Navidad,Navidad,1.7254777884575292,Navidad
85045,GREEN CHRISTMAS TREE STRING 20LIGHT,85,471,2239.34,5.62,0,Navidad,['Navidad'],1,Navidad,Navidad,1.9296582034792515,Navidad
85047,WHITE BEADED GARLAND STRING 20LIGHT,240,1051,6664.33,7.06,14,Decoración del Hogar,['Decoración del Hogar'],1,Decoración del Hogar,Decoración del Hogar,1.7153017834123092,Decoración del Hogar
85048,15CM CHRISTMAS GLASS BALL 20 LIGHTS,522,2685,21201.13,9.16,23,Navidad,"['Navidad', 'Velas e Iluminación']",2,Navidad,Navidad,1.9337369187175746,Navidad
85049A,TRADITIONAL CHRISTMAS RIBBONS,731,6585,9566.02,1.58,0,Navidad,"['Navidad', 'Papelería y Tarjetería']",2,Navidad,Navidad,2.0175692035215396,Navidad
85049B,LUSH GREENS RIBBONS,343,2130,2663.24,1.33,22,Papelería y Tarjetería,['Papelería y Tarjetería'],1,Papelería y Tarjetería,Papelería y Tarjetería,2.1397922527259894,Papelería y Tarjetería
85049C,ROMANTIC PINKS RIBBONS,510,2982,3748.75,1.34,22,Papelería y Tarjetería,['Papelería y Tarjetería'],1,Papelería y Tarjetería,Papelería y Tarjetería,1.8740428616458351,Papelería y Tarjetería
85049D,BRIGHT BLUES RIBBONS,409,2332,2927.88,1.33,22,Papelería y Tarjetería,['Papelería y Tarjetería'],1,Papelería y Tarjetería,Papelería y Tarjetería,1.970571805827685,Papelería y Tarjetería
85049E,SCANDINAVIAN REDS RIBBONS,909,6584,9346.72,1.6,22,Papelería y Tarjetería,['Papelería y Tarjetería'],1,Papelería y Tarjetería,Papelería y Tarjetería,1.7280200644943569,Papelería y Tarjetería
85049F,BABY BOOM RIBBONS,319,2110,2634.0,1.31,22,Papelería y Tarjetería,['Papelería y Tarjetería'],1,Papelería y Tarjetería,Papelería y Tarjetería,1.6674466110796264,Papelería y Tarjetería
85049G,CHOCOLATE BOX RIBBONS,576,3944,5000.06,1.47,4,Papelería y Tarjetería,['Papelería y Tarjetería'],1,Papelería y Tarjetería,Papelería y Tarjetería,1.389180280540199,Papelería y Tarjetería
85049H,URBAN BLACK RIBBONS,338,2066,2067.18,1.15,22,Papelería y Tarjetería,['Papelería y Tarjetería'],1,Papelería y Tarjetería,Papelería y Tarjetería,2.0222268051569467,Papelería y Tarjetería
85050,FRENCH ENAMEL SOAP DISH WITH LID,1,48,100.8,2.1,34,,[],0,Sin regla,Cocina y Mesa,0.47146963479668286,Cocina y Mesa
85053,FRENCH ENAMEL CANDLEHOLDER,384,2032,4363.28,2.62,22,Velas e Iluminación,['Velas e Iluminación'],1,Velas e Iluminación,Velas e Iluminación,1.6369168629108062,Velas e Iluminación
85054,FRENCH ENAMEL POT W LID,208,916,2495.02,3.49,22,,[],0,Sin regla,Cocina y Mesa,0.06853420168779512,Sin clasificar
85055,FRENCH ENAMEL UTENSIL HOLDER,108,359,1442.94,4.7,22,,[],0,Sin regla,Cocina y Mesa,0.1478607326015846,Sin clasificar
85059,FRENCH ENAMEL WATER BASIN,213,701,2399.89,4.29,2,,[],0,Sin regla,Botellas de Agua Caliente y Confort,0.3953163878887721,Botellas de Agua Caliente y Confort
85060,WOOD FAN WITH FLOWER DESIGN,88,1448,1745.62,1.41,36,Decoración del Hogar,['Decoración del Hogar'],1,Decoración del Hogar,Decoración del Hogar,1.641983094200565,Decoración del Hogar
85061W,WHITE JEWELLED HEART DECORATION,483,6306,5451.49,1.08,1,Decoración del Hogar,['Decoración del Hogar'],1,Decoración del Hogar,Decoración del Hogar,2.0192463875715103,Decoración del Hogar
85062,PEARL CRYSTAL PUMPKIN T LIGHT HLDR,346,3886,6363.28,1.8,22,Velas e Iluminación,['Velas e Iluminación'],1,Velas e Iluminación,Velas e Iluminación,1.7064259603603513,Velas e Iluminación
85063,CREAM SWEETHEART MAGAZINE RACK,180,308,5426.74,18.9,30,,[],0,Sin regla,Cajas y Almacenamiento,0.5568813866385767,Cajas y Almacenamiento
85064,CREAM SWEETHEART LETTER RACK,279,1595,7493.06,6.16,30,,[],0,Sin regla,Cajas y Almacenamiento,0.4298774038625186,Cajas y Almacenamiento
85065,CREAM SWEETHEART TRAYS,256,620,7524.44,13.57,30,,[],0,Sin regla,Cajas y Almacenamiento,0.07006598300729527,Sin clasificar
85066,CREAM SWEETHEART MINI CHEST,938,3091,38599.98,14.1,30,Cajas y Almacenamiento,['Cajas y Almacenamiento'],1,Cajas y Almacenamiento,Cajas y Almacenamiento,1.7858149481502785,Cajas y Almacenamiento
85067,CREAM SWEETHEART WALL CABINET,176,496,8201.99,20.33,30,Cajas y Almacenamiento,['Cajas y Almacenamiento'],1,Cajas y Almacenamiento,Cajas y Almacenamiento,1.9335653726386526,Cajas y Almacenamiento
85068,CREAM SWEETHEART SHELF HOOKS,199,960,6647.24,8.65,30,,[],0,Sin regla,Cocina y Mesa,0.013321876402324406,Sin clasificar
85069,CREAM SWEETHEART DOUBLE SHELF,1,3,50.85,16.95,30,,[],0,Sin regla,Cocina y Mesa,0.009737486842156307,Sin clasificar
85070,ANT WHITE SWEETHEART TABLE W 3 DRAW,3,3,320.0,106.67,30,,[],0,Sin regla,Decoración del Hogar,0.11519870207302318,Sin clasificar
85071A,BLUE CHARLIE LOLA PERSONAL DOORSIGN,149,1907,1415.69,1.26,22,,[],0,Sin regla,Carteles y Señalética,0.5143636896600909,Carteles y Señalética
85071B,RED CHARLIE LOLA PERSONAL DOORSIGN,167,2340,1316.48,1.3,22,,[],0,Sin regla,Carteles y Señalética,0.45102364747649426,Carteles y Señalética
85071C,CHARLIE LOLA EXTREMELY BUSY SIGN,142,1285,837.23,1.68,11,Carteles y Señalética,['Carteles y Señalética'],1,Carteles y Señalética,Carteles y Señalética,1.8722854532871154,Carteles y Señalética
85071D,CHARLIE LOLA MY ROOM DOOR SIGN,114,884,548.86,1.28,11,Carteles y Señalética,['Carteles y Señalética'],1,Carteles y Señalética,Carteles y Señalética,1.9046333065449108,Carteles y Señalética
85072,OCCASIONS GIFT CARD ASSORTMENT,1,120,66.0,0.55,22,Papelería y Tarjetería,['Papelería y Tarjetería'],1,Papelería y Tarjetería,Papelería y Tarjetería,1.7715166572882324,Papelería y Tarjetería
85077,KISSING REINDEER TABLE RUNNER,1,1,5.95,5.95,19,Navidad,['Navidad'],1,Navidad,Navidad,1.8992317628926272,Navidad
85078,SCANDINAVIAN 3 HEARTS NAPKIN RING,164,2258,1052.02,1.5,22,Cocina y Mesa,['Cocina y Mesa'],1,Cocina y Mesa,Cocina y Mesa,1.5220345259120052,Cocina y Mesa
85079,EMBROIDERED REINDEER DECORATION,9,23,32.25,1.41,1,Navidad,"['Navidad', 'Decoración del Hogar']",2,Navidad,Navidad,1.8250527434101327,Navidad
85080,PADDED RED HEART DECORATION,22,113,55.76,0.53,1,Decoración del Hogar,['Decoración del Hogar'],1,Decoración del Hogar,Decoración del Hogar,1.9671536731710524,Decoración del Hogar
85081,PADDED HOLLY CHRISTMAS DECORATION,22,104,46.17,0.46,1,Navidad,"['Navidad', 'Decoración del Hogar']",2,Navidad,Navidad,3.2273379816789944,Navidad
85083,KISS REINDEER SCANDINAVIAN STOCKING,2,5,12.75,2.55,22,Navidad,['Navidad'],1,Navidad,Navidad,2.740206855971672,Navidad
85084,HOLLY TOP CHRISTMAS STOCKING,87,682,681.4,1.07,0,Navidad,['Navidad'],1,Navidad,Navidad,4.595558094365345,Navidad
85086A,CANDY SPOT HEART DECORATION,153,587,568.73,1.16,1,Decoración del Hogar,['Decoración del Hogar'],1,Decoración del Hogar,Decoración del Hogar,1.9488526758818092,Decoración del Hogar
85087,CANDY SPOT CUSHION COVER,146,420,1392.64,3.63,21,Textiles del Hogar,['Textiles del Hogar'],1,Textiles del Hogar,Textiles del Hogar,2.281313031923781,Textiles del Hogar
85088,CANDY SPOT HAND BAG,79,347,723.85,2.34,6,Bolsos y Carteras,['Bolsos y Carteras'],1,Bolsos y Carteras,Bolsos y Carteras,1.931980782798141,Bolsos y Carteras
85089,CANDY SPOT BUNNY,30,99,317.54,3.9,22,Pascua y Fiestas,['Pascua y Fiestas'],1,Pascua y Fiestas,Pascua y Fiestas,1.8965050274083306,Pascua y Fiestas
85090,CANDY SPOT APRON,54,106,559.28,5.88,22,Cocina y Mesa,['Cocina y Mesa'],1,Cocina y Mesa,Cocina y Mesa,1.7841846189639774,Cocina y Mesa
85091,CANDY SPOT BREAD BASKETS,20,343,548.81,5.51,22,,[],0,Sin regla,Cocina y Mesa,0.19809737231574154,Sin clasificar
85092,CANDY SPOT TEA COSY,24,391,622.57,4.06,26,,[],0,Sin regla,Cocina y Mesa,0.41903572187433863,Cocina y Mesa
85093,CANDY SPOT EGG WARMER HARE,153,1361,1091.21,1.19,8,,[],0,Sin regla,Cocina y Mesa,0.10800576359547787,Sin clasificar
85094,CANDY SPOT EGG WARMER RABBIT,108,760,360.99,0.84,8,,[],0,Sin regla,Cocina y Mesa,0.10708174264708148,Sin clasificar
85095,THREE CANVAS LUGGAGE TAGS,49,174,259.09,1.8,22,"Espejos, Relojes y Arte de Pared","['Espejos, Relojes y Arte de Pared']",1,"Espejos, Relojes y Arte de Pared","Espejos, Relojes y Arte de Pared",1.9141323955842218,"Espejos, Relojes y Arte de Pared"
85096,HILDA CANDY SPOT RABBIT,67,164,676.92,4.5,22,,[],0,Sin regla,Decoración del Hogar,0.0853138220492824,Sin clasificar
85097B,BLUE ROCKING SINGING CANARY,41,106,417.17,4.14,22,,[],0,Sin regla,Navidad,0.14346297930357943,Sin clasificar
85098B,BLUE FLYING SINGING CANARY,115,366,1456.94,4.7,22,,[],0,Sin regla,Cocina y Mesa,0.3006733320633208,Cocina y Mesa
85099B,JUMBO BAG RED RETROSPOT,4067,97176,182680.98,2.35,6,Bolsos y Carteras,['Bolsos y Carteras'],1,Bolsos y Carteras,Bolsos y Carteras,2.2259527426659274,Bolsos y Carteras
85099C,JUMBO BAG BAROQUE BLACK WHITE,1901,30657,59142.78,2.42,6,Bolsos y Carteras,['Bolsos y Carteras'],1,Bolsos y Carteras,Bolsos y Carteras,1.8752694656048345,Bolsos y Carteras
85099F,JUMBO BAG STRAWBERRY,1875,37061,69002.13,2.33,6,Bolsos y Carteras,['Bolsos y Carteras'],1,Bolsos y Carteras,Bolsos y Carteras,2.244735675333679,Bolsos y Carteras
85103,SILVER T LIGHT SETTING,87,317,2153.43,7.74,22,Velas e Iluminación,['Velas e Iluminación'],1,Velas e Iluminación,Velas e Iluminación,1.8724523310177505,Velas e Iluminación
85104,SILVER GLASS T LIGHT SET,59,351,1024.49,3.13,15,Velas e Iluminación,['Velas e Iluminación'],1,Velas e Iluminación,Velas e Iluminación,1.9351885615406186,Velas e Iluminación
85106,CUT GLASS HEXAGON T LIGHT HOLDER,60,1190,2271.24,2.42,15,Velas e Iluminación,['Velas e Iluminación'],1,Velas e Iluminación,Velas e Iluminación,1.8253005883834885,Velas e Iluminación
85107,CUT GLASS T LIGHT HOLDER OCTAGON,72,1203,2274.79,2.43,15,Velas e Iluminación,['Velas e Iluminación'],1,Velas e Iluminación,Velas e Iluminación,2.1605854033168583,Velas e Iluminación
85109,PINK BOUDOIR T LIGHT HOLDER,20,4211,475.43,0.79,15,Velas e Iluminación,['Velas e Iluminación'],1,Velas e Iluminación,Velas e Iluminación,1.8883171489829877,Velas e Iluminación
85110,BLACK SILVER FLOWER T LIGHT HOLDER,23,11520,1138.04,0.67,15,Velas e Iluminación,['Velas e Iluminación'],1,Velas e Iluminación,Velas e Iluminación,1.8329726318903043,Velas e Iluminación
85111,SILVER GLITTER FLOWER VOTIVE HOLDER,78,2907,954.15,0.76,36,Velas e Iluminación,['Velas e Iluminación'],1,Velas e Iluminación,Velas e Iluminación,1.4272817360755952,Velas e Iluminación
85112,S 3 TEAR DROP CUT GLASS DECORATION,34,465,412.77,1.65,1,Decoración del Hogar,['Decoración del Hogar'],1,Decoración del Hogar,Decoración del Hogar,1.8498113927348,Decoración del Hogar
85113,POLKA DOT PISTACHIO PAIL,49,285,591.66,2.31,22,,[],0,Sin regla,Cocina y Mesa,0.3375348796793205,Cocina y Mesa
85114A,BLACK ENCHANTED FOREST PLACEMAT,120,1326,2296.54,2.14,22,Cocina y Mesa,['Cocina y Mesa'],1,Cocina y Mesa,Cocina y Mesa,1.8700859209922747,Cocina y Mesa
85114B,IVORY ENCHANTED FOREST PLACEMAT,243,2073,3804.81,2.22,22,Cocina y Mesa,['Cocina y Mesa'],1,Cocina y Mesa,Cocina y Mesa,1.8354819405439071,Cocina y Mesa
85114C,RED ENCHANTED FOREST PLACEMAT,208,1364,2875.7,2.25,22,Cocina y Mesa,['Cocina y Mesa'],1,Cocina y Mesa,Cocina y Mesa,1.8526878044659048,Cocina y Mesa
85115B,S 4 BLACK DISCO PARTITION PANEL,2,6,37.62,6.27,22,,[],0,Sin regla,Cocina y Mesa,0.5084735972353953,Cocina y Mesa
85116,BLACK CANDELABRA T LIGHT HOLDER,182,1817,2206.24,1.56,15,Velas e Iluminación,['Velas e Iluminación'],1,Velas e Iluminación,Velas e Iluminación,2.5044529969074114,Velas e Iluminación
85117,NIGHTINGALE COATHOOK WHITE,61,347,594.32,2.23,22,,[],0,Sin regla,Cocina y Mesa,0.05159838291577534,Sin clasificar
85118,HEART T LIGHT HOLDER,81,2054,1133.68,1.25,15,Velas e Iluminación,['Velas e Iluminación'],1,Velas e Iluminación,Velas e Iluminación,2.7498462925628586,Velas e Iluminación
85119,WATERING CAN SINGLE HOOK PISTACHIO,40,413,567.48,1.72,22,Jardín y Exterior,['Jardín y Exterior'],1,Jardín y Exterior,Jardín y Exterior,1.8756092069569554,Jardín y Exterior
85121B,RETRO LAUNDRY TUB PINK,48,86,936.74,12.07,22,,[],0,Sin regla,Cocina y Mesa,0.251132367590946,Cocina y Mesa
85121C,RETRO LAUNDRY TUB PISTACHIO,53,98,918.91,9.96,22,,[],0,Sin regla,Cocina y Mesa,0.47626579705266564,Cocina y Mesa
85123A,WHITE HANGING HEART T LIGHT HOLDER,5610,94719,261168.73,3.14,15,Velas e Iluminación,"['Velas e Iluminación', 'Decoración del Hogar']",2,Velas e Iluminación,Velas e Iluminación,1.8290026698665933,Velas e Iluminación
85123B,ZINC HANGING HEART T LITE HLDR,1,1,6.04,6.04,39,Decoración del Hogar,['Decoración del Hogar'],1,Decoración del Hogar,Decoración del Hogar,1.6314812506341794,Decoración del Hogar
85124A,PINK JUICY FRUIT PHOTO FRAME,104,387,1087.73,3.36,33,Marcos y Fotografía,['Marcos y Fotografía'],1,Marcos y Fotografía,Marcos y Fotografía,2.091330363744575,Marcos y Fotografía
85124B,BLUE JUICY FRUIT PHOTO FRAME,104,355,948.7,3.02,33,Marcos y Fotografía,['Marcos y Fotografía'],1,Marcos y Fotografía,Marcos y Fotografía,2.096155122578665,Marcos y Fotografía
85124C,GREEN JUICY FRUIT PHOTO FRAME,123,429,1139.07,3.05,33,Marcos y Fotografía,['Marcos y Fotografía'],1,Marcos y Fotografía,Marcos y Fotografía,2.0239588047014507,Marcos y Fotografía
85125,SMALL ROUND CUT GLASS CANDLESTICK,62,309,1479.51,5.31,22,Velas e Iluminación,['Velas e Iluminación'],1,Velas e Iluminación,Velas e Iluminación,1.9663669630109635,Velas e Iluminación
85126,LARGE ROUND CUTGLASS CANDLESTICK,35,156,1069.16,7.09,22,Velas e Iluminación,['Velas e Iluminación'],1,Velas e Iluminación,Velas e Iluminación,1.8800107238619912,Velas e Iluminación
85127,SMALL SQUARE CUT GLASS CANDLESTICK,82,276,1710.67,6.97,22,Velas e Iluminación,['Velas e Iluminación'],1,Velas e Iluminación,Velas e Iluminación,1.8272851684268945,Velas e Iluminación
85128,PLANTPOT SINGLE HOOK PISTACHIO,4,167,188.95,2.41,22,,[],0,Sin regla,Jardín y Exterior,0.3405016773561129,Jardín y Exterior
85129A,WHITE PEARL BEADED HEART SMALL,80,444,569.16,1.43,39,,[],0,Sin regla,Decoración del Hogar,0.38573943997129423,Decoración del Hogar
85129B,BEADED CRYSTAL HEART GREEN SMALL,56,233,315.11,1.73,5,,[],0,Sin regla,Joyería y Bijouterie,0.10440638065283936,Sin clasificar
85129C,BEADED CRYSTAL HEART BLUE SMALL,66,390,510.23,1.61,5,,[],0,Sin regla,Decoración del Hogar,0.05997339945551827,Sin clasificar
85129D,BEADED CRYSTAL HEART PINK SMALL,168,793,1193.56,1.9,5,,[],0,Sin regla,Decoración del Hogar,0.03399913160632129,Sin clasificar
85130A,BEADED PEARL HEART WHITE LARGE,88,685,1176.29,1.87,39,,[],0,Sin regla,Decoración del Hogar,0.3858652538755071,Decoración del Hogar
85130B,BEADED CRYSTAL HEART GREEN LARGE,83,911,918.33,1.7,5,,[],0,Sin regla,Joyería y Bijouterie,0.08836189711818937,Sin clasificar
85130C,BEADED CRYSTAL HEART BLUE LARGE,69,659,737.89,1.36,5,,[],0,Sin regla,Decoración del Hogar,0.0758380217940045,Sin clasificar
85130D,BEADED CRYSTAL HEART PINK LARGE,110,788,958.85,1.78,5,,[],0,Sin regla,Decoración del Hogar,0.08207095193041969,Sin clasificar
85131A,BEADED PEARL HEART WHITE ON STICK,200,2025,1619.23,0.98,39,,[],0,Sin regla,Decoración del Hogar,0.2535581276747717,Decoración del Hogar
85131B,BEADED CRYSTAL HEART GREEN ON STICK,216,948,730.74,0.86,5,,[],0,Sin regla,Joyería y Bijouterie,0.08061968664992492,Sin clasificar
85131C,BEADED CRYSTAL HEART BLUE ON STICK,73,439,320.15,0.94,5,,[],0,Sin regla,Decoración del Hogar,0.05334081351964559,Sin clasificar
85131D,BEADED CRYSTAL HEART PINK ON STICK,267,1443,1092.71,0.87,5,,[],0,Sin regla,Decoración del Hogar,0.05917595686971433,Sin clasificar
85132A,CHARLIE LOLA BISCUITS TINS,260,1358,5287.2,6.88,22,,[],0,Sin regla,Cocina y Mesa,0.6936177803640649,Cocina y Mesa
85132B,CHARLIE AND LOLA TABLE TINS,133,929,2863.37,5.29,19,,[],0,Sin regla,Cocina y Mesa,0.36959162004471824,Cocina y Mesa
85132C,CHARLIE AND LOLA FIGURES TINS,307,2066,5865.04,5.05,22,,[],0,Sin regla,Cocina y Mesa,0.41655514239267466,Cocina y Mesa
85135A,YELLOW DRAGONFLY HELICOPTER,63,94,754.59,8.03,22,,[],0,Sin regla,Cocina y Mesa,0.3077150987420574,Cocina y Mesa
85135B,BLUE DRAGONFLY HELICOPTER,116,151,1226.51,8.11,22,,[],0,Sin regla,Cocina y Mesa,0.1475760329094118,Sin clasificar
85135C,RED DRAGONFLY HELICOPTER,112,162,1317.92,8.16,22,,[],0,Sin regla,Cocina y Mesa,0.09224608150895763,Sin clasificar
85136A,YELLOW SHARK HELICOPTER,107,138,1121.28,8.13,22,,[],0,Sin regla,Cocina y Mesa,0.3711579563088937,Cocina y Mesa
85136B,BLUE SHARK HELICOPTER,47,59,473.77,8.02,22,,[],0,Sin regla,Cocina y Mesa,0.10381744816232152,Sin clasificar
85136C,RED SHARK HELICOPTER,122,179,1451.69,8.13,22,,[],0,Sin regla,Cocina y Mesa,0.07770616717082002,Sin clasificar
85141,JARDIN ETCHED GLASS FRUITBOWL,73,182,1286.44,8.08,22,,[],0,Sin regla,Cocina y Mesa,0.639873039612637,Cocina y Mesa
85142,JARDIN ETCHED GLASS GINGER JAR,34,57,502.58,9.4,22,,[],0,Sin regla,Cocina y Mesa,0.11604190414627141,Sin clasificar
85144,JARDIN ETCHED GLASS CHEESE DISH,72,287,1046.85,5.31,34,,[],0,Sin regla,Velas e Iluminación,0.2530226682554493,Velas e Iluminación
85145,JARDIN ETCHED GLASS LARGE BELL JAR,30,91,809.05,9.4,22,,[],0,Sin regla,Cocina y Mesa,0.15940695846811515,Sin clasificar
85146,JARDIN ETCHED GLASS SMALL BELL JAR,31,118,599.38,5.61,22,,[],0,Sin regla,Cocina y Mesa,0.20024465249352263,Cocina y Mesa
85147,JARDIN ETCHED GLASS CANDLEHLDR LONG,19,61,301.95,4.95,22,Velas e Iluminación,['Velas e Iluminación'],1,Velas e Iluminación,Velas e Iluminación,1.6177668052123315,Velas e Iluminación
85150,LADIES GENTLEMEN METAL SIGN,1115,8361,20237.72,3.0,11,Carteles y Señalética,['Carteles y Señalética'],1,Carteles y Señalética,Carteles y Señalética,2.141262617321673,Carteles y Señalética
85151,WELCOME METAL SIGN,8,44,55.0,1.25,11,Carteles y Señalética,['Carteles y Señalética'],1,Carteles y Señalética,Carteles y Señalética,2.242960027111236,Carteles y Señalética
85152,HAND OVER THE CHOCOLATE SIGN,1472,16373,31483.7,2.3,11,Carteles y Señalética,['Carteles y Señalética'],1,Carteles y Señalética,Carteles y Señalética,0.8367514686931983,Carteles y Señalética
85157,SET OF 2 CHESTS CHOCOLAT AU LAIT,1,1,12.72,12.72,22,Cajas y Almacenamiento,['Cajas y Almacenamiento'],1,Cajas y Almacenamiento,Cajas y Almacenamiento,1.8141168601738742,Cajas y Almacenamiento
85159A,BLACK TEA COFFEE SUGAR JARS,82,492,1248.98,6.34,9,Cocina y Mesa,['Cocina y Mesa'],1,Cocina y Mesa,Cocina y Mesa,1.8690816839887396,Cocina y Mesa
85159B,WHITE TEA COFFEE SUGAR JARS,89,660,1516.5,5.04,9,Cocina y Mesa,['Cocina y Mesa'],1,Cocina y Mesa,Cocina y Mesa,1.7762759024257104,Cocina y Mesa
85160A,WHITE BIRD GARDEN DESIGN MUG,35,8824,1622.79,6.33,24,Jardín y Exterior,"['Jardín y Exterior', 'Cocina y Mesa']",2,Jardín y Exterior,Jardín y Exterior,1.8634899672080394,Jardín y Exterior
85160B,BLACK BIRD GARDEN DESIGN MUG,38,6156,1048.83,3.62,24,Jardín y Exterior,"['Jardín y Exterior', 'Cocina y Mesa']",2,Jardín y Exterior,Jardín y Exterior,1.8033070088364265,Jardín y Exterior
85161,ACRYLIC GEOMETRIC LAMP,33,51,863.85,18.25,22,,[],0,Sin regla,Decoración del Hogar,0.09783711830497621,Sin clasificar
85162A,SILVER RETRODISC LAMPSHADE,20,607,1234.27,3.62,22,,[],0,Sin regla,Joyería y Bijouterie,0.06219042090377258,Sin clasificar
85162B,BLACK RETRODISC LAMPSHADE,13,977,1905.15,1.95,22,,[],0,Sin regla,Cocina y Mesa,0.1393260297729077,Sin clasificar
85162C,WHITE RETRODISC LAMPSHADE,46,904,1841.7,3.12,22,,[],0,Sin regla,Cocina y Mesa,0.007936763189919205,Sin clasificar
85163A,WHITE BAROQUE WALL CLOCK,57,103,1058.17,12.3,16,"Espejos, Relojes y Arte de Pared","['Espejos, Relojes y Arte de Pared']",1,"Espejos, Relojes y Arte de Pared","Espejos, Relojes y Arte de Pared",2.286229443875897,"Espejos, Relojes y Arte de Pared"
85163B,BLACK BAROQUE WALL CLOCK,66,115,1268.66,14.09,16,"Espejos, Relojes y Arte de Pared","['Espejos, Relojes y Arte de Pared']",1,"Espejos, Relojes y Arte de Pared","Espejos, Relojes y Arte de Pared",2.2408378889878087,"Espejos, Relojes y Arte de Pared"
85164B,BLACK BAROQUE CUCKOO CLOCK,66,141,1851.22,16.97,16,"Espejos, Relojes y Arte de Pared","['Espejos, Relojes y Arte de Pared']",1,"Espejos, Relojes y Arte de Pared","Espejos, Relojes y Arte de Pared",1.9450958598277066,"Espejos, Relojes y Arte de Pared"
85165,CANDY PINK FRENCH BOUDOIR CLOCK,58,90,872.76,10.22,16,"Espejos, Relojes y Arte de Pared","['Espejos, Relojes y Arte de Pared']",1,"Espejos, Relojes y Arte de Pared","Espejos, Relojes y Arte de Pared",1.020482374792142,"Espejos, Relojes y Arte de Pared"
85166A,WHITE METAL BAROQUE PHOTO FRAME,12,77,158.9,4.68,33,Marcos y Fotografía,['Marcos y Fotografía'],1,Marcos y Fotografía,Marcos y Fotografía,2.345674829465156,Marcos y Fotografía
85166B,BLACK METAL BAROQUE PHOTO FRAME,38,510,864.1,3.85,33,Marcos y Fotografía,['Marcos y Fotografía'],1,Marcos y Fotografía,Marcos y Fotografía,2.3436111626331417,Marcos y Fotografía
85167A,WHITE GRAND BAROQUE PHOTO FRAME,14,176,396.8,4.24,33,Marcos y Fotografía,['Marcos y Fotografía'],1,Marcos y Fotografía,Marcos y Fotografía,2.186943394290558,Marcos y Fotografía
85167B,BLACK GRAND BAROQUE PHOTO FRAME,60,692,1426.34,4.18,33,Marcos y Fotografía,['Marcos y Fotografía'],1,Marcos y Fotografía,Marcos y Fotografía,2.256639068548881,Marcos y Fotografía
85168A,WHITE BAROQUE CARRIAGE CLOCK,15,22,218.9,9.95,16,"Espejos, Relojes y Arte de Pared","['Espejos, Relojes y Arte de Pared']",1,"Espejos, Relojes y Arte de Pared","Espejos, Relojes y Arte de Pared",1.895051486272535,"Espejos, Relojes y Arte de Pared"
85168B,BLACK BAROQUE CARRIAGE CLOCK,52,72,652.17,9.16,16,"Espejos, Relojes y Arte de Pared","['Espejos, Relojes y Arte de Pared']",1,"Espejos, Relojes y Arte de Pared","Espejos, Relojes y Arte de Pared",1.9021157491771605,"Espejos, Relojes y Arte de Pared"
85169A,IVORY LOVE BIRD CANDLE,155,1252,1385.82,1.4,31,Velas e Iluminación,['Velas e Iluminación'],1,Velas e Iluminación,Velas e Iluminación,1.9561115341623814,Velas e Iluminación
85169B,BLACK LOVE BIRD CANDLE,94,428,502.91,1.51,31,Velas e Iluminación,['Velas e Iluminación'],1,Velas e Iluminación,Velas e Iluminación,1.9185528455149528,Velas e Iluminación
85169C,EAU DE NIL LOVE BIRD CANDLE,71,505,566.82,1.37,31,Velas e Iluminación,['Velas e Iluminación'],1,Velas e Iluminación,Velas e Iluminación,1.9358954698311628,Velas e Iluminación
85169D,PINK LOVE BIRD CANDLE,88,521,603.98,1.5,31,Velas e Iluminación,['Velas e Iluminación'],1,Velas e Iluminación,Velas e Iluminación,2.0047532006795645,Velas e Iluminación
85170A,SET 6 IVORY BIRD T LIGHT CANDLES,84,848,1585.06,2.56,38,Velas e Iluminación,['Velas e Iluminación'],1,Velas e Iluminación,Velas e Iluminación,2.982932212094666,Velas e Iluminación
85170B,SET 6 BLACK BIRD T LIGHT CANDLES,58,283,475.91,2.62,38,Velas e Iluminación,['Velas e Iluminación'],1,Velas e Iluminación,Velas e Iluminación,2.8694219280742947,Velas e Iluminación
85170C,SET 6 EAU DE NIL BIRD T LIGHTS,107,543,993.03,2.8,23,Velas e Iluminación,['Velas e Iluminación'],1,Velas e Iluminación,Velas e Iluminación,1.9141215616284146,Velas e Iluminación
85170D,SET 6 PINK BIRD T LIGHT CANDLES,151,723,1296.36,2.85,38,Velas e Iluminación,['Velas e Iluminación'],1,Velas e Iluminación,Velas e Iluminación,3.026953393191607,Velas e Iluminación
85171,S 2 HYACINTH BULB CANDLES,1,1,2.55,2.55,38,Velas e Iluminación,['Velas e Iluminación'],1,Velas e Iluminación,Velas e Iluminación,2.1222205415247792,Velas e Iluminación
85172,HYACINTH BULB T LIGHT CANDLES,153,4271,2274.56,1.22,38,Velas e Iluminación,['Velas e Iluminación'],1,Velas e Iluminación,Velas e Iluminación,2.9875032399360486,Velas e Iluminación
85173,SET 6 FROG PRINCE T LIGHT CANDLES,151,1018,1826.07,2.91,38,Velas e Iluminación,['Velas e Iluminación'],1,Velas e Iluminación,Velas e Iluminación,2.2309525146734694,Velas e Iluminación
85174,S 4 CACTI CANDLES,365,1459,7193.46,6.65,38,Velas e Iluminación,['Velas e Iluminación'],1,Velas e Iluminación,Velas e Iluminación,2.021800354486664,Velas e Iluminación
85175,CACTI T LIGHT CANDLES,444,15566,6606.26,1.04,38,Velas e Iluminación,['Velas e Iluminación'],1,Velas e Iluminación,Velas e Iluminación,2.976385110382154,Velas e Iluminación
85176,SEWING SUSAN 21 NEEDLE SET,306,2748,2293.0,1.14,22,,[],0,Sin regla,Cajas y Almacenamiento,0.6378123363225346,Cajas y Almacenamiento
85177,BASKET OF FLOWERS SEWING KIT,143,1820,1514.78,0.99,22,,[],0,Sin regla,Papelería y Tarjetería,0.3104061133812477,Papelería y Tarjetería
85178,VICTORIAN SEWING KIT,319,5478,6024.52,1.36,22,,[],0,Sin regla,Papelería y Tarjetería,0.024631882160110696,Sin clasificar
85179A,GREEN BITTY LIGHT CHAIN,72,219,522.85,3.32,22,Velas e Iluminación,['Velas e Iluminación'],1,Velas e Iluminación,Velas e Iluminación,1.8912292239638044,Velas e Iluminación
85179B,WHITE BITTY LIGHT CHAIN,45,246,1056.6,5.19,22,Velas e Iluminación,['Velas e Iluminación'],1,Velas e Iluminación,Velas e Iluminación,1.9132116102072096,Velas e Iluminación
85179C,PINK BITTY LIGHT CHAIN,40,116,257.15,3.18,22,Velas e Iluminación,['Velas e Iluminación'],1,Velas e Iluminación,Velas e Iluminación,1.9480193760533822,Velas e Iluminación
85180A,RED HEARTS LIGHT CHAIN,100,629,1636.42,3.95,22,Velas e Iluminación,['Velas e Iluminación'],1,Velas e Iluminación,Velas e Iluminación,1.9199131353082133,Velas e Iluminación
85180B,PINK HEARTS LIGHT CHAIN,69,364,1022.16,4.17,22,Velas e Iluminación,['Velas e Iluminación'],1,Velas e Iluminación,Velas e Iluminación,1.816503106567405,Velas e Iluminación
85183A,CHARLIE LOLA WASTEPAPER BIN BLUE,143,1512,2275.75,2.36,22,,[],0,Sin regla,Cocina y Mesa,0.3657284171230929,Cocina y Mesa
85183B,CHARLIE LOLA WASTEPAPER BIN FLORA,172,1725,2731.76,2.45,22,,[],0,Sin regla,Cocina y Mesa,0.32156935897429473,Cocina y Mesa
85184B,SET 4 EASTER DECOUPAGE OVAL BOXES,7,14,41.3,2.95,22,Pascua y Fiestas,['Pascua y Fiestas'],1,Pascua y Fiestas,Pascua y Fiestas,1.896083239988406,Pascua y Fiestas
85184C,S 4 VALENTINE DECOUPAGE HEART BOX,354,2281,4927.06,3.38,4,,[],0,Sin regla,Cajas y Almacenamiento,0.2647491606901232,Cajas y Almacenamiento
85184D,S 4 BLUE ROUND DECOUPAGE BOXES,67,8312,4552.69,3.53,22,,[],0,Sin regla,Cajas y Almacenamiento,0.5105234785016051,Cajas y Almacenamiento
85185B,PINK HORSE SOCK PUPPET,186,593,1843.46,3.47,22,,[],0,Sin regla,Bolsos y Carteras,0.18487137285735467,Sin clasificar
85185C,COW SOCK PUPPET,29,58,171.1,2.95,22,,[],0,Sin regla,Cocina y Mesa,0.10850770764906537,Sin clasificar
85185D,FROG SOCK PUPPET,66,195,636.11,3.76,22,,[],0,Sin regla,Cocina y Mesa,0.03450453025945155,Sin clasificar
85185E,DUCK SOCK PUPPET,2,4,11.8,2.95,22,,[],0,Sin regla,Cocina y Mesa,0.0012125766602534283,Sin clasificar
85185F,LION SOCK PUPPET,20,37,109.15,2.95,22,,[],0,Sin regla,Cocina y Mesa,0.05703595399574046,Sin clasificar
85186A,EASTER BUNNY GARLAND OF FLOWERS,160,1473,685.87,0.61,14,Pascua y Fiestas,"['Pascua y Fiestas', 'Decoración del Hogar']",2,Pascua y Fiestas,Pascua y Fiestas,3.2081728234110134,Pascua y Fiestas
85186B,BUNNY BUNCH OF FLOWERS,2,14,5.88,0.42,22,Pascua y Fiestas,['Pascua y Fiestas'],1,Pascua y Fiestas,Pascua y Fiestas,2.212742557906374,Pascua y Fiestas
85186C,BUNNY EGG GARLAND,156,1400,658.19,0.6,8,Pascua y Fiestas,"['Pascua y Fiestas', 'Decoración del Hogar']",2,Pascua y Fiestas,Pascua y Fiestas,1.7667377109170461,Pascua y Fiestas
85187,S 12 MINI RABBIT EASTER,112,479,816.48,1.95,12,Pascua y Fiestas,['Pascua y Fiestas'],1,Pascua y Fiestas,Pascua y Fiestas,2.053064950816593,Pascua y Fiestas
85188A,GREEN METAL SWINGING BUNNY,105,944,824.97,1.02,22,Pascua y Fiestas,['Pascua y Fiestas'],1,Pascua y Fiestas,Pascua y Fiestas,1.7647754222737655,Pascua y Fiestas
85188B,PINK METAL SWINGING BUNNY,76,748,660.88,1.07,22,Pascua y Fiestas,['Pascua y Fiestas'],1,Pascua y Fiestas,Pascua y Fiestas,2.236586034101175,Pascua y Fiestas
85189,HANGING BUTTERFLY EGG,69,1176,967.95,0.94,8,,[],0,Sin regla,Decoración del Hogar,0.1526044513208682,Sin clasificar
85190,PINK FLOWER HANGING HEART,17,138,122.46,1.15,39,Decoración del Hogar,['Decoración del Hogar'],1,Decoración del Hogar,Decoración del Hogar,1.7210382970235527,Decoración del Hogar
85192S,HANGING SPRING FLOWER HEART SMALL,2,3,1.95,0.65,36,,[],0,Sin regla,Decoración del Hogar,0.7842108152298315,Decoración del Hogar
85194L,HANGING SPRING FLOWER EGG LARGE,147,1818,1560.63,1.05,36,,[],0,Sin regla,Decoración del Hogar,0.28912940477908455,Decoración del Hogar
85194S,HANGING SPRING FLOWER EGG SMALL,133,1760,889.46,0.78,36,,[],0,Sin regla,Decoración del Hogar,0.25046751835584435,Decoración del Hogar
85195,HANGING HEART BASKET,17,146,269.44,2.21,39,Decoración del Hogar,['Decoración del Hogar'],1,Decoración del Hogar,Decoración del Hogar,1.9627725508612355,Decoración del Hogar
85196,EASTER BUNNIES ON A STICK,71,1564,831.04,0.88,22,Pascua y Fiestas,['Pascua y Fiestas'],1,Pascua y Fiestas,Pascua y Fiestas,3.581830587544034,Pascua y Fiestas
85197,SET OF 12 MINI BUNNIES IN A BUCKET,76,1669,959.46,2.06,12,Pascua y Fiestas,['Pascua y Fiestas'],1,Pascua y Fiestas,Pascua y Fiestas,1.4767295655915897,Pascua y Fiestas
85198,ASSORTED FARMYARD ANIMALS IN BUCKET,53,3859,1469.5,1.01,22,,[],0,Sin regla,Papelería y Tarjetería,0.015493279830673501,Sin clasificar
85199L,LARGE HANGING IVORY RED WOOD BIRD,275,3455,2285.02,0.84,22,,[],0,Sin regla,Decoración del Hogar,1.0364454960390443,Decoración del Hogar
85199S,SMALL HANGING IVORY RED WOOD BIRD,498,6022,2789.28,0.58,22,,[],0,Sin regla,Decoración del Hogar,1.0480644687966074,Decoración del Hogar
85200,BUNNY EGG BOX,106,1045,1319.09,1.35,8,Pascua y Fiestas,['Pascua y Fiestas'],1,Pascua y Fiestas,Pascua y Fiestas,2.213387622864107,Pascua y Fiestas
85202,HANGING WOOD AND FELT HEART,218,1208,570.09,0.58,39,,[],0,Sin regla,Decoración del Hogar,1.6237123395780344,Decoración del Hogar
85203,HANGING WOOD AND FELT BUTTERFLY,231,1463,665.91,0.57,22,,[],0,Sin regla,Decoración del Hogar,1.1020176152759622,Decoración del Hogar
85204,HANGING WOOD AND FELT FLOWER,157,2353,460.9,0.4,36,,[],0,Sin regla,Decoración del Hogar,1.3494049539305022,Decoración del Hogar
85205A,IVORY FELT EASTER RABBIT GARLAND,23,66,168.3,2.55,14,Pascua y Fiestas,"['Pascua y Fiestas', 'Decoración del Hogar']",2,Pascua y Fiestas,Pascua y Fiestas,1.8417247247720385,Pascua y Fiestas
85205B,PINK FELT EASTER RABBIT GARLAND,62,241,669.38,3.19,14,Pascua y Fiestas,"['Pascua y Fiestas', 'Decoración del Hogar']",2,Pascua y Fiestas,Pascua y Fiestas,1.945592339619084,Pascua y Fiestas
85206A,CREAM FELT EASTER EGG BASKET,322,2327,3982.91,1.81,8,Pascua y Fiestas,['Pascua y Fiestas'],1,Pascua y Fiestas,Pascua y Fiestas,1.8958557448881324,Pascua y Fiestas
85206B,PINK FELT EASTER EGG BASKET,184,1538,2477.3,1.82,8,Pascua y Fiestas,['Pascua y Fiestas'],1,Pascua y Fiestas,Pascua y Fiestas,2.0379851421302178,Pascua y Fiestas
85208,SET 12 FUNKY FELT FLOWER PEG IN BAG,87,420,836.94,2.15,12,Bolsos y Carteras,['Bolsos y Carteras'],1,Bolsos y Carteras,Bolsos y Carteras,1.93533619810579,Bolsos y Carteras
85211,S 4 GROOVY CAT MAGNETS,78,306,467.4,2.06,22,,[],0,Sin regla,Navidad,0.058128992882351294,Sin clasificar
85212,MINI PAINTED GARDEN DECORATION,121,2831,1096.56,0.73,42,Jardín y Exterior,"['Jardín y Exterior', 'Decoración del Hogar']",2,Jardín y Exterior,Jardín y Exterior,1.7096346831338192,Jardín y Exterior
85213,MINI ZINC GARDEN DECORATIONS,80,1378,829.0,1.05,42,Jardín y Exterior,"['Jardín y Exterior', 'Decoración del Hogar']",2,Jardín y Exterior,Jardín y Exterior,1.3317783947914488,Jardín y Exterior
85214,TUB 24 PINK FLOWER PEGS,171,514,886.23,1.84,36,,[],0,Sin regla,Cocina y Mesa,0.1943493083217237,Sin clasificar
85215,ASSORTED CHEESE FRIDGE MAGNETS,67,831,643.89,1.69,22,,[],0,Sin regla,Navidad,0.09074028887194951,Sin clasificar
85216,ASSORTED CAKES FRIDGE MAGNETS,188,2849,2154.22,2.02,22,,[],0,Sin regla,Cocina y Mesa,0.16053698641432768,Sin clasificar
85217,ASSORTED ICE CREAM FRIDGE MAGNETS,165,2869,1981.85,1.73,22,,[],0,Sin regla,Papelería y Tarjetería,0.0694167374850495,Sin clasificar
85218,S 5 MINI ICE CREAM FRIDGE MAGNETS,2,1992,625.2,0.88,22,,[],0,Sin regla,Papelería y Tarjetería,0.19813467968241583,Sin clasificar
85220,SMALL FAIRY CAKE FRIDGE MAGNETS,5,12236,6875.0,1.3,32,,[],0,Sin regla,Cocina y Mesa,0.3190325655024069,Cocina y Mesa
85221,ASSORTED COLOUR SILK COIN PURSE,48,3558,1685.46,1.02,22,Bolsos y Carteras,['Bolsos y Carteras'],1,Bolsos y Carteras,Bolsos y Carteras,1.2130869397490678,Bolsos y Carteras
85222,ASSORTED COLOUR SILK COSMETIC PURSE,52,1406,1579.68,2.22,22,Bolsos y Carteras,['Bolsos y Carteras'],1,Bolsos y Carteras,Bolsos y Carteras,1.761144521494729,Bolsos y Carteras
85224,ASSORTED COLOUR SILK GLASSES CASE,64,2004,1120.96,1.94,22,,[],0,Sin regla,Decoración del Hogar,0.47505402980250155,Decoración del Hogar
85225,BLING KEY RING STAND,11,19,22.5,1.2,3,Joyería y Bijouterie,['Joyería y Bijouterie'],1,Joyería y Bijouterie,Joyería y Bijouterie,1.7693155082920162,Joyería y Bijouterie
85226A,WHITE BLUE PULL BACK RACING CAR,151,1714,933.07,0.74,22,,[],0,Sin regla,Bolsos y Carteras,0.27460210934561846,Bolsos y Carteras
85226C,BLUE PULL BACK RACING CAR,84,989,522.31,0.77,22,,[],0,Sin regla,Bolsos y Carteras,0.29909261483837335,Bolsos y Carteras
85227,SET OF 6 3D KIT CARDS FOR KIDS,454,3440,3086.44,1.11,22,Papelería y Tarjetería,['Papelería y Tarjetería'],1,Papelería y Tarjetería,Papelería y Tarjetería,1.8714761920030356,Papelería y Tarjetería
85230A,OPIUM SCENTED VOTIVE CANDLE,48,1992,497.04,0.27,35,Velas e Iluminación,['Velas e Iluminación'],1,Velas e Iluminación,Velas e Iluminación,2.188161857499648,Velas e Iluminación
85230B,CINNAMON SCENTED VOTIVE CANDLE,68,2120,561.04,0.28,35,Velas e Iluminación,['Velas e Iluminación'],1,Velas e Iluminación,Velas e Iluminación,2.2881190708653376,Velas e Iluminación
85230C,ROSE SCENTED VOTIVE CANDLE,1,24,6.96,0.29,35,Velas e Iluminación,['Velas e Iluminación'],1,Velas e Iluminación,Velas e Iluminación,2.264086563239337,Velas e Iluminación
85230D,VANILLA SCENTED VOTIVE CANDLE,1,24,6.96,0.29,35,Velas e Iluminación,['Velas e Iluminación'],1,Velas e Iluminación,Velas e Iluminación,2.5625884961355885,Velas e Iluminación
85230E,STRAWBRY SCENTED VOTIVE CANDLE,66,2445,628.41,0.28,35,Velas e Iluminación,['Velas e Iluminación'],1,Velas e Iluminación,Velas e Iluminación,2.3178714881275795,Velas e Iluminación
85230F,JASMINE VOTIVE CANDLE,62,2946,725.7,0.28,35,Velas e Iluminación,['Velas e Iluminación'],1,Velas e Iluminación,Velas e Iluminación,2.081491348551807,Velas e Iluminación
85230G,ORANGE VOTIVE CANDLE,46,1680,425.76,0.27,35,Velas e Iluminación,['Velas e Iluminación'],1,Velas e Iluminación,Velas e Iluminación,2.1363115144653815,Velas e Iluminación
85231B,CINAMMON SET OF 9 T LIGHTS,393,2058,1884.42,1.05,23,Velas e Iluminación,['Velas e Iluminación'],1,Velas e Iluminación,Velas e Iluminación,1.6353528503892516,Velas e Iluminación
85231E,STRAWBERRY SCENTED SET 9 T LIGHTS,108,836,696.89,0.95,23,Velas e Iluminación,['Velas e Iluminación'],1,Velas e Iluminación,Velas e Iluminación,1.9242769509591804,Velas e Iluminación
85231G,ORANGE SCENTED SET 9 T LIGHTS,263,1480,1291.09,1.0,23,Velas e Iluminación,['Velas e Iluminación'],1,Velas e Iluminación,Velas e Iluminación,1.9389573219507124,Velas e Iluminación
85231L,LAVENDER SCENTED SET 9 T LIGHTS,118,1039,838.35,0.91,23,Velas e Iluminación,['Velas e Iluminación'],1,Velas e Iluminación,Velas e Iluminación,2.1751473277021467,Velas e Iluminación
85232A,SET 3 POLKA DOT STACKING TINS,141,377,1910.22,5.49,22,,[],0,Sin regla,Cocina y Mesa,1.1468232359731996,Cocina y Mesa
85232B,SET 3 RUSSIAN DOLL STACKING TINS,565,3086,15587.0,5.94,22,,[],0,Sin regla,Cocina y Mesa,0.3851958283251243,Cocina y Mesa
85232C,RUSSIAN FOLKART STACKING TINS,1,1,4.95,4.95,22,,[],0,Sin regla,Cocina y Mesa,0.5293990762882358,Cocina y Mesa
85232D,SET 3 DECOUPAGE STACKING TINS,224,702,3646.83,5.97,22,,[],0,Sin regla,Cocina y Mesa,0.9384321753297457,Cocina y Mesa
90000A,RASPBERRY ANT COPPER FLOWER NECKLAC,21,33,198.98,6.05,36,,[],0,Sin regla,Joyería y Bijouterie,1.0416663836095836,Joyería y Bijouterie
90000B,MIDNIGHT BLUE COPPER FLOWER NECKLAC,21,29,177.29,6.14,36,,[],0,Sin regla,Joyería y Bijouterie,1.0485090232886025,Joyería y Bijouterie
90000C,OPAL WHITE SILVER FLOWER NECKLACE,2,2,12.32,6.16,36,Joyería y Bijouterie,['Joyería y Bijouterie'],1,Joyería y Bijouterie,Joyería y Bijouterie,1.9205662354336153,Joyería y Bijouterie
90000D,COPPER OLIVE GREEN FLOWER NECKLACE,34,51,313.75,6.21,36,Joyería y Bijouterie,['Joyería y Bijouterie'],1,Joyería y Bijouterie,Joyería y Bijouterie,1.925670600005267,Joyería y Bijouterie
90001A,ANTIQUE RASPBERRY FLOWER EARRINGS,10,11,46.6,4.24,18,Joyería y Bijouterie,['Joyería y Bijouterie'],1,Joyería y Bijouterie,Joyería y Bijouterie,1.9536903951941693,Joyería y Bijouterie
90001B,ANTIQUE MID BLUE FLOWER EARRINGS,10,13,55.12,4.24,18,Joyería y Bijouterie,['Joyería y Bijouterie'],1,Joyería y Bijouterie,Joyería y Bijouterie,1.8727690519353122,Joyería y Bijouterie
90001C,ANTIQUE OPAL WHITE FLOWER EARRINGS,10,11,46.7,4.24,18,Joyería y Bijouterie,['Joyería y Bijouterie'],1,Joyería y Bijouterie,Joyería y Bijouterie,1.9165132655898924,Joyería y Bijouterie
90001D,ANTIQUE OLIVE GREEN FLOWER EARRINGS,11,20,84.96,4.25,18,Joyería y Bijouterie,['Joyería y Bijouterie'],1,Joyería y Bijouterie,Joyería y Bijouterie,1.884395999696118,Joyería y Bijouterie
90002A,FLOWER BURST SILVER RING OPAL,15,36,135.0,3.75,36,,[],0,Sin regla,Joyería y Bijouterie,0.40050907105083344,Joyería y Bijouterie
90002B,FLOWER BURST SILVER RING ROSE,11,22,82.74,3.77,36,,[],0,Sin regla,Joyería y Bijouterie,0.11321382287817905,Sin clasificar
90002C,FLOWER BURST SILVER RING MIDN T BLU,19,33,124.38,3.78,36,,[],0,Sin regla,Joyería y Bijouterie,0.2754812374264466,Joyería y Bijouterie
90002D,FLOWER BURST SILVER RING CRYSTAL,34,104,365.74,3.76,36,,[],0,Sin regla,Joyería y Bijouterie,0.7546179279706913,Joyería y Bijouterie
90002E,FLOWER BURST SILVER RING GREEN,11,18,67.77,3.77,36,,[],0,Sin regla,Joyería y Bijouterie,0.16865013959653358,Sin clasificar
90003B,ROSE COLOUR PAIR HEART HAIR SLIDES,26,44,165.81,3.78,39,,[],0,Sin regla,Decoración del Hogar,0.1871395457714129,Sin clasificar
90003C,MIDNIGHT BLUE PAIR HEART HAIR SLIDE,35,51,191.54,3.76,39,,[],0,Sin regla,Joyería y Bijouterie,0.06315919321130792,Sin clasificar
90003D,CRYSTAL PAIR HEART HAIR SLIDES,32,60,226.17,3.77,39,,[],0,Sin regla,Joyería y Bijouterie,0.052934221628264444,Sin clasificar
90003E,GREEN PAIR HEART HAIR SLIDES,22,32,120.31,3.77,39,,[],0,Sin regla,Textiles del Hogar,0.03108157937834166,Sin clasificar
90004A,JADE GREEN PAIR ENAMEL HAIR SLIDES,1,1,3.75,3.75,22,,[],0,Sin regla,Cocina y Mesa,0.37156274581500554,Cocina y Mesa
90005A,JADE GREEN ENAMEL HAIR COMB,57,106,216.87,2.08,22,,[],0,Sin regla,Cocina y Mesa,0.37565183746096303,Cocina y Mesa
90010A,MIDNIGHT BLUE GLASS SILVER BRACELET,30,49,443.85,9.07,5,Joyería y Bijouterie,['Joyería y Bijouterie'],1,Joyería y Bijouterie,Joyería y Bijouterie,1.8171626116194886,Joyería y Bijouterie
90010B,BLACK WHITE GLASS SILVER BRACELET,34,63,578.02,9.34,5,Joyería y Bijouterie,['Joyería y Bijouterie'],1,Joyería y Bijouterie,Joyería y Bijouterie,1.8383489556584487,Joyería y Bijouterie
90010E,AMBER GLASS SILVER BRACELET,35,56,501.65,8.91,5,Joyería y Bijouterie,['Joyería y Bijouterie'],1,Joyería y Bijouterie,Joyería y Bijouterie,2.1367931971007312,Joyería y Bijouterie
90011A,MIDNIGHT BLUE CRYSTAL DROP EARRINGS,15,15,44.28,2.95,18,Joyería y Bijouterie,['Joyería y Bijouterie'],1,Joyería y Bijouterie,Joyería y Bijouterie,2.044784382982723,Joyería y Bijouterie
90011B,BLACK CRYSTAL DROP EARRINGS,15,20,59.06,2.95,18,Joyería y Bijouterie,['Joyería y Bijouterie'],1,Joyería y Bijouterie,Joyería y Bijouterie,2.411919684379427,Joyería y Bijouterie
90011C,GREEN CRYSTAL DROP EARRINGS,7,12,35.33,2.94,18,Joyería y Bijouterie,['Joyería y Bijouterie'],1,Joyería y Bijouterie,Joyería y Bijouterie,2.3533050224221697,Joyería y Bijouterie
90011D,PURPLE CRYSTAL DROP EARRINGS,5,5,14.75,2.95,18,Joyería y Bijouterie,['Joyería y Bijouterie'],1,Joyería y Bijouterie,Joyería y Bijouterie,2.3849296906980024,Joyería y Bijouterie
90011E,AMBER CRYSTAL DROP EARRINGS,8,8,23.61,2.95,18,Joyería y Bijouterie,['Joyería y Bijouterie'],1,Joyería y Bijouterie,Joyería y Bijouterie,2.426396142300594,Joyería y Bijouterie
90012A,MIDNIGHT BLUE DROP CRYSTAL NECKLACE,7,13,74.38,8.1,28,Joyería y Bijouterie,['Joyería y Bijouterie'],1,Joyería y Bijouterie,Joyería y Bijouterie,2.1404289836483117,Joyería y Bijouterie
90012B,BLACK DROP CRYSTAL NECKLACE,6,17,85.9,7.7,28,Joyería y Bijouterie,['Joyería y Bijouterie'],1,Joyería y Bijouterie,Joyería y Bijouterie,2.53104698847378,Joyería y Bijouterie
90013A,MIDNIGHT BLUE VINTAGE EARRINGS,77,115,434.27,3.79,18,Joyería y Bijouterie,['Joyería y Bijouterie'],1,Joyería y Bijouterie,Joyería y Bijouterie,1.7567365982251233,Joyería y Bijouterie
90013B,BLACK VINTAGE EARRINGS,79,104,428.92,4.19,18,Joyería y Bijouterie,['Joyería y Bijouterie'],1,Joyería y Bijouterie,Joyería y Bijouterie,2.059448936565749,Joyería y Bijouterie
90013C,GREEN VINTAGE EARRINGS,56,88,353.55,4.11,18,Joyería y Bijouterie,['Joyería y Bijouterie'],1,Joyería y Bijouterie,Joyería y Bijouterie,2.095705979805471,Joyería y Bijouterie
90013D,PURPLE VINTAGE EARRINGS,17,46,178.11,4.0,18,Joyería y Bijouterie,['Joyería y Bijouterie'],1,Joyería y Bijouterie,Joyería y Bijouterie,2.063521650478248,Joyería y Bijouterie
90013E,AMBER VINTAGE EARRINGS,2,2,8.57,4.28,18,Joyería y Bijouterie,['Joyería y Bijouterie'],1,Joyería y Bijouterie,Joyería y Bijouterie,2.127223838625798,Joyería y Bijouterie
90014A,SILVER MOP ORBIT NECKLACE,40,55,502.01,9.68,28,Joyería y Bijouterie,['Joyería y Bijouterie'],1,Joyería y Bijouterie,Joyería y Bijouterie,1.963720523647639,Joyería y Bijouterie
90014B,GOLD M PEARL ORBIT NECKLACE,28,34,333.71,9.73,28,Joyería y Bijouterie,['Joyería y Bijouterie'],1,Joyería y Bijouterie,Joyería y Bijouterie,2.1809348915352955,Joyería y Bijouterie
90014C,SILVER BLACK ORBIT NECKLACE,20,29,284.68,9.76,28,Joyería y Bijouterie,['Joyería y Bijouterie'],1,Joyería y Bijouterie,Joyería y Bijouterie,1.9669102540453756,Joyería y Bijouterie
90016A,SILVER M O P PENDANT ORBIT NECKLACE,16,29,207.86,8.21,28,Joyería y Bijouterie,['Joyería y Bijouterie'],1,Joyería y Bijouterie,Joyería y Bijouterie,2.3088995361988474,Joyería y Bijouterie
90016B,GOLD M O P PENDANT ORBIT NECKLACE,30,37,312.14,8.43,28,Joyería y Bijouterie,['Joyería y Bijouterie'],1,Joyería y Bijouterie,Joyería y Bijouterie,2.396774825685438,Joyería y Bijouterie
90016C,SILVER BLACK PENDANT ORBIT NECKLACE,14,17,144.07,8.47,28,Joyería y Bijouterie,['Joyería y Bijouterie'],1,Joyería y Bijouterie,Joyería y Bijouterie,2.2599070720987404,Joyería y Bijouterie
90018A,SILVER M O P ORBIT DROP EARRINGS,56,75,316.99,4.22,18,Joyería y Bijouterie,['Joyería y Bijouterie'],1,Joyería y Bijouterie,Joyería y Bijouterie,2.055127363379507,Joyería y Bijouterie
90018B,GOLD M O P ORBIT DROP EARRINGS,31,39,164.62,4.22,18,Joyería y Bijouterie,['Joyería y Bijouterie'],1,Joyería y Bijouterie,Joyería y Bijouterie,2.0745786447723353,Joyería y Bijouterie
90018C,SILVER BLACK ORBIT DROP EARRINGS,20,28,118.51,4.23,18,Joyería y Bijouterie,['Joyería y Bijouterie'],1,Joyería y Bijouterie,Joyería y Bijouterie,1.977540515987227,Joyería y Bijouterie
90019A,SILVER M O P ORBIT BRACELET,51,68,354.59,5.28,5,Joyería y Bijouterie,['Joyería y Bijouterie'],1,Joyería y Bijouterie,Joyería y Bijouterie,2.0464093099861365,Joyería y Bijouterie
90019B,GOLD M O P ORBIT BRACELET,28,32,168.62,5.32,5,Joyería y Bijouterie,['Joyería y Bijouterie'],1,Joyería y Bijouterie,Joyería y Bijouterie,2.094976431223328,Joyería y Bijouterie
90019C,SILVER BLACK ORBIT BRACELET,34,40,213.38,5.36,5,Joyería y Bijouterie,['Joyería y Bijouterie'],1,Joyería y Bijouterie,Joyería y Bijouterie,1.9723774539157577,Joyería y Bijouterie
90020,FILIGREE DIAMANTE CHAIN,4,6,76.23,12.68,22,,[],0,Sin regla,Joyería y Bijouterie,0.020486395639958355,Sin clasificar
90021,LASER CUT MULTI STRAND NECKLACE,4,5,59.75,11.95,28,Joyería y Bijouterie,['Joyería y Bijouterie'],1,Joyería y Bijouterie,Joyería y Bijouterie,1.87558263397253,Joyería y Bijouterie
90022,EDWARDIAN DROP EARRINGS JET BLACK,32,37,139.67,3.78,18,Joyería y Bijouterie,['Joyería y Bijouterie'],1,Joyería y Bijouterie,Joyería y Bijouterie,1.9115147831748818,Joyería y Bijouterie
90023,FILIGREE DIAMANTE EARRINGS,21,31,131.74,4.25,18,Joyería y Bijouterie,['Joyería y Bijouterie'],1,Joyería y Bijouterie,Joyería y Bijouterie,1.9189645401848487,Joyería y Bijouterie
90024A,NEW BAROQUE B FLY NECKLACE BLACK,4,5,42.5,8.5,28,Joyería y Bijouterie,['Joyería y Bijouterie'],1,Joyería y Bijouterie,Joyería y Bijouterie,1.975705898242314,Joyería y Bijouterie
90024B,NEW BAROQUE B FLY NECKLACE RED,22,25,212.24,8.49,28,Joyería y Bijouterie,['Joyería y Bijouterie'],1,Joyería y Bijouterie,Joyería y Bijouterie,2.0443783964011217,Joyería y Bijouterie
90024C,NEW BAROQUE B FLY NECKLACE GREEN,10,11,93.48,8.5,28,Joyería y Bijouterie,['Joyería y Bijouterie'],1,Joyería y Bijouterie,Joyería y Bijouterie,1.9392664539008457,Joyería y Bijouterie
90024D,NEW BAROQUE B FLY NECKLACE PINK,13,15,127.5,8.5,28,Joyería y Bijouterie,['Joyería y Bijouterie'],1,Joyería y Bijouterie,Joyería y Bijouterie,2.007829430670178,Joyería y Bijouterie
90024E,NEW BAROQUE B FLY NECKLACE MONTANA,11,16,135.98,8.5,28,Joyería y Bijouterie,['Joyería y Bijouterie'],1,Joyería y Bijouterie,Joyería y Bijouterie,1.9430341239798365,Joyería y Bijouterie
90024F,NEW BAROQUE B FLY NECKLACE CRYSTAL,6,8,67.61,8.44,28,Joyería y Bijouterie,['Joyería y Bijouterie'],1,Joyería y Bijouterie,Joyería y Bijouterie,2.15926403606547,Joyería y Bijouterie
90025A,BAROQUE BUTTERFLY EARRINGS BLACK,2,2,7.5,3.75,18,Joyería y Bijouterie,['Joyería y Bijouterie'],1,Joyería y Bijouterie,Joyería y Bijouterie,1.896664318762105,Joyería y Bijouterie
90025B,BAROQUE BUTTERFLY EARRINGS RED,3,3,11.29,3.76,18,Joyería y Bijouterie,['Joyería y Bijouterie'],1,Joyería y Bijouterie,Joyería y Bijouterie,1.9391505426534086,Joyería y Bijouterie
90025C,BAROQUE BUTTERFLY EARRINGS GREEN,6,6,22.56,3.76,18,Joyería y Bijouterie,['Joyería y Bijouterie'],1,Joyería y Bijouterie,Joyería y Bijouterie,1.9065270935319907,Joyería y Bijouterie
90025D,BAROQUE BUTTERFLY EARRINGS PINK,5,5,18.69,3.74,18,Joyería y Bijouterie,['Joyería y Bijouterie'],1,Joyería y Bijouterie,Joyería y Bijouterie,1.9555436121029732,Joyería y Bijouterie
90025E,BAROQUE BUTTERFLY EARRINGS MONTANA,7,7,26.5,3.79,18,Joyería y Bijouterie,['Joyería y Bijouterie'],1,Joyería y Bijouterie,Joyería y Bijouterie,1.9305767546028805,Joyería y Bijouterie
90025F,BAROQUE BUTTERFLY EARRINGS CRYSTAL,8,8,30.23,3.78,18,Joyería y Bijouterie,['Joyería y Bijouterie'],1,Joyería y Bijouterie,Joyería y Bijouterie,2.021423372781912,Joyería y Bijouterie
90026A,GLASS BEAD HOOP NECKLACE BLACK,9,11,93.47,8.5,28,Joyería y Bijouterie,['Joyería y Bijouterie'],1,Joyería y Bijouterie,Joyería y Bijouterie,2.2526338614592936,Joyería y Bijouterie
90026B,GLASS BEAD HOOP NECKLACE MONTANA,7,8,67.82,8.47,28,Joyería y Bijouterie,['Joyería y Bijouterie'],1,Joyería y Bijouterie,Joyería y Bijouterie,2.1084464919656316,Joyería y Bijouterie
90026C,GLASS BEAD HOOP NECKLACE GREEN,6,8,67.82,8.47,28,Joyería y Bijouterie,['Joyería y Bijouterie'],1,Joyería y Bijouterie,Joyería y Bijouterie,2.1563777991712083,Joyería y Bijouterie
90026D,GLASS BEAD HOOP NECKLACE AMETHYST,8,10,85.0,8.5,28,Joyería y Bijouterie,['Joyería y Bijouterie'],1,Joyería y Bijouterie,Joyería y Bijouterie,2.1536048460361243,Joyería y Bijouterie
90027A,GLASS BEAD HOOP EARRINGS BLACK,6,9,26.52,2.94,18,Joyería y Bijouterie,['Joyería y Bijouterie'],1,Joyería y Bijouterie,Joyería y Bijouterie,2.169569730153941,Joyería y Bijouterie
90027B,GLASS BEAD HOOP EARRINGS MONTANA,10,13,38.28,2.94,18,Joyería y Bijouterie,['Joyería y Bijouterie'],1,Joyería y Bijouterie,Joyería y Bijouterie,2.113106801743704,Joyería y Bijouterie
90027C,GLASS BEAD HOOP EARRINGS GREEN,12,14,41.17,2.94,18,Joyería y Bijouterie,['Joyería y Bijouterie'],1,Joyería y Bijouterie,Joyería y Bijouterie,2.1395768092265994,Joyería y Bijouterie
90027D,GLASS BEAD HOOP EARRINGS AMETHYST,16,23,72.18,3.19,18,Joyería y Bijouterie,['Joyería y Bijouterie'],1,Joyería y Bijouterie,Joyería y Bijouterie,2.154045764992338,Joyería y Bijouterie
90028,NEW BAROQUE LARGE NECKLACE BLK WHIT,24,29,244.79,8.44,28,Joyería y Bijouterie,['Joyería y Bijouterie'],1,Joyería y Bijouterie,Joyería y Bijouterie,1.9286761359232631,Joyería y Bijouterie
90029,NEW BAROQUE SMALL NECKLACE BLACK,12,23,195.14,8.47,28,Joyería y Bijouterie,['Joyería y Bijouterie'],1,Joyería y Bijouterie,Joyería y Bijouterie,1.8770274562079639,Joyería y Bijouterie
90030A,SPOTTED WHITE NATURAL SEED NECKLACE,10,79,113.76,2.5,28,Joyería y Bijouterie,['Joyería y Bijouterie'],1,Joyería y Bijouterie,Joyería y Bijouterie,1.3405441348713694,Joyería y Bijouterie
90030B,RED KUKUI COCONUT SEED NECKLACE,36,139,292.08,4.01,28,Joyería y Bijouterie,['Joyería y Bijouterie'],1,Joyería y Bijouterie,Joyería y Bijouterie,1.9043976087463141,Joyería y Bijouterie
90030C,BROWN KUKUI COCONUT SEED NECKLACE,16,87,151.3,3.47,28,Joyería y Bijouterie,['Joyería y Bijouterie'],1,Joyería y Bijouterie,Joyería y Bijouterie,1.7173429608103823,Joyería y Bijouterie
90031,BILI NUT AND WOOD NECKLACE,9,52,71.9,3.21,28,Joyería y Bijouterie,['Joyería y Bijouterie'],1,Joyería y Bijouterie,Joyería y Bijouterie,1.9968626715541038,Joyería y Bijouterie
90032,IVORY SHELL HEART NECKLACE,24,48,271.88,6.12,34,Joyería y Bijouterie,['Joyería y Bijouterie'],1,Joyería y Bijouterie,Joyería y Bijouterie,2.0332608406434436,Joyería y Bijouterie
90033,IVORY SHELL HEART EARRINGS,18,22,55.88,2.54,18,Joyería y Bijouterie,['Joyería y Bijouterie'],1,Joyería y Bijouterie,Joyería y Bijouterie,1.9545571167845348,Joyería y Bijouterie
90034,WHITE SILVER NECKLACE SHELL GLASS,5,5,50.48,10.1,34,Joyería y Bijouterie,['Joyería y Bijouterie'],1,Joyería y Bijouterie,Joyería y Bijouterie,2.0351688239205283,Joyería y Bijouterie
90035A,PEARL SHELL 42 NECKL GREEN,16,24,257.55,10.72,34,,[],0,Sin regla,Joyería y Bijouterie,0.6565948309142003,Joyería y Bijouterie
90035B,PEARL SHELL 42 NECKL PINK,4,43,380.89,10.18,34,,[],0,Sin regla,Joyería y Bijouterie,0.5443467366173231,Joyería y Bijouterie
90035C,PEARL SHELL 42 NECKL IVORY,5,28,301.0,10.75,34,,[],0,Sin regla,Joyería y Bijouterie,0.4377013241724953,Joyería y Bijouterie
90036A,FLOWER GARLAND NECKLACE RED,20,27,215.76,8.01,36,Joyería y Bijouterie,"['Joyería y Bijouterie', 'Decoración del Hogar']",2,Joyería y Bijouterie,Joyería y Bijouterie,1.5440111781420867,Joyería y Bijouterie
90036B,FLOWER GLASS GARLAND NECKL 36 GREEN,10,18,143.1,7.95,36,Decoración del Hogar,['Decoración del Hogar'],1,Decoración del Hogar,Decoración del Hogar,1.8123368599282266,Decoración del Hogar
90036C,FLOWER GLASS GARLAND NECKL 36 BLUE,15,31,246.83,7.98,36,Decoración del Hogar,['Decoración del Hogar'],1,Decoración del Hogar,Decoración del Hogar,1.9639481133374694,Decoración del Hogar
90036D,FLOWER GLASS GARLAND NECKL 36 BLACK,16,38,302.29,7.96,36,Decoración del Hogar,['Decoración del Hogar'],1,Decoración del Hogar,Decoración del Hogar,1.9076209579518677,Decoración del Hogar
90036E,FLOWER GLASS GARLD NECKL36 AMETHYST,28,45,358.87,7.99,36,,[],0,Sin regla,Joyería y Bijouterie,0.2771520160209642,Joyería y Bijouterie
90036F,FLOWER GLASS GARLD NECKL36 TURQUOIS,15,24,192.17,8.04,36,,[],0,Sin regla,Decoración del Hogar,0.030332895222001388,Sin clasificar
90037A,TINY CRYSTAL BRACELET RED,12,26,66.31,2.55,5,Joyería y Bijouterie,['Joyería y Bijouterie'],1,Joyería y Bijouterie,Joyería y Bijouterie,2.0826735966342644,Joyería y Bijouterie
90037B,TINY CRYSTAL BRACELET GREEN,10,28,71.17,2.53,5,Joyería y Bijouterie,['Joyería y Bijouterie'],1,Joyería y Bijouterie,Joyería y Bijouterie,1.9953286997579454,Joyería y Bijouterie
90037C,TINY CRYSTAL BRACELET BLUE,13,26,66.08,2.53,5,Joyería y Bijouterie,['Joyería y Bijouterie'],1,Joyería y Bijouterie,Joyería y Bijouterie,1.997511099712355,Joyería y Bijouterie
90037D,TINY CRYSTALS BRACELET BLACK,8,14,35.87,2.57,5,Joyería y Bijouterie,['Joyería y Bijouterie'],1,Joyería y Bijouterie,Joyería y Bijouterie,1.996432795004163,Joyería y Bijouterie
90038A,GLASS AND PAINTED BEADS BRACELET TO,22,36,135.8,3.79,5,Joyería y Bijouterie,['Joyería y Bijouterie'],1,Joyería y Bijouterie,Joyería y Bijouterie,1.9256126572310939,Joyería y Bijouterie
90038B,GLASS AND PAINTED BEADS BRACELET OL,13,21,79.19,3.78,5,Joyería y Bijouterie,['Joyería y Bijouterie'],1,Joyería y Bijouterie,Joyería y Bijouterie,1.937064630604065,Joyería y Bijouterie
90038C,GLASS AND BEADS BRACELET IVORY,9,19,71.46,3.77,5,Joyería y Bijouterie,['Joyería y Bijouterie'],1,Joyería y Bijouterie,Joyería y Bijouterie,2.0268698937891862,Joyería y Bijouterie
90039A,FIRE POLISHED GLASS BRACELET RED,5,10,37.61,3.77,5,Joyería y Bijouterie,['Joyería y Bijouterie'],1,Joyería y Bijouterie,Joyería y Bijouterie,1.9232840451036421,Joyería y Bijouterie
90039B,FIRE POLISHED GLASS BRACELET MONTAN,11,21,78.99,3.77,5,Joyería y Bijouterie,['Joyería y Bijouterie'],1,Joyería y Bijouterie,Joyería y Bijouterie,1.9659620648477505,Joyería y Bijouterie
90039C,FIRE POLISHED GLASS BRACELET BLACK,12,23,86.65,3.78,5,Joyería y Bijouterie,['Joyería y Bijouterie'],1,Joyería y Bijouterie,Joyería y Bijouterie,1.9458320915115936,Joyería y Bijouterie
90039D,FIRE POLISHED GLASS BRACELET GREEN,24,43,162.66,3.8,5,Joyería y Bijouterie,['Joyería y Bijouterie'],1,Joyería y Bijouterie,Joyería y Bijouterie,1.9247707906780451,Joyería y Bijouterie
90040A,MURANO STYLE GLASS BRACELET RED,34,53,207.05,4.01,5,Joyería y Bijouterie,['Joyería y Bijouterie'],1,Joyería y Bijouterie,Joyería y Bijouterie,1.9585443012260404,Joyería y Bijouterie
90040B,MURANO STYLE GLASS BRACELET BLACK,36,71,255.97,3.67,5,Joyería y Bijouterie,['Joyería y Bijouterie'],1,Joyería y Bijouterie,Joyería y Bijouterie,1.9330210724050452,Joyería y Bijouterie
90040C,MURANO STYLE GLASS BRACELET GOLD,21,41,146.75,3.64,5,Joyería y Bijouterie,['Joyería y Bijouterie'],1,Joyería y Bijouterie,Joyería y Bijouterie,2.004064321483339,Joyería y Bijouterie
90040D,MURANO STYLE GLASS BRACELET PINK,25,41,148.87,3.71,5,Joyería y Bijouterie,['Joyería y Bijouterie'],1,Joyería y Bijouterie,Joyería y Bijouterie,1.9093040871542113,Joyería y Bijouterie
90041,PEARL AND CHERRY QUARTZ BRACLET,6,7,25.67,3.7,22,,[],0,Sin regla,Joyería y Bijouterie,0.2955847801683664,Joyería y Bijouterie
90042A,FRESHWATER PEARL BRACELET GOLD,33,63,160.79,2.55,5,Joyería y Bijouterie,['Joyería y Bijouterie'],1,Joyería y Bijouterie,Joyería y Bijouterie,1.978050239371087,Joyería y Bijouterie
90042B,FRESHWATER PEARL BRACELET PINK,6,17,43.35,2.55,5,Joyería y Bijouterie,['Joyería y Bijouterie'],1,Joyería y Bijouterie,Joyería y Bijouterie,1.93838197059821,Joyería y Bijouterie
90042C,FRESHWATER PEARL BRACELET IVORY,26,59,150.21,2.54,5,Joyería y Bijouterie,['Joyería y Bijouterie'],1,Joyería y Bijouterie,Joyería y Bijouterie,1.917510728824213,Joyería y Bijouterie
90043,COPPER AND BRASS BAG CHARM,6,10,54.51,5.78,29,Joyería y Bijouterie,"['Joyería y Bijouterie', 'Bolsos y Carteras']",2,Joyería y Bijouterie,Joyería y Bijouterie,1.9709348877521804,Joyería y Bijouterie
90046,WHITE WITH METAL BAG CHARM,7,13,64.35,4.95,29,Joyería y Bijouterie,"['Joyería y Bijouterie', 'Bolsos y Carteras']",2,Joyería y Bijouterie,Joyería y Bijouterie,1.8380868406117832,Joyería y Bijouterie
90048,GREEN WITH METAL BAG CHARM,8,31,158.89,5.63,29,Joyería y Bijouterie,"['Joyería y Bijouterie', 'Bolsos y Carteras']",2,Joyería y Bijouterie,Joyería y Bijouterie,1.8992181836289652,Joyería y Bijouterie
90049,IVORY GOLD METAL BAG CHARM,6,20,114.24,7.49,29,Joyería y Bijouterie,"['Joyería y Bijouterie', 'Bolsos y Carteras']",2,Joyería y Bijouterie,Joyería y Bijouterie,1.9329475378949714,Joyería y Bijouterie
90050,CRACKED GLAZE NECKLACE IVORY,6,10,70.16,7.06,28,Joyería y Bijouterie,['Joyería y Bijouterie'],1,Joyería y Bijouterie,Joyería y Bijouterie,1.9856199293323555,Joyería y Bijouterie
90051,CRACKED GLAZE NECKLACE RED,11,15,105.72,7.06,28,Joyería y Bijouterie,['Joyería y Bijouterie'],1,Joyería y Bijouterie,Joyería y Bijouterie,2.109119372506818,Joyería y Bijouterie
90052,CRACKED GLAZE NECKLACE BROWN,5,7,49.58,7.14,28,Joyería y Bijouterie,['Joyería y Bijouterie'],1,Joyería y Bijouterie,Joyería y Bijouterie,1.9761660333295752,Joyería y Bijouterie
90053,CRACKED GLAZE EARRINGS IVORY,10,10,25.23,2.52,18,Joyería y Bijouterie,['Joyería y Bijouterie'],1,Joyería y Bijouterie,Joyería y Bijouterie,1.9721919811563287,Joyería y Bijouterie
90054,CRACKED GLAZE EARRINGS RED,17,17,43.02,2.53,18,Joyería y Bijouterie,['Joyería y Bijouterie'],1,Joyería y Bijouterie,Joyería y Bijouterie,2.0226360094002205,Joyería y Bijouterie
90055,CRACKED GLAZE EARRINGS BROWN,10,10,25.28,2.53,18,Joyería y Bijouterie,['Joyería y Bijouterie'],1,Joyería y Bijouterie,Joyería y Bijouterie,1.938762306375077,Joyería y Bijouterie
90056,CHUNKY CRACKED GLAZE NECKLACE IVORY,14,19,207.94,11.01,28,Joyería y Bijouterie,['Joyería y Bijouterie'],1,Joyería y Bijouterie,Joyería y Bijouterie,1.8904126125228258,Joyería y Bijouterie
90057,DIAMANTE RING ASSORTED IN BOX,37,1804,2675.88,1.8,4,,[],0,Sin regla,Joyería y Bijouterie,0.2015206166515081,Joyería y Bijouterie
90058A,CRYSTAL STUD EARRINGS CLEAR DISPLAY,13,576,218.88,0.38,18,Joyería y Bijouterie,['Joyería y Bijouterie'],1,Joyería y Bijouterie,Joyería y Bijouterie,1.7991552090775325,Joyería y Bijouterie
90058B,CRYSTAL STUD EARRINGS ASSORTED COL,29,1082,509.08,0.47,18,Joyería y Bijouterie,['Joyería y Bijouterie'],1,Joyería y Bijouterie,Joyería y Bijouterie,1.8962687387973525,Joyería y Bijouterie
90059A,DIAMANTE HAIR GRIP PACK 2 CRYSTAL,48,94,156.98,1.67,22,,[],0,Sin regla,Joyería y Bijouterie,0.38868427212401546,Joyería y Bijouterie
90059B,DIAMANTE HAIR GRIP PACK 2 BLACK DIA,16,27,44.87,1.67,22,,[],0,Sin regla,Cocina y Mesa,0.20630462281606932,Cocina y Mesa
90059C,DIAMANTE HAIR GRIP PACK 2 MONTANA,23,41,68.18,1.67,22,,[],0,Sin regla,Joyería y Bijouterie,0.1408753580445018,Sin clasificar
90059D,DIAMANTE HAIR GRIP PACK 2 PERIDOT,40,64,106.74,1.68,22,,[],0,Sin regla,Cocina y Mesa,0.13610926605653306,Sin clasificar
90059E,DIAMANTE HAIR GRIP PACK 2 RUBY,33,53,88.31,1.67,22,,[],0,Sin regla,Joyería y Bijouterie,0.021682930364097075,Sin clasificar
90059F,DIAMANTE HAIR GRIP PACK 2 LT ROSE,27,48,79.87,1.67,22,,[],0,Sin regla,Cocina y Mesa,0.08388448544579985,Sin clasificar
90060B,FIRE POLISHED GLASS NECKL GOLD,4,6,35.7,5.95,22,,[],0,Sin regla,Joyería y Bijouterie,0.7104934647092828,Joyería y Bijouterie
90060C,FIRE POLISHED GLASS NECKL SILVER,3,7,41.65,5.95,22,,[],0,Sin regla,Joyería y Bijouterie,0.5267070400776721,Joyería y Bijouterie
90060D,FIRE POLISHED GLASS NECKL BRONZE,8,12,71.4,5.95,22,,[],0,Sin regla,Joyería y Bijouterie,0.602408475530346,Joyería y Bijouterie
90060F,FIRE POLISHED GLASS NECKL GREEN,18,28,166.14,5.92,22,,[],0,Sin regla,Joyería y Bijouterie,0.6020102746152745,Joyería y Bijouterie
90062,CARNIVAL BRACELET,110,204,2591.42,12.66,5,Joyería y Bijouterie,['Joyería y Bijouterie'],1,Joyería y Bijouterie,Joyería y Bijouterie,1.9511369634625477,Joyería y Bijouterie
90063A,WHITE VINT ART DECO CRYSTAL NECKLAC,13,21,178.48,8.5,22,,[],0,Sin regla,Joyería y Bijouterie,1.1404353375849494,Joyería y Bijouterie
90063B,BLACK VINT ART DEC CRYSTAL NECKLACE,14,20,170.17,8.51,28,Joyería y Bijouterie,['Joyería y Bijouterie'],1,Joyería y Bijouterie,Joyería y Bijouterie,1.9313885251232166,Joyería y Bijouterie
90064A,WHITE VINTAGE CRYSTAL EARRINGS,12,20,79.14,4.05,18,Joyería y Bijouterie,['Joyería y Bijouterie'],1,Joyería y Bijouterie,Joyería y Bijouterie,2.024684404572516,Joyería y Bijouterie
90064B,BLACK VINTAGE CRYSTAL EARRINGS,12,21,78.75,3.75,18,Joyería y Bijouterie,['Joyería y Bijouterie'],1,Joyería y Bijouterie,Joyería y Bijouterie,2.1183002087118066,Joyería y Bijouterie
90065A,WHITE VINTAGE CRYSTAL BRACELET,16,26,180.46,7.06,5,Joyería y Bijouterie,['Joyería y Bijouterie'],1,Joyería y Bijouterie,Joyería y Bijouterie,2.050699409812559,Joyería y Bijouterie
90065B,BLACK VINT ART DEC CRYSTAL BRACELET,16,22,154.87,7.0,5,Joyería y Bijouterie,['Joyería y Bijouterie'],1,Joyería y Bijouterie,Joyería y Bijouterie,1.9537340219438235,Joyería y Bijouterie
90066A,PINK VINTAGE VICTORIAN CHOKER,2,5,33.75,6.75,22,,[],0,Sin regla,Joyería y Bijouterie,0.008179810614355243,Sin clasificar
90067A,PINK VINTAGE VICTORIAN EARRINGS,16,33,97.24,2.94,18,Joyería y Bijouterie,['Joyería y Bijouterie'],1,Joyería y Bijouterie,Joyería y Bijouterie,1.8700437258794687,Joyería y Bijouterie
90067B,BROWN VINTAGE VICTORIAN EARRINGS,6,16,47.12,2.94,18,Joyería y Bijouterie,['Joyería y Bijouterie'],1,Joyería y Bijouterie,Joyería y Bijouterie,1.8175946555350893,Joyería y Bijouterie
90068,RUBY GLASS NECKLACE 42,2,2,15.0,7.5,28,Joyería y Bijouterie,['Joyería y Bijouterie'],1,Joyería y Bijouterie,Joyería y Bijouterie,2.2073111525639364,Joyería y Bijouterie
90069,RUBY GLASS CLUSTER NECKLACE,5,11,82.5,7.5,28,Joyería y Bijouterie,['Joyería y Bijouterie'],1,Joyería y Bijouterie,Joyería y Bijouterie,1.9544004111296747,Joyería y Bijouterie
90070,RUBY GLASS CLUSTER BRACELET,35,63,385.15,6.22,5,Joyería y Bijouterie,['Joyería y Bijouterie'],1,Joyería y Bijouterie,Joyería y Bijouterie,1.9792514380581707,Joyería y Bijouterie
90071,RUBY GLASS CLUSTER EARRINGS,73,87,108.99,1.25,18,Joyería y Bijouterie,['Joyería y Bijouterie'],1,Joyería y Bijouterie,Joyería y Bijouterie,1.8839312602794511,Joyería y Bijouterie
90072,RUBY DROP CHANDELIER EARRINGS,30,44,176.31,4.11,18,Joyería y Bijouterie,['Joyería y Bijouterie'],1,Joyería y Bijouterie,Joyería y Bijouterie,1.9034656948058477,Joyería y Bijouterie
90073,VINTAGE ENAMEL CRYSTAL EARRINGS,34,50,250.34,5.03,18,Joyería y Bijouterie,['Joyería y Bijouterie'],1,Joyería y Bijouterie,Joyería y Bijouterie,1.9369758664691101,Joyería y Bijouterie
90074,BLACK DIAMOND CLUSTER NECKLACE,6,7,64.09,9.19,28,Joyería y Bijouterie,['Joyería y Bijouterie'],1,Joyería y Bijouterie,Joyería y Bijouterie,1.9107566528469664,Joyería y Bijouterie
90075,MONTANA DIAMOND CLUSTER NECKLACE,8,10,92.18,9.21,28,Joyería y Bijouterie,['Joyería y Bijouterie'],1,Joyería y Bijouterie,Joyería y Bijouterie,1.9515984229592633,Joyería y Bijouterie
90076,MONTANA DIAMOND CLUSTER EARRINGS,7,12,33.0,2.89,18,Joyería y Bijouterie,['Joyería y Bijouterie'],1,Joyería y Bijouterie,Joyería y Bijouterie,1.943948636108301,Joyería y Bijouterie
90077,BLACK DIAMOND CLUSTER EARRINGS,5,5,14.4,2.88,18,Joyería y Bijouterie,['Joyería y Bijouterie'],1,Joyería y Bijouterie,Joyería y Bijouterie,1.9425949161172995,Joyería y Bijouterie
90078,PINK WHITE GLASS DEMI CHOKER,5,9,67.64,7.53,22,,[],0,Sin regla,Cocina y Mesa,0.04150709202672109,Sin clasificar
90079,VINTAGE ENAMEL CRYSTAL NECKLACE,13,21,104.77,5.01,28,Joyería y Bijouterie,['Joyería y Bijouterie'],1,Joyería y Bijouterie,Joyería y Bijouterie,1.9472651937687417,Joyería y Bijouterie
90081A,LILY BROOCH AMETHYST COLOUR,24,49,242.8,4.96,22,,[],0,Sin regla,Papelería y Tarjetería,0.032221669123296826,Sin clasificar
90081B,LILY BROOCH WHITE SILVER COLOUR,3,7,34.65,4.95,22,,[],0,Sin regla,Decoración del Hogar,0.02837672038555017,Sin clasificar
90081C,LILY BROOCH OLIVE COLOUR,36,50,250.47,5.03,22,,[],0,Sin regla,Papelería y Tarjetería,0.19562803722595212,Sin clasificar
90082A,DIAMANTE BOW BROOCH GREEN COLOUR,32,55,353.71,6.48,22,,[],0,Sin regla,Cocina y Mesa,0.04796350567208163,Sin clasificar
90082B,DIAMANTE BOW BROOCH RED COLOUR,25,58,368.3,6.35,22,,[],0,Sin regla,Cocina y Mesa,0.16403064652148613,Sin clasificar
90082C,DIAMANTE BOW BROOCH WHITE COLOUR,3,3,19.93,6.64,22,,[],0,Sin regla,Cocina y Mesa,0.08812110107170112,Sin clasificar
90082D,DIAMANTE BOW BROOCH BLACK COLOUR,51,103,664.35,6.51,22,,[],0,Sin regla,Cocina y Mesa,0.25486469533175926,Cocina y Mesa
90083,CRYSTAL CZECH CROSS PHONE CHARM,15,52,48.08,1.33,29,Joyería y Bijouterie,['Joyería y Bijouterie'],1,Joyería y Bijouterie,Joyería y Bijouterie,2.2332117851233475,Joyería y Bijouterie
90084,PINK CRYSTAL GUITAR PHONE CHARM,9,64,54.4,0.85,29,Joyería y Bijouterie,['Joyería y Bijouterie'],1,Joyería y Bijouterie,Joyería y Bijouterie,2.130097646556168,Joyería y Bijouterie
90085,CRYSTAL STILETTO PHONE CHARM,29,311,275.53,1.18,29,Joyería y Bijouterie,['Joyería y Bijouterie'],1,Joyería y Bijouterie,Joyería y Bijouterie,2.2907356376619323,Joyería y Bijouterie
90086,CRYSTAL FROG PHONE CHARM,46,216,182.79,1.42,29,Joyería y Bijouterie,['Joyería y Bijouterie'],1,Joyería y Bijouterie,Joyería y Bijouterie,1.9948665645863224,Joyería y Bijouterie
90087,CRYSTAL SEA HORSE PHONE CHARM,53,311,249.56,1.38,29,Joyería y Bijouterie,['Joyería y Bijouterie'],1,Joyería y Bijouterie,Joyería y Bijouterie,1.9519690284559663,Joyería y Bijouterie
90088,CRYSTAL KEY LOCK PHONE CHARM,14,101,86.7,0.91,29,Joyería y Bijouterie,['Joyería y Bijouterie'],1,Joyería y Bijouterie,Joyería y Bijouterie,2.5955999052935947,Joyería y Bijouterie
90089,PINK CRYSTAL SKULL PHONE CHARM,26,104,91.9,1.23,29,Joyería y Bijouterie,['Joyería y Bijouterie'],1,Joyería y Bijouterie,Joyería y Bijouterie,1.963544255087071,Joyería y Bijouterie
90090,PINK CRYSTAL HEART PHONE CHARM,25,263,227.72,1.02,29,Joyería y Bijouterie,['Joyería y Bijouterie'],1,Joyería y Bijouterie,Joyería y Bijouterie,2.129034168707025,Joyería y Bijouterie
90091,CRYSTAL DRAGONFLY PHONE CHARM,2,3,2.55,0.85,29,Joyería y Bijouterie,['Joyería y Bijouterie'],1,Joyería y Bijouterie,Joyería y Bijouterie,2.2107355044185555,Joyería y Bijouterie
90092,BLUE CRYSTAL BOOT PHONE CHARM,12,102,87.51,0.92,29,Joyería y Bijouterie,['Joyería y Bijouterie'],1,Joyería y Bijouterie,Joyería y Bijouterie,2.163156205808495,Joyería y Bijouterie
90093,CLEAR CRYSTAL STAR PHONE CHARM,25,209,165.34,1.08,29,Joyería y Bijouterie,['Joyería y Bijouterie'],1,Joyería y Bijouterie,Joyería y Bijouterie,1.867344514532275,Joyería y Bijouterie
90094,NECKLACE BRACELET SET FRUIT SALAD,39,74,187.62,2.54,5,Joyería y Bijouterie,['Joyería y Bijouterie'],1,Joyería y Bijouterie,Joyería y Bijouterie,2.891679717241206,Joyería y Bijouterie
90095,NECKLACE BRACELET SET PINK BLOSSOM,3,8,22.91,3.39,5,Joyería y Bijouterie,['Joyería y Bijouterie'],1,Joyería y Bijouterie,Joyería y Bijouterie,2.9457291630579574,Joyería y Bijouterie
90096,NECKLACE BRACELET SET BLUE BLOSSOM,51,104,243.61,2.47,5,Joyería y Bijouterie,['Joyería y Bijouterie'],1,Joyería y Bijouterie,Joyería y Bijouterie,2.9366676022432308,Joyería y Bijouterie
90098,NECKLACE BRACELET PINK BUTTERFLY,55,137,301.28,2.32,5,Joyería y Bijouterie,['Joyería y Bijouterie'],1,Joyería y Bijouterie,Joyería y Bijouterie,3.22175589485415,Joyería y Bijouterie
90099,NECKLACE BRACELET SET BLUE HIBISCUS,25,42,129.69,3.25,5,Joyería y Bijouterie,['Joyería y Bijouterie'],1,Joyería y Bijouterie,Joyería y Bijouterie,3.187661127049899,Joyería y Bijouterie
90100,NECKLACE BRACELET SET PINK DAISY,12,30,76.5,2.55,5,Joyería y Bijouterie,['Joyería y Bijouterie'],1,Joyería y Bijouterie,Joyería y Bijouterie,3.192874888303383,Joyería y Bijouterie
90101,WHITE FRANGIPANI NECKLACE,29,52,131.16,2.52,28,Joyería y Bijouterie,['Joyería y Bijouterie'],1,Joyería y Bijouterie,Joyería y Bijouterie,1.9088001405662112,Joyería y Bijouterie
90102,WHITE FRANGIPANI HAIR CLIP,4,19,16.11,0.84,22,,[],0,Sin regla,Joyería y Bijouterie,0.041826178767042754,Sin clasificar
90103,PURPLE FRANGIPANI NECKLACE,30,44,110.85,2.52,28,Joyería y Bijouterie,['Joyería y Bijouterie'],1,Joyería y Bijouterie,Joyería y Bijouterie,1.9647324665007329,Joyería y Bijouterie
90104,PURPLE FRANGIPANI HAIRCLIP,50,129,108.11,0.83,22,,[],0,Sin regla,Joyería y Bijouterie,0.16324686972036262,Sin clasificar
90108,BLUE BLOSSOM HAIR CLIP,21,109,125.83,1.59,22,,[],0,Sin regla,Papelería y Tarjetería,0.2550602824141775,Papelería y Tarjetería
90111,BLUE HIBISCUS HAIR CLIP,6,7,7.35,1.05,22,,[],0,Sin regla,Cocina y Mesa,0.06861977489071214,Sin clasificar
90112,PINK DOLLY HAIR CLIPS,21,84,91.25,1.11,22,,[],0,Sin regla,Papelería y Tarjetería,0.16192481903981998,Sin clasificar
90114,SUMMER DAISIES BAG CHARM,111,205,514.18,2.49,29,Joyería y Bijouterie,"['Joyería y Bijouterie', 'Bolsos y Carteras']",2,Joyería y Bijouterie,Joyería y Bijouterie,1.8511951234887463,Joyería y Bijouterie
90115,SUMMER BUTTERFLIES BAG CHARM,60,108,278.96,2.63,29,Joyería y Bijouterie,"['Joyería y Bijouterie', 'Bolsos y Carteras']",2,Joyería y Bijouterie,Joyería y Bijouterie,1.7902864403841334,Joyería y Bijouterie
90116,FRUIT SALAD BAG CHARM,63,106,225.52,2.33,29,Joyería y Bijouterie,"['Joyería y Bijouterie', 'Bolsos y Carteras']",2,Joyería y Bijouterie,Joyería y Bijouterie,1.7958411033307242,Joyería y Bijouterie
90118,PINK DAISY BAG CHARM,29,42,107.39,2.58,29,Joyería y Bijouterie,"['Joyería y Bijouterie', 'Bolsos y Carteras']",2,Joyería y Bijouterie,Joyería y Bijouterie,1.7178193625809182,Joyería y Bijouterie
90119,METALIC LEAVES BAG CHARMS,42,97,243.07,2.54,6,Joyería y Bijouterie,"['Joyería y Bijouterie', 'Bolsos y Carteras']",2,Joyería y Bijouterie,Joyería y Bijouterie,1.378283580741891,Joyería y Bijouterie
90120A,PINK MURANO TWIST BRACELET,41,93,395.68,4.26,5,Joyería y Bijouterie,['Joyería y Bijouterie'],1,Joyería y Bijouterie,Joyería y Bijouterie,2.000533499222975,Joyería y Bijouterie
90120B,BLUE MURANO TWIST BRACELET,42,107,451.44,4.19,5,Joyería y Bijouterie,['Joyería y Bijouterie'],1,Joyería y Bijouterie,Joyería y Bijouterie,1.9969483525658211,Joyería y Bijouterie
90120C,GREEN MURANO TWIST BRACELET,58,109,462.32,4.24,5,Joyería y Bijouterie,['Joyería y Bijouterie'],1,Joyería y Bijouterie,Joyería y Bijouterie,1.9715577578038537,Joyería y Bijouterie
90120D,WHITE MURANO TWIST BRACELET,40,134,554.13,4.2,5,Joyería y Bijouterie,['Joyería y Bijouterie'],1,Joyería y Bijouterie,Joyería y Bijouterie,1.990453539132936,Joyería y Bijouterie
90121B,VINTAGE ROSE BEAD BRACELET BLUE,9,19,80.75,4.25,5,Joyería y Bijouterie,['Joyería y Bijouterie'],1,Joyería y Bijouterie,Joyería y Bijouterie,1.9684782598260544,Joyería y Bijouterie
90122A,PINK CRYSTAL GLASS BRACELET,31,55,273.89,5.0,5,Joyería y Bijouterie,['Joyería y Bijouterie'],1,Joyería y Bijouterie,Joyería y Bijouterie,2.434802862955176,Joyería y Bijouterie
90122B,JADE CRYSTAL GLASS BRACELET,26,46,228.99,5.0,5,Joyería y Bijouterie,['Joyería y Bijouterie'],1,Joyería y Bijouterie,Joyería y Bijouterie,2.328088769401205,Joyería y Bijouterie
90122C,TURQUOISE CRYSTAL GLASS BRACELET,30,54,269.1,5.01,5,Joyería y Bijouterie,['Joyería y Bijouterie'],1,Joyería y Bijouterie,Joyería y Bijouterie,2.0801726097083675,Joyería y Bijouterie
90123A,PINK HEART OF GLASS BRACELET,19,36,214.07,5.94,5,Joyería y Bijouterie,['Joyería y Bijouterie'],1,Joyería y Bijouterie,Joyería y Bijouterie,2.1391149892661367,Joyería y Bijouterie
90123B,TURQUOISE HEART OF GLASS BRACELET,13,26,154.69,5.95,5,Joyería y Bijouterie,['Joyería y Bijouterie'],1,Joyería y Bijouterie,Joyería y Bijouterie,1.8300995098727453,Joyería y Bijouterie
90123C,GREEN HEART OF GLASS BRACELET,12,27,160.75,5.96,5,Joyería y Bijouterie,['Joyería y Bijouterie'],1,Joyería y Bijouterie,Joyería y Bijouterie,2.134359674320654,Joyería y Bijouterie
90123D,WHITE HEART OF GLASS BRACELET,14,29,172.39,5.94,5,Joyería y Bijouterie,['Joyería y Bijouterie'],1,Joyería y Bijouterie,Joyería y Bijouterie,1.9436335908900697,Joyería y Bijouterie
90124A,PINK MURANO TWIST NECKLACE,20,30,299.28,9.99,28,Joyería y Bijouterie,['Joyería y Bijouterie'],1,Joyería y Bijouterie,Joyería y Bijouterie,1.9898253780600692,Joyería y Bijouterie
90124B,BLUE MURANO TWIST NECKLACE,30,39,391.18,10.05,28,Joyería y Bijouterie,['Joyería y Bijouterie'],1,Joyería y Bijouterie,Joyería y Bijouterie,1.981931460124862,Joyería y Bijouterie
90124C,GREEN MURANO TWIST NECKLACE,16,22,220.21,10.03,28,Joyería y Bijouterie,['Joyería y Bijouterie'],1,Joyería y Bijouterie,Joyería y Bijouterie,1.9598998199948268,Joyería y Bijouterie
90125A,PINK BERTIE GLASS BEAD BAG CHARM,18,149,183.97,2.02,29,Joyería y Bijouterie,"['Joyería y Bijouterie', 'Bolsos y Carteras']",2,Joyería y Bijouterie,Joyería y Bijouterie,1.954426615138277,Joyería y Bijouterie
90125B,AQUA BERTIE GLASS BEAD BAG CHARM,17,44,79.57,2.21,29,Joyería y Bijouterie,"['Joyería y Bijouterie', 'Bolsos y Carteras']",2,Joyería y Bijouterie,Joyería y Bijouterie,2.0056778023988544,Joyería y Bijouterie
90125C,TURQUOISE BERTIE GLASS BEAD CHARM,10,92,101.35,1.66,29,,[],0,Sin regla,Joyería y Bijouterie,1.4381291496034987,Joyería y Bijouterie
90125D,PURPLE BERTIE GLASS BEAD BAG CHARM,36,136,223.74,2.75,29,Joyería y Bijouterie,"['Joyería y Bijouterie', 'Bolsos y Carteras']",2,Joyería y Bijouterie,Joyería y Bijouterie,1.931060860756007,Joyería y Bijouterie
90125E,AMBER BERTIE GLASS BEAD BAG CHARM,17,18,44.19,2.5,29,Joyería y Bijouterie,"['Joyería y Bijouterie', 'Bolsos y Carteras']",2,Joyería y Bijouterie,Joyería y Bijouterie,1.9866760228426918,Joyería y Bijouterie
90126A,PINK BERTIE MOBILE PHONE CHARM,6,20,37.14,2.25,29,Joyería y Bijouterie,"['Joyería y Bijouterie', 'Decoración del Hogar']",2,Joyería y Bijouterie,Joyería y Bijouterie,1.8531855616995334,Joyería y Bijouterie
90126B,BLUE BERTIE MOBILE PHONE CHARM,3,3,8.48,2.83,29,Joyería y Bijouterie,"['Joyería y Bijouterie', 'Decoración del Hogar']",2,Joyería y Bijouterie,Joyería y Bijouterie,1.8457403393767164,Joyería y Bijouterie
90126C,AMBER BERTIE MOBILE PHONE CHARM,5,21,42.1,2.69,29,Joyería y Bijouterie,"['Joyería y Bijouterie', 'Decoración del Hogar']",2,Joyería y Bijouterie,Joyería y Bijouterie,1.9121325838822227,Joyería y Bijouterie
90127A,PINK BEADS HAND PHONE CHARM,2,14,19.92,1.86,29,Joyería y Bijouterie,['Joyería y Bijouterie'],1,Joyería y Bijouterie,Joyería y Bijouterie,1.9253357413905903,Joyería y Bijouterie
90127B,BLUE BEADS HAND PHONE CHARM,2,2,2.5,1.25,29,Joyería y Bijouterie,['Joyería y Bijouterie'],1,Joyería y Bijouterie,Joyería y Bijouterie,1.875461220644397,Joyería y Bijouterie
90128A,PINK LEAVES AND BEADS PHONE CHARM,10,31,46.21,1.75,29,Joyería y Bijouterie,['Joyería y Bijouterie'],1,Joyería y Bijouterie,Joyería y Bijouterie,1.9618170757897253,Joyería y Bijouterie
90128B,BLUE LEAVES AND BEADS PHONE CHARM,6,18,23.76,1.46,29,Joyería y Bijouterie,['Joyería y Bijouterie'],1,Joyería y Bijouterie,Joyería y Bijouterie,1.9487830367666403,Joyería y Bijouterie
90128C,GREEN LEAVES AND BEADS PHONE CHARM,6,17,25.04,1.88,29,Joyería y Bijouterie,['Joyería y Bijouterie'],1,Joyería y Bijouterie,Joyería y Bijouterie,1.92995067192301,Joyería y Bijouterie
90128D,PURPLE LEAVES AND BEADS PHONE CHAR,7,13,21.24,1.96,22,,[],0,Sin regla,Joyería y Bijouterie,1.1114021760738846,Joyería y Bijouterie
90129A,PINK GLASS TASSLE BAG CHARM,74,151,295.38,1.94,29,Joyería y Bijouterie,"['Joyería y Bijouterie', 'Bolsos y Carteras']",2,Joyería y Bijouterie,Joyería y Bijouterie,1.9489826533471397,Joyería y Bijouterie
90129B,TURQUOISE GLASS TASSLE BAG CHARM,62,146,329.95,2.07,29,Joyería y Bijouterie,"['Joyería y Bijouterie', 'Bolsos y Carteras']",2,Joyería y Bijouterie,Joyería y Bijouterie,1.878632405897509,Joyería y Bijouterie
90129C,GREEN GLASS TASSLE BAG CHARM,51,107,243.38,2.11,29,Joyería y Bijouterie,"['Joyería y Bijouterie', 'Bolsos y Carteras']",2,Joyería y Bijouterie,Joyería y Bijouterie,2.005731583004038,Joyería y Bijouterie
90129D,AMBER GLASS TASSLE BAG CHARM,34,67,161.57,2.15,29,Joyería y Bijouterie,"['Joyería y Bijouterie', 'Bolsos y Carteras']",2,Joyería y Bijouterie,Joyería y Bijouterie,1.9803680154660033,Joyería y Bijouterie
90129E,PURPLE GLASS TASSLE BAG CHARM,60,129,263.14,1.92,29,Joyería y Bijouterie,"['Joyería y Bijouterie', 'Bolsos y Carteras']",2,Joyería y Bijouterie,Joyería y Bijouterie,1.963180772883203,Joyería y Bijouterie
90129F,RED GLASS TASSLE BAG CHARM,41,81,183.26,2.16,29,Joyería y Bijouterie,"['Joyería y Bijouterie', 'Bolsos y Carteras']",2,Joyería y Bijouterie,Joyería y Bijouterie,2.058527322668721,Joyería y Bijouterie
90130A,WHITE STONE CRYSTAL EARRINGS,16,28,82.51,2.94,18,Joyería y Bijouterie,['Joyería y Bijouterie'],1,Joyería y Bijouterie,Joyería y Bijouterie,2.0998217290459498,Joyería y Bijouterie
90130B,TURQ STONE CRYSTAL EARRINGS,49,64,188.09,2.94,18,Joyería y Bijouterie,['Joyería y Bijouterie'],1,Joyería y Bijouterie,Joyería y Bijouterie,2.0853517648988555,Joyería y Bijouterie
90130C,GREEN STONE CRYSTAL EARRINGS,24,25,73.62,2.94,18,Joyería y Bijouterie,['Joyería y Bijouterie'],1,Joyería y Bijouterie,Joyería y Bijouterie,2.127818065530702,Joyería y Bijouterie
90130D,RED STONE CRYSTAL EARRINGS,8,13,38.31,2.94,18,Joyería y Bijouterie,['Joyería y Bijouterie'],1,Joyería y Bijouterie,Joyería y Bijouterie,2.2339054572543615,Joyería y Bijouterie
90131,PINK AMETHYST GOLD NECKLACE,5,10,69.62,6.97,28,Joyería y Bijouterie,['Joyería y Bijouterie'],1,Joyería y Bijouterie,Joyería y Bijouterie,2.225169224591537,Joyería y Bijouterie
90132,LIGHT TOPAZ TEAL AQUA COL NECKLACE,7,7,35.63,5.09,28,Joyería y Bijouterie,"['Joyería y Bijouterie', 'Velas e Iluminación']",2,Joyería y Bijouterie,Joyería y Bijouterie,1.750283750352484,Joyería y Bijouterie
90133,TEAL FUSCHIA COL BEAD NECKLACE,36,47,236.46,5.06,28,Joyería y Bijouterie,['Joyería y Bijouterie'],1,Joyería y Bijouterie,Joyería y Bijouterie,1.9657215990831929,Joyería y Bijouterie
90134,OLD ROSE COMBO BEAD NECKLACE,96,126,370.92,2.94,28,Joyería y Bijouterie,['Joyería y Bijouterie'],1,Joyería y Bijouterie,Joyería y Bijouterie,1.934562023241012,Joyería y Bijouterie
90135,ORANGE WHT FUSCHIA STONES NECKLACE,3,9,44.75,5.01,28,Joyería y Bijouterie,['Joyería y Bijouterie'],1,Joyería y Bijouterie,Joyería y Bijouterie,1.8715182739096217,Joyería y Bijouterie
90135A,ORANGE FUSCHIA STONES NECKLACE,4,11,54.62,4.99,28,Joyería y Bijouterie,['Joyería y Bijouterie'],1,Joyería y Bijouterie,Joyería y Bijouterie,1.8762718100701128,Joyería y Bijouterie
90136,PALE PINK AMETHYST STONE NECKLACE,3,4,40.47,10.17,28,Joyería y Bijouterie,['Joyería y Bijouterie'],1,Joyería y Bijouterie,Joyería y Bijouterie,1.9728652072785429,Joyería y Bijouterie
90137,PINK COMBO MINI CRYSTALS NECKLACE,15,26,132.52,5.2,28,Joyería y Bijouterie,['Joyería y Bijouterie'],1,Joyería y Bijouterie,Joyería y Bijouterie,1.933705559914543,Joyería y Bijouterie
90138,WHITE PINK MINI CRYSTALS NECKLACE,17,24,125.64,5.32,28,Joyería y Bijouterie,['Joyería y Bijouterie'],1,Joyería y Bijouterie,Joyería y Bijouterie,1.9351278271891679,Joyería y Bijouterie
90139,FLOWER BROOCH 4 ASSORTED COLOURS,18,23,118.24,5.15,36,,[],0,Sin regla,Decoración del Hogar,0.5389596311851695,Decoración del Hogar
90140,PINK SWEETIE NECKLACE,7,9,67.9,7.56,28,Joyería y Bijouterie,['Joyería y Bijouterie'],1,Joyería y Bijouterie,Joyería y Bijouterie,2.5475808148703534,Joyería y Bijouterie
90141A,GREEN PENDANT TRIPLE SHELL NECKLACE,17,20,104.95,5.3,34,Joyería y Bijouterie,['Joyería y Bijouterie'],1,Joyería y Bijouterie,Joyería y Bijouterie,2.0457888220419083,Joyería y Bijouterie
90141B,IVORY PENDANT TRIPLE SHELL NECKLACE,9,13,64.94,5.02,34,Joyería y Bijouterie,['Joyería y Bijouterie'],1,Joyería y Bijouterie,Joyería y Bijouterie,2.023424603029171,Joyería y Bijouterie
90141C,TURQ PENDANT TRIPLE SHELL NECKLACE,13,16,83.69,5.3,34,Joyería y Bijouterie,['Joyería y Bijouterie'],1,Joyería y Bijouterie,Joyería y Bijouterie,2.072395982911827,Joyería y Bijouterie
90141D,ROSE PENDANT TRIPLE SHELL NECKLACE,5,7,36.33,5.29,34,Joyería y Bijouterie,['Joyería y Bijouterie'],1,Joyería y Bijouterie,Joyería y Bijouterie,2.0801206632268054,Joyería y Bijouterie
90141E,ORANGE PENDANT TRIPLE SHELL NECKLAC,5,10,50.06,5.06,34,Joyería y Bijouterie,['Joyería y Bijouterie'],1,Joyería y Bijouterie,Joyería y Bijouterie,1.3442950182430056,Joyería y Bijouterie
90142A,GREEN PENDANT SHELL NECKLACE,4,5,25.45,5.09,34,Joyería y Bijouterie,['Joyería y Bijouterie'],1,Joyería y Bijouterie,Joyería y Bijouterie,2.4094468619178,Joyería y Bijouterie
90142B,IVORY PENDANT SHELL NECKLACE,1,1,5.09,5.09,34,Joyería y Bijouterie,['Joyería y Bijouterie'],1,Joyería y Bijouterie,Joyería y Bijouterie,2.373072968969597,Joyería y Bijouterie
90142C,ROSE PINK PENDANT SHELL NECKLACE,1,1,5.09,5.09,34,Joyería y Bijouterie,['Joyería y Bijouterie'],1,Joyería y Bijouterie,Joyería y Bijouterie,2.3115572829781574,Joyería y Bijouterie
90142D,MOP PENDANT SHELL NECKLACE,5,11,54.59,4.98,34,Joyería y Bijouterie,['Joyería y Bijouterie'],1,Joyería y Bijouterie,Joyería y Bijouterie,2.4115035984165325,Joyería y Bijouterie
90143,SILVER BRACELET W PASTEL FLOWER,41,79,599.13,7.63,5,Joyería y Bijouterie,['Joyería y Bijouterie'],1,Joyería y Bijouterie,Joyería y Bijouterie,1.9879662895876984,Joyería y Bijouterie
90144,SILVER DROP EARRINGS WITH FLOWER,33,53,199.45,3.77,18,Joyería y Bijouterie,['Joyería y Bijouterie'],1,Joyería y Bijouterie,Joyería y Bijouterie,1.8802520673621839,Joyería y Bijouterie
90145,SILVER HOOP EARRINGS WITH FLOWER,45,75,455.86,6.13,18,Joyería y Bijouterie,['Joyería y Bijouterie'],1,Joyería y Bijouterie,Joyería y Bijouterie,1.9423124121295134,Joyería y Bijouterie
90146,FINE SILVER NECKLACE W PASTEL FLOWE,20,41,276.49,7.45,28,Joyería y Bijouterie,['Joyería y Bijouterie'],1,Joyería y Bijouterie,Joyería y Bijouterie,1.9143305739102976,Joyería y Bijouterie
90147,CHUNKY SILVER NECKLACE PASTEL FLOWE,59,93,937.45,10.16,28,Joyería y Bijouterie,['Joyería y Bijouterie'],1,Joyería y Bijouterie,Joyería y Bijouterie,1.938399624927643,Joyería y Bijouterie
90148,LONG SILVER NECKLACE PASTEL FLOWER,18,27,343.98,12.74,28,Joyería y Bijouterie,['Joyería y Bijouterie'],1,Joyería y Bijouterie,Joyería y Bijouterie,1.9254768748338167,Joyería y Bijouterie
90149,SILVER FLOWR PINK SHELL NECKLACE,9,62,410.26,7.37,34,Joyería y Bijouterie,['Joyería y Bijouterie'],1,Joyería y Bijouterie,Joyería y Bijouterie,2.17706047359764,Joyería y Bijouterie
90150,BLUE SHELL SILVER NECKLACE,8,13,97.5,7.5,34,Joyería y Bijouterie,['Joyería y Bijouterie'],1,Joyería y Bijouterie,Joyería y Bijouterie,2.2403705020024183,Joyería y Bijouterie
90151,SILVER NATURAL SHELL NECKLACE,9,16,136.17,8.52,34,Joyería y Bijouterie,['Joyería y Bijouterie'],1,Joyería y Bijouterie,Joyería y Bijouterie,1.9261375648476264,Joyería y Bijouterie
90152A,SILVER NAT SHELL NECKLACE W PENDANT,7,7,40.34,5.76,34,Joyería y Bijouterie,['Joyería y Bijouterie'],1,Joyería y Bijouterie,Joyería y Bijouterie,2.159616886497188,Joyería y Bijouterie
90152B,BLUE GREEN SHELL NECKLACE W PENDANT,5,6,35.26,5.86,34,Joyería y Bijouterie,['Joyería y Bijouterie'],1,Joyería y Bijouterie,Joyería y Bijouterie,2.382057299498559,Joyería y Bijouterie
90152C,BLUE NAT SHELL NECKLACE W PENDANT,4,7,41.65,5.95,34,Joyería y Bijouterie,['Joyería y Bijouterie'],1,Joyería y Bijouterie,Joyería y Bijouterie,2.2044984743158693,Joyería y Bijouterie
90154,LAZER CUT NECKLACE W PASTEL BEADS,7,59,439.65,8.71,28,Joyería y Bijouterie,['Joyería y Bijouterie'],1,Joyería y Bijouterie,Joyería y Bijouterie,1.9775276612262078,Joyería y Bijouterie
90155,RESIN NECKLACE W PASTEL BEADS,21,30,226.16,7.56,28,Joyería y Bijouterie,['Joyería y Bijouterie'],1,Joyería y Bijouterie,Joyería y Bijouterie,2.0024945422366986,Joyería y Bijouterie
90156,RESIN BRACELET W PASTEL BEADS,14,25,137.37,5.92,5,Joyería y Bijouterie,['Joyería y Bijouterie'],1,Joyería y Bijouterie,Joyería y Bijouterie,1.9382053833831618,Joyería y Bijouterie
90157,RIVIERA NECKLACE,24,53,263.28,4.98,28,Joyería y Bijouterie,['Joyería y Bijouterie'],1,Joyería y Bijouterie,Joyería y Bijouterie,1.6864145063844074,Joyería y Bijouterie
90158,ST TROPEZ NECKLACE,63,77,386.32,5.03,28,Joyería y Bijouterie,['Joyería y Bijouterie'],1,Joyería y Bijouterie,Joyería y Bijouterie,2.3962063735805295,Joyería y Bijouterie
90159,COTE D AZURE NECKLACE,20,38,188.58,4.97,28,Joyería y Bijouterie,['Joyería y Bijouterie'],1,Joyería y Bijouterie,Joyería y Bijouterie,3.2567139186023937,Joyería y Bijouterie
90160A,PURPLE BOUDICCA LARGE BRACELET,25,52,362.51,6.98,5,Joyería y Bijouterie,['Joyería y Bijouterie'],1,Joyería y Bijouterie,Joyería y Bijouterie,1.9907152621787387,Joyería y Bijouterie
90160B,RED BOUDICCA LARGE BRACELET,29,71,490.92,6.84,5,Joyería y Bijouterie,['Joyería y Bijouterie'],1,Joyería y Bijouterie,Joyería y Bijouterie,2.008063550225546,Joyería y Bijouterie
90160C,TURQ RED BOUDICCA LARGE BRACELET,45,97,677.0,7.01,5,Joyería y Bijouterie,['Joyería y Bijouterie'],1,Joyería y Bijouterie,Joyería y Bijouterie,1.9003488162290298,Joyería y Bijouterie
90160D,PINK BOUDICCA LARGE BRACELET,25,76,529.22,6.98,5,Joyería y Bijouterie,['Joyería y Bijouterie'],1,Joyería y Bijouterie,Joyería y Bijouterie,1.959479195412352,Joyería y Bijouterie
90161A,ANT COPPER RED BOUDICCA BRACELET,43,70,349.96,5.02,5,Joyería y Bijouterie,['Joyería y Bijouterie'],1,Joyería y Bijouterie,Joyería y Bijouterie,1.9983184763636423,Joyería y Bijouterie
90161B,ANT COPPER TURQ BOUDICCA BRACELET,76,147,734.16,5.02,5,Joyería y Bijouterie,['Joyería y Bijouterie'],1,Joyería y Bijouterie,Joyería y Bijouterie,1.9597848947155205,Joyería y Bijouterie
90161C,ANT COPPER LIME BOUDICCA BRACELET,100,169,843.91,5.02,5,Joyería y Bijouterie,['Joyería y Bijouterie'],1,Joyería y Bijouterie,Joyería y Bijouterie,1.9741628318015003,Joyería y Bijouterie
90161D,ANT COPPER PINK BOUDICCA BRACELET,75,138,687.52,4.99,5,Joyería y Bijouterie,['Joyería y Bijouterie'],1,Joyería y Bijouterie,Joyería y Bijouterie,1.9717641775725117,Joyería y Bijouterie
90162A,ANT SILVER TURQUOISE BOUDICCA RING,11,30,88.5,2.95,22,,[],0,Sin regla,Joyería y Bijouterie,0.6584900278179242,Joyería y Bijouterie
90162B,ANT SILVER LIME GREEN BOUDICCA RING,20,55,162.25,2.95,22,,[],0,Sin regla,Joyería y Bijouterie,0.5973699090178547,Joyería y Bijouterie
90162C,ANT SILVER FUSCHIA BOUDICCA RING,16,42,123.9,2.95,22,,[],0,Sin regla,Joyería y Bijouterie,0.8354012439478509,Joyería y Bijouterie
90162D,ANT SILVER PURPLE BOUDICCA RING,15,29,85.55,2.95,22,,[],0,Sin regla,Joyería y Bijouterie,0.6947792067189383,Joyería y Bijouterie
90163A,PINK ROSEBUD PEARL NECKLACE,24,37,280.71,7.61,28,Joyería y Bijouterie,['Joyería y Bijouterie'],1,Joyería y Bijouterie,Joyería y Bijouterie,1.989593961236148,Joyería y Bijouterie
90163B,WHITE ROSEBUD PEARL NECKLACE,9,13,98.45,7.57,28,Joyería y Bijouterie,['Joyería y Bijouterie'],1,Joyería y Bijouterie,Joyería y Bijouterie,1.9799643618649487,Joyería y Bijouterie
90164A,PINK ROSEBUD PEARL BRACELET,25,40,230.39,6.93,5,Joyería y Bijouterie,['Joyería y Bijouterie'],1,Joyería y Bijouterie,Joyería y Bijouterie,2.013234952534789,Joyería y Bijouterie
90164B,WHITE ROSEBUD PEARL BRACELET,35,67,362.94,6.65,5,Joyería y Bijouterie,['Joyería y Bijouterie'],1,Joyería y Bijouterie,Joyería y Bijouterie,2.0252523691736073,Joyería y Bijouterie
90165A,PINK ROSEBUD PEARL EARRINGS,27,42,106.49,2.52,18,Joyería y Bijouterie,['Joyería y Bijouterie'],1,Joyería y Bijouterie,Joyería y Bijouterie,1.9285241146368306,Joyería y Bijouterie
90165B,WHITE ROSEBUD PEARL EARRINGS,35,52,131.65,2.52,18,Joyería y Bijouterie,['Joyería y Bijouterie'],1,Joyería y Bijouterie,Joyería y Bijouterie,1.9398199608077378,Joyería y Bijouterie
90166,PINK WHITE ROSEBUD RING,31,40,168.94,4.22,22,,[],0,Sin regla,Joyería y Bijouterie,0.25305494503596493,Joyería y Bijouterie
90167,BEADED LOVE HEART JEWELLERY SET,111,2197,1801.17,1.09,31,Joyería y Bijouterie,['Joyería y Bijouterie'],1,Joyería y Bijouterie,Joyería y Bijouterie,1.6526982581712266,Joyería y Bijouterie
90168,2 DAISIES HAIR COMB,24,42,123.76,2.94,22,,[],0,Sin regla,Cocina y Mesa,0.004114594822843487,Sin clasificar
90169,DAISY HAIR COMB,23,39,98.87,2.53,22,,[],0,Sin regla,Decoración del Hogar,0.10294814133793095,Sin clasificar
90170,DAISY HAIR BAND,73,150,249.58,1.67,22,,[],0,Sin regla,Papelería y Tarjetería,0.12369768584165736,Sin clasificar
90171,DAISY RING,27,47,59.65,1.27,22,,[],0,Sin regla,Joyería y Bijouterie,0.3851450949520584,Joyería y Bijouterie
90173,PAIR BUTTERFLY HAIR CLIPS,52,81,306.64,3.8,22,,[],0,Sin regla,Papelería y Tarjetería,0.38299143059351876,Papelería y Tarjetería
90174,BUTTERFLY HAIR BAND,32,50,126.12,2.52,22,,[],0,Sin regla,Papelería y Tarjetería,0.2668401745205416,Papelería y Tarjetería
90175A,WHITE GLASS CHUNKY CHARM BRACELET,62,107,964.45,9.03,29,Joyería y Bijouterie,['Joyería y Bijouterie'],1,Joyería y Bijouterie,Joyería y Bijouterie,2.56997613170054,Joyería y Bijouterie
90175B,PINK GLASS CHUNKY CHARM BRACELET,27,36,322.85,8.97,29,Joyería y Bijouterie,['Joyería y Bijouterie'],1,Joyería y Bijouterie,Joyería y Bijouterie,2.6648878939280505,Joyería y Bijouterie
90175C,BLUE GLASS CHUNKY CHARM BRACELET,20,37,332.95,9.04,29,Joyería y Bijouterie,['Joyería y Bijouterie'],1,Joyería y Bijouterie,Joyería y Bijouterie,2.647465763856474,Joyería y Bijouterie
90175D,TIGRIS EYE CHUNKY CHARM BRACELET,41,58,527.82,9.13,29,Joyería y Bijouterie,['Joyería y Bijouterie'],1,Joyería y Bijouterie,Joyería y Bijouterie,2.845902775143406,Joyería y Bijouterie
90176A,CLASSIC DIAMANTE NECKLACE JET,7,10,75.88,7.58,28,Joyería y Bijouterie,['Joyería y Bijouterie'],1,Joyería y Bijouterie,Joyería y Bijouterie,1.9080166630545266,Joyería y Bijouterie
90176B,DIAMANTE NECKLACE BLACK,4,5,37.62,7.53,28,Joyería y Bijouterie,['Joyería y Bijouterie'],1,Joyería y Bijouterie,Joyería y Bijouterie,2.202542661980149,Joyería y Bijouterie
90176C,DIAMANTE NECKLACE,6,10,77.0,7.83,28,Joyería y Bijouterie,['Joyería y Bijouterie'],1,Joyería y Bijouterie,Joyería y Bijouterie,2.340604993636258,Joyería y Bijouterie
90176D,DIAMANTE NECKLACE PURPLE,7,11,82.81,7.54,28,Joyería y Bijouterie,['Joyería y Bijouterie'],1,Joyería y Bijouterie,Joyería y Bijouterie,2.1703371047647115,Joyería y Bijouterie
90176E,DIAMANTE NECKLACE GREEN,3,4,29.98,7.49,28,Joyería y Bijouterie,['Joyería y Bijouterie'],1,Joyería y Bijouterie,Joyería y Bijouterie,2.091919999435192,Joyería y Bijouterie
90177A,CLASSIC DIAMANTE EARRINGS JET,14,19,55.69,2.92,18,Joyería y Bijouterie,['Joyería y Bijouterie'],1,Joyería y Bijouterie,Joyería y Bijouterie,1.935929769656354,Joyería y Bijouterie
90177B,DROP DIAMANTE EARRINGS BLACK DIAMON,19,31,91.38,2.95,18,Joyería y Bijouterie,['Joyería y Bijouterie'],1,Joyería y Bijouterie,Joyería y Bijouterie,1.925085271947459,Joyería y Bijouterie
90177C,DROP DIAMANTE EARRINGS CRYSTAL,24,37,109.03,2.95,18,Joyería y Bijouterie,['Joyería y Bijouterie'],1,Joyería y Bijouterie,Joyería y Bijouterie,2.2368566409732784,Joyería y Bijouterie
90177D,DROP DIAMANTE EARRINGS PURPLE,25,46,135.76,2.95,18,Joyería y Bijouterie,['Joyería y Bijouterie'],1,Joyería y Bijouterie,Joyería y Bijouterie,2.127878790677656,Joyería y Bijouterie
90177E,DROP DIAMANTE EARRINGS GREEN,22,28,82.71,2.95,18,Joyería y Bijouterie,['Joyería y Bijouterie'],1,Joyería y Bijouterie,Joyería y Bijouterie,2.088457923963505,Joyería y Bijouterie
90178A,AMBER CHUNKY GLASS BEAD NECKLACE,21,27,322.41,11.94,28,Joyería y Bijouterie,['Joyería y Bijouterie'],1,Joyería y Bijouterie,Joyería y Bijouterie,2.0768506194715464,Joyería y Bijouterie
90178B,PURPLE CHUNKY GLASS BEAD NECKLACE,11,16,191.41,11.97,28,Joyería y Bijouterie,['Joyería y Bijouterie'],1,Joyería y Bijouterie,Joyería y Bijouterie,2.005141864285652,Joyería y Bijouterie
90179A,AMBER FINE BEAD NECKLACE W TASSEL,9,12,71.0,5.91,28,Joyería y Bijouterie,['Joyería y Bijouterie'],1,Joyería y Bijouterie,Joyería y Bijouterie,2.0413542694184366,Joyería y Bijouterie
90179B,PURPLE FINE BEAD NECKLACE W TASSEL,9,11,65.31,5.93,28,Joyería y Bijouterie,['Joyería y Bijouterie'],1,Joyería y Bijouterie,Joyería y Bijouterie,1.9502542779190075,Joyería y Bijouterie
90179C,BLACK FINE BEAD NECKLACE W TASSEL,16,19,112.78,5.93,28,Joyería y Bijouterie,['Joyería y Bijouterie'],1,Joyería y Bijouterie,Joyería y Bijouterie,2.0236425622480048,Joyería y Bijouterie
90180A,BLACK WHITE NECKLACE W TASSEL,28,44,396.64,9.73,28,Joyería y Bijouterie,['Joyería y Bijouterie'],1,Joyería y Bijouterie,Joyería y Bijouterie,1.945200260624754,Joyería y Bijouterie
90180B,PURPLE AMETHYST NECKLACE W TASSEL,14,18,179.88,10.01,28,Joyería y Bijouterie,['Joyería y Bijouterie'],1,Joyería y Bijouterie,Joyería y Bijouterie,2.154013311281957,Joyería y Bijouterie
90181A,AMBER GLASS SHELL PEARL NECKLACE,14,14,128.64,9.19,34,Joyería y Bijouterie,['Joyería y Bijouterie'],1,Joyería y Bijouterie,Joyería y Bijouterie,2.0199841778628804,Joyería y Bijouterie
90181B,AMETHYST GLASS SHELL PEARL NECKLACE,24,25,231.27,9.26,34,Joyería y Bijouterie,['Joyería y Bijouterie'],1,Joyería y Bijouterie,Joyería y Bijouterie,2.034659594491889,Joyería y Bijouterie
90181C,BLACK GLASS SHELL PEARL NECKLACE,5,5,46.93,9.39,34,Joyería y Bijouterie,['Joyería y Bijouterie'],1,Joyería y Bijouterie,Joyería y Bijouterie,1.9709586777065344,Joyería y Bijouterie
90182A,AMBER 3 BEAD DROP EARRINGS,9,9,26.16,2.91,18,Joyería y Bijouterie,['Joyería y Bijouterie'],1,Joyería y Bijouterie,Joyería y Bijouterie,2.301711821660814,Joyería y Bijouterie
90182B,AMETHYST 3 BEAD DROP EARRINGS,6,6,17.53,2.92,18,Joyería y Bijouterie,['Joyería y Bijouterie'],1,Joyería y Bijouterie,Joyería y Bijouterie,2.2128155802126592,Joyería y Bijouterie
90182C,BLACK 3 BEAD DROP EARRINGS,13,19,55.74,2.93,18,Joyería y Bijouterie,['Joyería y Bijouterie'],1,Joyería y Bijouterie,Joyería y Bijouterie,2.2815088612155954,Joyería y Bijouterie
90183A,AMBER DROP EARRINGS W LONG BEADS,31,53,155.65,2.93,18,Joyería y Bijouterie,['Joyería y Bijouterie'],1,Joyería y Bijouterie,Joyería y Bijouterie,1.9838120742758818,Joyería y Bijouterie
90183B,AMETHYST DROP EARRINGS W LONG BEADS,24,28,81.93,2.93,18,Joyería y Bijouterie,['Joyería y Bijouterie'],1,Joyería y Bijouterie,Joyería y Bijouterie,1.9783170186739043,Joyería y Bijouterie
90183C,BLACK DROP EARRINGS W LONG BEADS,14,14,41.02,2.93,18,Joyería y Bijouterie,['Joyería y Bijouterie'],1,Joyería y Bijouterie,Joyería y Bijouterie,2.023641712268269,Joyería y Bijouterie
90184A,AMBER CHUNKY BEAD BRACELET W STRAP,25,42,380.82,9.15,5,Joyería y Bijouterie,['Joyería y Bijouterie'],1,Joyería y Bijouterie,Joyería y Bijouterie,1.9385930751531577,Joyería y Bijouterie
90184B,AMETHYST CHUNKY BEAD BRACELET W STR,47,69,625.48,9.11,5,Joyería y Bijouterie,['Joyería y Bijouterie'],1,Joyería y Bijouterie,Joyería y Bijouterie,2.153504094873125,Joyería y Bijouterie
90184C,BLACK CHUNKY BEAD BRACELET W STRAP,50,73,661.04,9.1,5,Joyería y Bijouterie,['Joyería y Bijouterie'],1,Joyería y Bijouterie,Joyería y Bijouterie,1.9543438278699516,Joyería y Bijouterie
90185A,AMBER DIAMANTE EXPANDABLE RING,26,55,233.29,4.23,22,,[],0,Sin regla,Joyería y Bijouterie,0.5248952190984786,Joyería y Bijouterie
90185B,AMETHYST DIAMANTE EXPANDABLE RING,34,67,284.43,4.24,22,,[],0,Sin regla,Joyería y Bijouterie,0.6533525868158979,Joyería y Bijouterie
90185C,BLACK DIAMANTE EXPANDABLE RING,32,64,271.96,4.25,22,,[],0,Sin regla,Joyería y Bijouterie,0.3069133966242823,Joyería y Bijouterie
90185D,CRYSTAL DIAMANTE EXPANDABLE RING,35,69,293.33,4.25,22,,[],0,Sin regla,Joyería y Bijouterie,0.7325342541849839,Joyería y Bijouterie
90186A,AMETHYST HOOP EARRING FLORAL LEAF,34,69,203.73,2.95,22,Joyería y Bijouterie,['Joyería y Bijouterie'],1,Joyería y Bijouterie,Joyería y Bijouterie,1.7982956069972968,Joyería y Bijouterie
90186B,CRYSTAL HOOP EARRING FLORAL LEAF,31,57,168.26,2.95,22,Joyería y Bijouterie,['Joyería y Bijouterie'],1,Joyería y Bijouterie,Joyería y Bijouterie,1.8898953772967253,Joyería y Bijouterie
90187A,BLUE DROP EARRINGS W BEAD CLUSTER,7,8,27.04,3.38,18,Joyería y Bijouterie,['Joyería y Bijouterie'],1,Joyería y Bijouterie,Joyería y Bijouterie,2.056703088618758,Joyería y Bijouterie
90187B,GREEN DROP EARRINGS W BEAD CLUSTER,15,21,70.6,3.37,18,Joyería y Bijouterie,['Joyería y Bijouterie'],1,Joyería y Bijouterie,Joyería y Bijouterie,2.1051126974935213,Joyería y Bijouterie
90188,DROP EARRINGS W FLOWER LEAF,20,23,58.5,2.55,18,Joyería y Bijouterie,['Joyería y Bijouterie'],1,Joyería y Bijouterie,Joyería y Bijouterie,2.2189863709321997,Joyería y Bijouterie
90189A,SILVER 2 STRAND NECKLACE LEAF CHARM,8,11,82.64,7.52,28,Joyería y Bijouterie,['Joyería y Bijouterie'],1,Joyería y Bijouterie,Joyería y Bijouterie,2.7324181414270496,Joyería y Bijouterie
90189B,GOLD 2 STRAND NECKLACE LEAF CHARMS,2,3,22.5,7.5,28,Joyería y Bijouterie,['Joyería y Bijouterie'],1,Joyería y Bijouterie,Joyería y Bijouterie,2.4394763659494325,Joyería y Bijouterie
90190A,SILVER CRYSTAL DROP EARRINGS W LEAF,31,44,129.59,2.94,18,Joyería y Bijouterie,['Joyería y Bijouterie'],1,Joyería y Bijouterie,Joyería y Bijouterie,2.180419560494813,Joyería y Bijouterie
90190B,GOLD AMBER DROP EARRINGS W LEAF,15,45,132.58,2.94,18,Joyería y Bijouterie,['Joyería y Bijouterie'],1,Joyería y Bijouterie,Joyería y Bijouterie,2.096797999655637,Joyería y Bijouterie
90190C,SILVER AMETHYST DROP EARRINGS LEAF,36,55,161.82,2.94,18,Joyería y Bijouterie,['Joyería y Bijouterie'],1,Joyería y Bijouterie,Joyería y Bijouterie,2.007845216879031,Joyería y Bijouterie
90191,SILVER LARIAT 40CM,21,40,342.6,11.32,22,,[],0,Sin regla,Cocina y Mesa,0.1774758953626704,Sin clasificar
90192,JADE DROP EARRINGS W FILIGREE,53,94,469.18,5.02,18,Joyería y Bijouterie,['Joyería y Bijouterie'],1,Joyería y Bijouterie,Joyería y Bijouterie,1.902465732026703,Joyería y Bijouterie
90194,SILVER LARIAT BLACK STONE EARRINGS,21,32,135.84,4.24,18,Joyería y Bijouterie,['Joyería y Bijouterie'],1,Joyería y Bijouterie,Joyería y Bijouterie,1.9920239745623705,Joyería y Bijouterie
90195A,PURPLE GEMSTONE BRACELET,44,70,585.2,8.69,5,Joyería y Bijouterie,['Joyería y Bijouterie'],1,Joyería y Bijouterie,Joyería y Bijouterie,1.971461806321806,Joyería y Bijouterie
90195B,BLACK GEMSTONE BRACELET,26,52,460.69,8.77,5,Joyería y Bijouterie,['Joyería y Bijouterie'],1,Joyería y Bijouterie,Joyería y Bijouterie,1.9953665022555822,Joyería y Bijouterie
90196A,PURPLE GEMSTONE NECKLACE 45CM,11,19,242.25,12.75,28,Joyería y Bijouterie,['Joyería y Bijouterie'],1,Joyería y Bijouterie,Joyería y Bijouterie,1.933769506214806,Joyería y Bijouterie
90196B,BLACK GEMSTONE NECKLACE 45CM,14,19,241.98,12.73,28,Joyería y Bijouterie,['Joyería y Bijouterie'],1,Joyería y Bijouterie,Joyería y Bijouterie,1.9283740136658492,Joyería y Bijouterie
90197B,BLACK GLASS BRACELET W HEART CHARMS,51,64,322.52,5.05,5,Joyería y Bijouterie,['Joyería y Bijouterie'],1,Joyería y Bijouterie,Joyería y Bijouterie,2.443611861342428,Joyería y Bijouterie
90197D,AMBER GLASS BRACELET HEART CHARMS,4,9,44.55,4.95,5,Joyería y Bijouterie,['Joyería y Bijouterie'],1,Joyería y Bijouterie,Joyería y Bijouterie,2.484462296988787,Joyería y Bijouterie
90198A,VINTAGE ROSE BEAD BRACELET RASPBERR,84,144,609.43,4.22,5,Joyería y Bijouterie,['Joyería y Bijouterie'],1,Joyería y Bijouterie,Joyería y Bijouterie,1.8916283894442074,Joyería y Bijouterie
90198B,VINTAGE ROSE BEAD BRACELET BLACK,49,104,441.9,4.24,5,Joyería y Bijouterie,['Joyería y Bijouterie'],1,Joyería y Bijouterie,Joyería y Bijouterie,2.0011607027417186,Joyería y Bijouterie
90199A,5 STRAND GLASS NECKLACE BLACK,16,22,139.5,6.34,28,Joyería y Bijouterie,['Joyería y Bijouterie'],1,Joyería y Bijouterie,Joyería y Bijouterie,2.0148704836841054,Joyería y Bijouterie
90199B,5 STRAND GLASS NECKLACE AMETHYST,31,36,228.61,6.35,28,Joyería y Bijouterie,['Joyería y Bijouterie'],1,Joyería y Bijouterie,Joyería y Bijouterie,1.995754211675461,Joyería y Bijouterie
90199C,5 STRAND GLASS NECKLACE CRYSTAL,33,99,585.29,6.31,28,Joyería y Bijouterie,['Joyería y Bijouterie'],1,Joyería y Bijouterie,Joyería y Bijouterie,2.19095099529271,Joyería y Bijouterie
90199D,5 STRAND GLASS NECKLACE AMBER,16,22,139.28,6.32,28,Joyería y Bijouterie,['Joyería y Bijouterie'],1,Joyería y Bijouterie,Joyería y Bijouterie,2.0787645497511553,Joyería y Bijouterie
90200A,PURPLE SWEETHEART BRACELET,99,177,749.69,4.23,30,Joyería y Bijouterie,['Joyería y Bijouterie'],1,Joyería y Bijouterie,Joyería y Bijouterie,1.9612893729182477,Joyería y Bijouterie
90200B,BLACK SWEETHEART BRACELET,84,183,775.45,4.23,30,Joyería y Bijouterie,['Joyería y Bijouterie'],1,Joyería y Bijouterie,Joyería y Bijouterie,1.9227892931405641,Joyería y Bijouterie
90200C,BLUE SWEETHEART BRACELET,99,206,874.63,4.24,30,Joyería y Bijouterie,['Joyería y Bijouterie'],1,Joyería y Bijouterie,Joyería y Bijouterie,1.9698884342017984,Joyería y Bijouterie
90200D,PINK SWEETHEART BRACELET,150,327,1372.26,4.22,30,Joyería y Bijouterie,['Joyería y Bijouterie'],1,Joyería y Bijouterie,Joyería y Bijouterie,1.988242352867128,Joyería y Bijouterie
90200E,GREEN SWEETHEART BRACELET,91,209,873.97,4.22,30,Joyería y Bijouterie,['Joyería y Bijouterie'],1,Joyería y Bijouterie,Joyería y Bijouterie,1.9453139854903552,Joyería y Bijouterie
90201A,PURPLE ENAMEL FLOWER RING,54,130,382.84,2.94,36,,[],0,Sin regla,Joyería y Bijouterie,0.019699677614217703,Sin clasificar
90201B,BLACK ENAMEL FLOWER RING,54,154,454.31,2.96,36,,[],0,Sin regla,Cocina y Mesa,0.20465339783009284,Cocina y Mesa
90201C,RED ENAMEL FLOWER RING,46,119,350.94,2.95,36,,[],0,Sin regla,Cocina y Mesa,0.2542185397586192,Cocina y Mesa
90201D,GREEN ENAMEL FLOWER RING,57,133,391.37,2.94,36,,[],0,Sin regla,Cocina y Mesa,0.14579417644600434,Sin clasificar
90202A,PURPLE ENAMEL FLOWER HAIR TIE,23,31,90.9,2.93,36,,[],0,Sin regla,Cocina y Mesa,0.372568777514137,Cocina y Mesa
90202B,WHITE ENAMEL FLOWER HAIR TIE,16,24,70.49,2.94,36,,[],0,Sin regla,Cocina y Mesa,0.5397038064546962,Cocina y Mesa
90202C,GREEN ENAMEL FLOWER HAIR TIE,25,31,91.46,2.95,36,,[],0,Sin regla,Cocina y Mesa,0.5496669423688291,Cocina y Mesa
90202D,PINK ENAMEL FLOWER HAIR TIE,24,48,141.49,2.94,36,,[],0,Sin regla,Cocina y Mesa,0.5777639013799387,Cocina y Mesa
90203,SILVER CHARM NECKLACE 70CM,34,71,534.27,7.55,29,Joyería y Bijouterie,['Joyería y Bijouterie'],1,Joyería y Bijouterie,Joyería y Bijouterie,3.5830836637765264,Joyería y Bijouterie
90204,PAIR OF ENAMEL BUTTERFLY HAIRCLIP,37,50,168.46,3.37,22,,[],0,Sin regla,Cocina y Mesa,0.10383454554052718,Sin clasificar
90205A,LARGE MINT DIAMANTE HAIRSLIDE,22,38,63.46,1.67,22,,[],0,Sin regla,Cocina y Mesa,0.03970719285523383,Sin clasificar
90205C,LARGE CRYSTAL DIAMANTE HAIRSLIDE,24,78,122.31,1.66,22,,[],0,Sin regla,Joyería y Bijouterie,0.34620473853861894,Joyería y Bijouterie
90206A,GOLD DIAMANTE STAR BROOCH,12,16,79.6,4.98,22,,[],0,Sin regla,Joyería y Bijouterie,0.27423589026350026,Joyería y Bijouterie
90206C,CRYSTAL DIAMANTE STAR BROOCH,57,80,402.61,5.04,22,,[],0,Sin regla,Joyería y Bijouterie,0.30296772216162093,Joyería y Bijouterie
90208,PAIR OF PINK FLOWER CLUSTER SLIDE,68,159,386.83,2.52,36,,[],0,Sin regla,Cocina y Mesa,0.1302873531388422,Sin clasificar
90209A,PURPLE ENAMEL GLASS HAIR COMB,10,173,325.5,2.0,22,,[],0,Sin regla,Cocina y Mesa,0.32559685107154024,Cocina y Mesa
90209B,GREEN ENAMEL GLASS HAIR COMB,98,380,730.66,2.09,22,,[],0,Sin regla,Cocina y Mesa,0.4971229023296738,Cocina y Mesa
90209C,PINK ENAMEL GLASS HAIR COMB,66,399,754.46,2.08,22,,[],0,Sin regla,Cocina y Mesa,0.3417618560833141,Cocina y Mesa
90210A,GREY ACRYLIC FACETED BANGLE,21,88,207.34,2.68,22,,[],0,Sin regla,Decoración del Hogar,0.25993599108723453,Decoración del Hogar
90210B,CLEAR ACRYLIC FACETED BANGLE,24,102,232.04,2.71,22,,[],0,Sin regla,Decoración del Hogar,0.18188106110750168,Sin clasificar
90210C,RED ACRYLIC FACETED BANGLE,14,118,186.56,2.42,22,,[],0,Sin regla,Decoración del Hogar,0.27975300667403535,Decoración del Hogar
90210D,PURPLE ACRYLIC FACETED BANGLE,23,142,235.73,2.5,22,,[],0,Sin regla,Decoración del Hogar,0.18067504712087612,Sin clasificar
90211A,DIAMOND LAS VEGAS NECKLACE 45CM,21,28,166.57,5.96,28,Joyería y Bijouterie,['Joyería y Bijouterie'],1,Joyería y Bijouterie,Joyería y Bijouterie,1.9537503940032912,Joyería y Bijouterie
90211B,JET BLACK LAS VEGAS NECKLACE 45CM,26,35,208.21,5.95,28,Joyería y Bijouterie,['Joyería y Bijouterie'],1,Joyería y Bijouterie,Joyería y Bijouterie,1.9808460956659513,Joyería y Bijouterie
90212B,JET BLACK LAS VEGAS BRACELET ROUND,28,37,140.07,3.8,5,Joyería y Bijouterie,['Joyería y Bijouterie'],1,Joyería y Bijouterie,Joyería y Bijouterie,1.961868485822007,Joyería y Bijouterie
90212C,PURPLE LAS VEGAS BRACELET ROUND,7,15,56.25,3.75,5,Joyería y Bijouterie,['Joyería y Bijouterie'],1,Joyería y Bijouterie,Joyería y Bijouterie,1.9250784657682054,Joyería y Bijouterie
90214A,LETTER A BLING KEY RING,104,213,213.65,1.05,3,Joyería y Bijouterie,['Joyería y Bijouterie'],1,Joyería y Bijouterie,Joyería y Bijouterie,1.965653454574685,Joyería y Bijouterie
90214B,LETTER B BLING KEY RING,40,75,72.33,1.02,3,Joyería y Bijouterie,['Joyería y Bijouterie'],1,Joyería y Bijouterie,Joyería y Bijouterie,1.9890974145465101,Joyería y Bijouterie
90214C,LETTER C BLING KEY RING,69,165,162.53,1.02,3,Joyería y Bijouterie,['Joyería y Bijouterie'],1,Joyería y Bijouterie,Joyería y Bijouterie,2.002009917603296,Joyería y Bijouterie
90214D,LETTER D BLING KEY RING,50,100,90.82,1.02,3,Joyería y Bijouterie,['Joyería y Bijouterie'],1,Joyería y Bijouterie,Joyería y Bijouterie,1.9746046386138525,Joyería y Bijouterie
90214E,LETTER E BLING KEY RING,67,142,139.28,1.07,3,Joyería y Bijouterie,['Joyería y Bijouterie'],1,Joyería y Bijouterie,Joyería y Bijouterie,2.002009917603296,Joyería y Bijouterie
90214F,LETTER F BLING KEY RING,27,44,36.28,0.96,3,Joyería y Bijouterie,['Joyería y Bijouterie'],1,Joyería y Bijouterie,Joyería y Bijouterie,1.9711915662789616,Joyería y Bijouterie
90214G,LETTER G BLING KEY RING,48,100,93.18,1.03,3,Joyería y Bijouterie,['Joyería y Bijouterie'],1,Joyería y Bijouterie,Joyería y Bijouterie,2.002009917603296,Joyería y Bijouterie
90214H,LETTER H BLING KEY RING,53,83,77.71,0.98,3,Joyería y Bijouterie,['Joyería y Bijouterie'],1,Joyería y Bijouterie,Joyería y Bijouterie,2.002009917603296,Joyería y Bijouterie
90214I,LETTER I BLING KEY RING,27,62,61.0,1.08,3,Joyería y Bijouterie,['Joyería y Bijouterie'],1,Joyería y Bijouterie,Joyería y Bijouterie,1.9831853836036804,Joyería y Bijouterie
90214J,LETTER J BLING KEY RING,88,157,161.47,1.05,3,Joyería y Bijouterie,['Joyería y Bijouterie'],1,Joyería y Bijouterie,Joyería y Bijouterie,2.002009917603296,Joyería y Bijouterie
90214K,LETTER K BLING KEY RING,83,154,158.4,1.12,3,Joyería y Bijouterie,['Joyería y Bijouterie'],1,Joyería y Bijouterie,Joyería y Bijouterie,2.002009917603296,Joyería y Bijouterie
90214L,LETTER L BLING KEY RING,68,176,166.06,1.02,3,Joyería y Bijouterie,['Joyería y Bijouterie'],1,Joyería y Bijouterie,Joyería y Bijouterie,1.9763265052113603,Joyería y Bijouterie
90214M,LETTER M BLING KEY RING,64,138,139.82,1.09,3,Joyería y Bijouterie,['Joyería y Bijouterie'],1,Joyería y Bijouterie,Joyería y Bijouterie,1.9836788056125414,Joyería y Bijouterie
90214N,LETTER N BLING KEY RING,44,78,76.4,1.05,3,Joyería y Bijouterie,['Joyería y Bijouterie'],1,Joyería y Bijouterie,Joyería y Bijouterie,2.002009917603296,Joyería y Bijouterie
90214O,LETTER O BLING KEY RING,18,36,31.42,1.08,3,Joyería y Bijouterie,['Joyería y Bijouterie'],1,Joyería y Bijouterie,Joyería y Bijouterie,1.9787069467559746,Joyería y Bijouterie
90214P,LETTER P BLING KEY RING,33,77,66.59,1.04,3,Joyería y Bijouterie,['Joyería y Bijouterie'],1,Joyería y Bijouterie,Joyería y Bijouterie,1.9791737697930056,Joyería y Bijouterie
90214R,LETTER R BLING KEY RING,50,91,93.73,1.09,3,Joyería y Bijouterie,['Joyería y Bijouterie'],1,Joyería y Bijouterie,Joyería y Bijouterie,2.002009917603296,Joyería y Bijouterie
90214S,LETTER S BLING KEY RING,86,184,181.34,1.04,3,Joyería y Bijouterie,['Joyería y Bijouterie'],1,Joyería y Bijouterie,Joyería y Bijouterie,1.9737939122766213,Joyería y Bijouterie
90214T,LETTER T BLING KEY RING,24,57,55.57,1.07,3,Joyería y Bijouterie,['Joyería y Bijouterie'],1,Joyería y Bijouterie,Joyería y Bijouterie,1.9722103335954255,Joyería y Bijouterie
90214U,LETTER U BLING KEY RING,2,13,4.73,0.77,3,Joyería y Bijouterie,['Joyería y Bijouterie'],1,Joyería y Bijouterie,Joyería y Bijouterie,2.002009917603296,Joyería y Bijouterie
90214V,LETTER V BLING KEY RING,24,38,28.98,0.95,3,Joyería y Bijouterie,['Joyería y Bijouterie'],1,Joyería y Bijouterie,Joyería y Bijouterie,2.002009917603296,Joyería y Bijouterie
90214W,LETTER W BLING KEY RING,8,19,10.17,0.87,3,Joyería y Bijouterie,['Joyería y Bijouterie'],1,Joyería y Bijouterie,Joyería y Bijouterie,1.9885833626306584,Joyería y Bijouterie
90214Y,LETTER Y BLING KEY RING,10,68,25.34,0.85,3,Joyería y Bijouterie,['Joyería y Bijouterie'],1,Joyería y Bijouterie,Joyería y Bijouterie,2.002009917603296,Joyería y Bijouterie
90214Z,LETTER Z BLING KEY RING,18,31,21.49,0.9,3,Joyería y Bijouterie,['Joyería y Bijouterie'],1,Joyería y Bijouterie,Joyería y Bijouterie,2.002009917603296,Joyería y Bijouterie
DCGS0003,BOXED GLASS ASHTRAY,13,13,32.59,2.51,22,,[],0,Sin regla,Cajas y Almacenamiento,0.06447685284767313,Sin clasificar
DCGS0004,HAYNES CAMPER SHOULDER BAG,4,4,67.94,16.98,6,Bolsos y Carteras,['Bolsos y Carteras'],1,Bolsos y Carteras,Bolsos y Carteras,1.9826783683090838,Bolsos y Carteras
DCGS0037,KEY RING CORKSCREW,1,1,12.72,12.72,3,Joyería y Bijouterie,['Joyería y Bijouterie'],1,Joyería y Bijouterie,Joyería y Bijouterie,1.8354089036248942,Joyería y Bijouterie
DCGS0041,HAYNES MINI COOPER PLAYING CARDS,1,1,5.06,5.06,25,Papelería y Tarjetería,['Papelería y Tarjetería'],1,Papelería y Tarjetería,Papelería y Tarjetería,2.0225202188944875,Papelería y Tarjetería
DCGS0044,HANDZ OFF CAR FRESHENER,1,1,2.57,2.57,22,,[],0,Sin regla,Papelería y Tarjetería,0.1295752357589287,Sin clasificar
DCGS0058,MISO PRETTY GUM,30,42,34.82,0.83,22,,[],0,Sin regla,Papelería y Tarjetería,0.2530999467985139,Papelería y Tarjetería
DCGS0062,ROAD RAGE CAR FRESHENER,1,1,2.51,2.51,22,,[],0,Sin regla,Papelería y Tarjetería,0.15215014283704598,Sin clasificar
DCGS0066N,NAVY CUDDLES DOG HOODIE,2,2,17.3,8.65,22,,[],0,Sin regla,Papelería y Tarjetería,0.048553702146295064,Sin clasificar
DCGS0068,DOGS NIGHT COLLAR,2,2,17.12,8.56,22,,[],0,Sin regla,Velas e Iluminación,0.5409315481312111,Velas e Iluminación
DCGS0069,OOH LA LA DOGS COLLAR,5,5,80.31,16.06,22,,[],0,Sin regla,Cocina y Mesa,0.08650135895675648,Sin clasificar
DCGS0070,CAMOUFLAGE DOG COLLAR,2,2,25.44,12.72,22,,[],0,Sin regla,Papelería y Tarjetería,0.2080067381805628,Papelería y Tarjetería
DCGS0072,CAT CAMOUFLAGUE COLLAR,3,4,20.68,5.17,22,,[],0,Sin regla,Papelería y Tarjetería,0.13431771619265886,Sin clasificar
DCGS0075,CAMOUFLAGUE DOG LEAD,1,1,12.72,12.72,22,,[],0,Sin regla,Papelería y Tarjetería,0.22546585439831685,Papelería y Tarjetería
DCGS0076,SUNJAR LED NIGHT NIGHT LIGHT,14,17,275.96,16.26,22,Velas e Iluminación,['Velas e Iluminación'],1,Velas e Iluminación,Velas e Iluminación,2.0034857260563133,Velas e Iluminación
DCGSSBOY,BOYS PARTY BAG,21,77,251.35,3.23,6,Pascua y Fiestas,"['Pascua y Fiestas', 'Bolsos y Carteras']",2,Pascua y Fiestas,Pascua y Fiestas,1.7805148484501674,Pascua y Fiestas
DCGSSGIRL,GIRLS PARTY BAG,23,92,295.63,3.23,6,Pascua y Fiestas,"['Pascua y Fiestas', 'Bolsos y Carteras']",2,Pascua y Fiestas,Pascua y Fiestas,1.8101554708836196,Pascua y Fiestas
SP1002,KID S CHALKBOARD EASEL,2,5,14.75,2.95,22,Decoración del Hogar,['Decoración del Hogar'],1,Decoración del Hogar,Decoración del Hogar,1.8912367118490128,Decoración del Hogar
